2026-06-03T00:00:40.316-03:00  INFO 14008 --- [blog] [restartedMain] b.c.f.j.blog.backend.BackendApplication  : Starting BackendApplication using Java 21.0.11 with PID 14008 (C:\Users\carol\OneDrive\Área de Trabalho\FIAP\Global - 1Sem\Java\backend\target\classes started by carol in C:\Users\carol\OneDrive\Área de Trabalho\FIAP\Global - 1Sem\Java\backend)
2026-06-03T00:00:40.326-03:00  INFO 14008 --- [blog] [restartedMain] b.c.f.j.blog.backend.BackendApplication  : No active profile set, falling back to 1 default profile: "default"
2026-06-03T00:00:40.408-03:00  INFO 14008 --- [blog] [restartedMain] o.s.b.devtools.restart.ChangeableUrls    : The Class-Path manifest attribute in C:\Users\carol\.m2\repository\com\oracle\database\jdbc\ojdbc11\23.7.0.25.01\ojdbc11-23.7.0.25.01.jar referenced one or more files that do not exist: file:/C:/Users/carol/.m2/repository/com/oracle/database/jdbc/ojdbc11/23.7.0.25.01/oraclepki.jar
2026-06-03T00:00:40.409-03:00  INFO 14008 --- [blog] [restartedMain] .e.DevToolsPropertyDefaultsPostProcessor : Devtools property defaults active! Set 'spring.devtools.add-properties' to 'false' to disable
2026-06-03T00:00:40.409-03:00  INFO 14008 --- [blog] [restartedMain] .e.DevToolsPropertyDefaultsPostProcessor : For additional web related logging consider setting the 'logging.level.web' property to 'DEBUG'
2026-06-03T00:00:42.205-03:00  INFO 14008 --- [blog] [restartedMain] .s.d.r.c.RepositoryConfigurationDelegate : Bootstrapping Spring Data JPA repositories in DEFAULT mode.
2026-06-03T00:00:42.313-03:00  INFO 14008 --- [blog] [restartedMain] .s.d.r.c.RepositoryConfigurationDelegate : Finished Spring Data repository scanning in 89 ms. Found 6 JPA repository interfaces.
2026-06-03T00:00:43.094-03:00  INFO 14008 --- [blog] [restartedMain] o.s.b.w.embedded.tomcat.TomcatWebServer  : Tomcat initialized with port 8080 (http)
2026-06-03T00:00:43.118-03:00  INFO 14008 --- [blog] [restartedMain] o.apache.catalina.core.StandardService   : Starting service [Tomcat]
2026-06-03T00:00:43.118-03:00  INFO 14008 --- [blog] [restartedMain] o.apache.catalina.core.StandardEngine    : Starting Servlet engine: [Apache Tomcat/10.1.41]
2026-06-03T00:00:43.175-03:00  INFO 14008 --- [blog] [restartedMain] o.a.c.c.C.[Tomcat].[localhost].[/]       : Initializing Spring embedded WebApplicationContext
2026-06-03T00:00:43.175-03:00  INFO 14008 --- [blog] [restartedMain] w.s.c.ServletWebServerApplicationContext : Root WebApplicationContext: initialization completed in 2765 ms
2026-06-03T00:00:43.375-03:00  INFO 14008 --- [blog] [restartedMain] o.hibernate.jpa.internal.util.LogHelper  : HHH000204: Processing PersistenceUnitInfo [name: default]
2026-06-03T00:00:43.459-03:00  INFO 14008 --- [blog] [restartedMain] org.hibernate.Version                    : HHH000412: Hibernate ORM core version 6.6.15.Final
2026-06-03T00:00:43.510-03:00  INFO 14008 --- [blog] [restartedMain] o.h.c.internal.RegionFactoryInitiator    : HHH000026: Second-level cache disabled
2026-06-03T00:00:43.896-03:00  INFO 14008 --- [blog] [restartedMain] o.s.o.j.p.SpringPersistenceUnitInfo      : No LoadTimeWeaver setup: ignoring JPA class transformer
2026-06-03T00:00:43.935-03:00  INFO 14008 --- [blog] [restartedMain] com.zaxxer.hikari.HikariDataSource       : blogHikariConnectionPool - Starting...
2026-06-03T00:00:44.329-03:00  INFO 14008 --- [blog] [restartedMain] com.zaxxer.hikari.pool.HikariPool        : blogHikariConnectionPool - Added connection conn0: url=jdbc:h2:mem:blogdb user=SA
2026-06-03T00:00:44.333-03:00  INFO 14008 --- [blog] [restartedMain] com.zaxxer.hikari.HikariDataSource       : blogHikariConnectionPool - Start completed.
2026-06-03T00:00:44.424-03:00  INFO 14008 --- [blog] [restartedMain] org.hibernate.orm.connections.pooling    : HHH10001005: Database info:
	Database JDBC URL [Connecting through datasource 'HikariDataSource (blogHikariConnectionPool)']
	Database driver: undefined/unknown
	Database version: 2.3.232
	Autocommit mode: undefined/unknown
	Isolation level: undefined/unknown
	Minimum pool size: undefined/unknown
	Maximum pool size: undefined/unknown
2026-06-03T00:00:44.959-03:00 ERROR 14008 --- [blog] [restartedMain] j.LocalContainerEntityManagerFactoryBean : Failed to initialize JPA EntityManagerFactory: [PersistenceUnit: default] Unable to build Hibernate SessionFactory; nested exception is org.hibernate.MappingException: Column 'lograd_end' is duplicated in mapping for entity 'br.com.fiap.javaadv.blog.backend.domainmodel.entities.EnderecoPlantio' (use '@Column(insertable=false, updatable=false)' when mapping multiple properties to the same column)
2026-06-03T00:00:44.960-03:00 ERROR 14008 --- [blog] [restartedMain] o.s.b.web.embedded.tomcat.TomcatStarter  : Error starting Tomcat context. Exception: org.springframework.beans.factory.UnsatisfiedDependencyException. Message: Error creating bean with name 'jwtAuthFilter': Unsatisfied dependency expressed through field 'userDetailsService': Error creating bean with name 'userDetailsServiceImp' defined in file [C:\Users\carol\OneDrive\Área de Trabalho\FIAP\Global - 1Sem\Java\backend\target\classes\br\com\fiap\javaadv\blog\backend\services\UserDetailsServiceImp.class]: Unsatisfied dependency expressed through constructor parameter 0: Error creating bean with name 'usuarioRepository' defined in br.com.fiap.javaadv.blog.backend.datasource.repositories.UsuarioRepository defined in @EnableJpaRepositories declared on JpaRepositoriesRegistrar.EnableJpaRepositoriesConfiguration: Cannot resolve reference to bean 'jpaSharedEM_entityManagerFactory' while setting bean property 'entityManager'
2026-06-03T00:00:44.991-03:00  INFO 14008 --- [blog] [restartedMain] o.apache.catalina.core.StandardService   : Stopping service [Tomcat]
2026-06-03T00:00:44.994-03:00  WARN 14008 --- [blog] [restartedMain] o.a.c.loader.WebappClassLoaderBase       : The web application [ROOT] appears to have started a thread named [blogHikariConnectionPool:housekeeper] but has failed to stop it. This is very likely to create a memory leak. Stack trace of thread:
 java.base/jdk.internal.misc.Unsafe.park(Native Method)
 java.base/java.util.concurrent.locks.LockSupport.parkNanos(LockSupport.java:269)
 java.base/java.util.concurrent.locks.AbstractQueuedSynchronizer$ConditionObject.awaitNanos(AbstractQueuedSynchronizer.java:1797)
 java.base/java.util.concurrent.ScheduledThreadPoolExecutor$DelayedWorkQueue.take(ScheduledThreadPoolExecutor.java:1182)
 java.base/java.util.concurrent.ScheduledThreadPoolExecutor$DelayedWorkQueue.take(ScheduledThreadPoolExecutor.java:899)
 java.base/java.util.concurrent.ThreadPoolExecutor.getTask(ThreadPoolExecutor.java:1070)
 java.base/java.util.concurrent.ThreadPoolExecutor.runWorker(ThreadPoolExecutor.java:1130)
 java.base/java.util.concurrent.ThreadPoolExecutor$Worker.run(ThreadPoolExecutor.java:642)
 java.base/java.lang.Thread.run(Thread.java:1583)
2026-06-03T00:00:44.995-03:00  WARN 14008 --- [blog] [restartedMain] o.a.c.loader.WebappClassLoaderBase       : The web application [ROOT] appears to have started a thread named [blogHikariConnectionPool:connection-adder] but has failed to stop it. This is very likely to create a memory leak. Stack trace of thread:
 java.base/jdk.internal.misc.Unsafe.park(Native Method)
 java.base/java.util.concurrent.locks.LockSupport.parkNanos(LockSupport.java:269)
 java.base/java.util.concurrent.locks.AbstractQueuedSynchronizer$ConditionObject.awaitNanos(AbstractQueuedSynchronizer.java:1797)
 java.base/java.util.concurrent.LinkedBlockingQueue.poll(LinkedBlockingQueue.java:460)
 java.base/java.util.concurrent.ThreadPoolExecutor.getTask(ThreadPoolExecutor.java:1069)
 java.base/java.util.concurrent.ThreadPoolExecutor.runWorker(ThreadPoolExecutor.java:1130)
 java.base/java.util.concurrent.ThreadPoolExecutor$Worker.run(ThreadPoolExecutor.java:642)
 java.base/java.lang.Thread.run(Thread.java:1583)
2026-06-03T00:00:44.999-03:00  WARN 14008 --- [blog] [restartedMain] ConfigServletWebServerApplicationContext : Exception encountered during context initialization - cancelling refresh attempt: org.springframework.context.ApplicationContextException: Unable to start web server
2026-06-03T00:00:45.007-03:00  WARN 14008 --- [blog] [restartedMain] o.s.b.f.support.DisposableBeanAdapter    : Invocation of destroy method failed on bean with name 'inMemoryDatabaseShutdownExecutor': org.h2.jdbc.JdbcSQLNonTransientConnectionException: Database is already closed (to disable automatic closing at VM shutdown, add ";DB_CLOSE_ON_EXIT=FALSE" to the db URL) [90121-232]
2026-06-03T00:00:45.007-03:00  INFO 14008 --- [blog] [restartedMain] com.zaxxer.hikari.HikariDataSource       : blogHikariConnectionPool - Shutdown initiated...
2026-06-03T00:00:45.009-03:00  INFO 14008 --- [blog] [restartedMain] com.zaxxer.hikari.HikariDataSource       : blogHikariConnectionPool - Shutdown completed.
2026-06-03T00:00:45.019-03:00  INFO 14008 --- [blog] [restartedMain] .s.b.a.l.ConditionEvaluationReportLogger : 

Error starting ApplicationContext. To display the condition evaluation report re-run your application with 'debug' enabled.
2026-06-03T00:00:45.044-03:00 ERROR 14008 --- [blog] [restartedMain] o.s.boot.SpringApplication               : Application run failed

org.springframework.context.ApplicationContextException: Unable to start web server
	at org.springframework.boot.web.servlet.context.ServletWebServerApplicationContext.onRefresh(ServletWebServerApplicationContext.java:170) ~[spring-boot-3.5.0.jar:3.5.0]
	at org.springframework.context.support.AbstractApplicationContext.refresh(AbstractApplicationContext.java:621) ~[spring-context-6.2.7.jar:6.2.7]
	at org.springframework.boot.web.servlet.context.ServletWebServerApplicationContext.refresh(ServletWebServerApplicationContext.java:146) ~[spring-boot-3.5.0.jar:3.5.0]
	at org.springframework.boot.SpringApplication.refresh(SpringApplication.java:753) ~[spring-boot-3.5.0.jar:3.5.0]
	at org.springframework.boot.SpringApplication.refreshContext(SpringApplication.java:439) ~[spring-boot-3.5.0.jar:3.5.0]
	at org.springframework.boot.SpringApplication.run(SpringApplication.java:318) ~[spring-boot-3.5.0.jar:3.5.0]
	at org.springframework.boot.SpringApplication.run(SpringApplication.java:1362) ~[spring-boot-3.5.0.jar:3.5.0]
	at org.springframework.boot.SpringApplication.run(SpringApplication.java:1351) ~[spring-boot-3.5.0.jar:3.5.0]
	at br.com.fiap.javaadv.blog.backend.BackendApplication.main(BackendApplication.java:12) ~[classes/:na]
	at java.base/jdk.internal.reflect.DirectMethodHandleAccessor.invoke(DirectMethodHandleAccessor.java:103) ~[na:na]
	at java.base/java.lang.reflect.Method.invoke(Method.java:580) ~[na:na]
	at org.springframework.boot.devtools.restart.RestartLauncher.run(RestartLauncher.java:50) ~[spring-boot-devtools-3.5.0.jar:3.5.0]
Caused by: org.springframework.boot.web.server.WebServerException: Unable to start embedded Tomcat
	at org.springframework.boot.web.embedded.tomcat.TomcatWebServer.initialize(TomcatWebServer.java:147) ~[spring-boot-3.5.0.jar:3.5.0]
	at org.springframework.boot.web.embedded.tomcat.TomcatWebServer.<init>(TomcatWebServer.java:107) ~[spring-boot-3.5.0.jar:3.5.0]
	at org.springframework.boot.web.embedded.tomcat.TomcatServletWebServerFactory.getTomcatWebServer(TomcatServletWebServerFactory.java:517) ~[spring-boot-3.5.0.jar:3.5.0]
	at org.springframework.boot.web.embedded.tomcat.TomcatServletWebServerFactory.getWebServer(TomcatServletWebServerFactory.java:219) ~[spring-boot-3.5.0.jar:3.5.0]
	at org.springframework.boot.web.servlet.context.ServletWebServerApplicationContext.createWebServer(ServletWebServerApplicationContext.java:193) ~[spring-boot-3.5.0.jar:3.5.0]
	at org.springframework.boot.web.servlet.context.ServletWebServerApplicationContext.onRefresh(ServletWebServerApplicationContext.java:167) ~[spring-boot-3.5.0.jar:3.5.0]
	... 11 common frames omitted
Caused by: org.springframework.beans.factory.UnsatisfiedDependencyException: Error creating bean with name 'jwtAuthFilter': Unsatisfied dependency expressed through field 'userDetailsService': Error creating bean with name 'userDetailsServiceImp' defined in file [C:\Users\carol\OneDrive\Área de Trabalho\FIAP\Global - 1Sem\Java\backend\target\classes\br\com\fiap\javaadv\blog\backend\services\UserDetailsServiceImp.class]: Unsatisfied dependency expressed through constructor parameter 0: Error creating bean with name 'usuarioRepository' defined in br.com.fiap.javaadv.blog.backend.datasource.repositories.UsuarioRepository defined in @EnableJpaRepositories declared on JpaRepositoriesRegistrar.EnableJpaRepositoriesConfiguration: Cannot resolve reference to bean 'jpaSharedEM_entityManagerFactory' while setting bean property 'entityManager'
	at org.springframework.beans.factory.annotation.AutowiredAnnotationBeanPostProcessor$AutowiredFieldElement.resolveFieldValue(AutowiredAnnotationBeanPostProcessor.java:788) ~[spring-beans-6.2.7.jar:6.2.7]
	at org.springframework.beans.factory.annotation.AutowiredAnnotationBeanPostProcessor$AutowiredFieldElement.inject(AutowiredAnnotationBeanPostProcessor.java:768) ~[spring-beans-6.2.7.jar:6.2.7]
	at org.springframework.beans.factory.annotation.InjectionMetadata.inject(InjectionMetadata.java:146) ~[spring-beans-6.2.7.jar:6.2.7]
	at org.springframework.beans.factory.annotation.AutowiredAnnotationBeanPostProcessor.postProcessProperties(AutowiredAnnotationBeanPostProcessor.java:509) ~[spring-beans-6.2.7.jar:6.2.7]
	at org.springframework.beans.factory.support.AbstractAutowireCapableBeanFactory.populateBean(AbstractAutowireCapableBeanFactory.java:1459) ~[spring-beans-6.2.7.jar:6.2.7]
	at org.springframework.beans.factory.support.AbstractAutowireCapableBeanFactory.doCreateBean(AbstractAutowireCapableBeanFactory.java:606) ~[spring-beans-6.2.7.jar:6.2.7]
	at org.springframework.beans.factory.support.AbstractAutowireCapableBeanFactory.createBean(AbstractAutowireCapableBeanFactory.java:529) ~[spring-beans-6.2.7.jar:6.2.7]
	at org.springframework.beans.factory.support.AbstractBeanFactory.lambda$doGetBean$0(AbstractBeanFactory.java:339) ~[spring-beans-6.2.7.jar:6.2.7]
	at org.springframework.beans.factory.support.DefaultSingletonBeanRegistry.getSingleton(DefaultSingletonBeanRegistry.java:373) ~[spring-beans-6.2.7.jar:6.2.7]
	at org.springframework.beans.factory.support.AbstractBeanFactory.doGetBean(AbstractBeanFactory.java:337) ~[spring-beans-6.2.7.jar:6.2.7]
	at org.springframework.beans.factory.support.AbstractBeanFactory.getBean(AbstractBeanFactory.java:207) ~[spring-beans-6.2.7.jar:6.2.7]
	at org.springframework.boot.web.servlet.ServletContextInitializerBeans.getOrderedBeansOfType(ServletContextInitializerBeans.java:230) ~[spring-boot-3.5.0.jar:3.5.0]
	at org.springframework.boot.web.servlet.ServletContextInitializerBeans.addAsRegistrationBean(ServletContextInitializerBeans.java:184) ~[spring-boot-3.5.0.jar:3.5.0]
	at org.springframework.boot.web.servlet.ServletContextInitializerBeans.addAsRegistrationBean(ServletContextInitializerBeans.java:179) ~[spring-boot-3.5.0.jar:3.5.0]
	at org.springframework.boot.web.servlet.ServletContextInitializerBeans.addAdaptableBeans(ServletContextInitializerBeans.java:164) ~[spring-boot-3.5.0.jar:3.5.0]
	at org.springframework.boot.web.servlet.ServletContextInitializerBeans.<init>(ServletContextInitializerBeans.java:96) ~[spring-boot-3.5.0.jar:3.5.0]
	at org.springframework.boot.web.servlet.context.ServletWebServerApplicationContext.getServletContextInitializerBeans(ServletWebServerApplicationContext.java:271) ~[spring-boot-3.5.0.jar:3.5.0]
	at org.springframework.boot.web.servlet.context.ServletWebServerApplicationContext.selfInitialize(ServletWebServerApplicationContext.java:245) ~[spring-boot-3.5.0.jar:3.5.0]
	at org.springframework.boot.web.embedded.tomcat.TomcatStarter.onStartup(TomcatStarter.java:52) ~[spring-boot-3.5.0.jar:3.5.0]
	at org.apache.catalina.core.StandardContext.startInternal(StandardContext.java:4464) ~[tomcat-embed-core-10.1.41.jar:10.1.41]
	at org.apache.catalina.util.LifecycleBase.start(LifecycleBase.java:164) ~[tomcat-embed-core-10.1.41.jar:10.1.41]
	at org.apache.catalina.core.ContainerBase$StartChild.call(ContainerBase.java:1203) ~[tomcat-embed-core-10.1.41.jar:10.1.41]
	at org.apache.catalina.core.ContainerBase$StartChild.call(ContainerBase.java:1193) ~[tomcat-embed-core-10.1.41.jar:10.1.41]
	at java.base/java.util.concurrent.FutureTask.run(FutureTask.java:317) ~[na:na]
	at org.apache.tomcat.util.threads.InlineExecutorService.execute(InlineExecutorService.java:75) ~[tomcat-embed-core-10.1.41.jar:10.1.41]
	at java.base/java.util.concurrent.AbstractExecutorService.submit(AbstractExecutorService.java:145) ~[na:na]
	at org.apache.catalina.core.ContainerBase.startInternal(ContainerBase.java:749) ~[tomcat-embed-core-10.1.41.jar:10.1.41]
	at org.apache.catalina.core.StandardHost.startInternal(StandardHost.java:772) ~[tomcat-embed-core-10.1.41.jar:10.1.41]
	at org.apache.catalina.util.LifecycleBase.start(LifecycleBase.java:164) ~[tomcat-embed-core-10.1.41.jar:10.1.41]
	at org.apache.catalina.core.ContainerBase$StartChild.call(ContainerBase.java:1203) ~[tomcat-embed-core-10.1.41.jar:10.1.41]
	at org.apache.catalina.core.ContainerBase$StartChild.call(ContainerBase.java:1193) ~[tomcat-embed-core-10.1.41.jar:10.1.41]
	at java.base/java.util.concurrent.FutureTask.run(FutureTask.java:317) ~[na:na]
	at org.apache.tomcat.util.threads.InlineExecutorService.execute(InlineExecutorService.java:75) ~[tomcat-embed-core-10.1.41.jar:10.1.41]
	at java.base/java.util.concurrent.AbstractExecutorService.submit(AbstractExecutorService.java:145) ~[na:na]
	at org.apache.catalina.core.ContainerBase.startInternal(ContainerBase.java:749) ~[tomcat-embed-core-10.1.41.jar:10.1.41]
	at org.apache.catalina.core.StandardEngine.startInternal(StandardEngine.java:203) ~[tomcat-embed-core-10.1.41.jar:10.1.41]
	at org.apache.catalina.util.LifecycleBase.start(LifecycleBase.java:164) ~[tomcat-embed-core-10.1.41.jar:10.1.41]
	at org.apache.catalina.core.StandardService.startInternal(StandardService.java:412) ~[tomcat-embed-core-10.1.41.jar:10.1.41]
	at org.apache.catalina.util.LifecycleBase.start(LifecycleBase.java:164) ~[tomcat-embed-core-10.1.41.jar:10.1.41]
	at org.apache.catalina.core.StandardServer.startInternal(StandardServer.java:870) ~[tomcat-embed-core-10.1.41.jar:10.1.41]
	at org.apache.catalina.util.LifecycleBase.start(LifecycleBase.java:164) ~[tomcat-embed-core-10.1.41.jar:10.1.41]
	at org.apache.catalina.startup.Tomcat.start(Tomcat.java:438) ~[tomcat-embed-core-10.1.41.jar:10.1.41]
	at org.springframework.boot.web.embedded.tomcat.TomcatWebServer.initialize(TomcatWebServer.java:128) ~[spring-boot-3.5.0.jar:3.5.0]
	... 16 common frames omitted
Caused by: org.springframework.beans.factory.UnsatisfiedDependencyException: Error creating bean with name 'userDetailsServiceImp' defined in file [C:\Users\carol\OneDrive\Área de Trabalho\FIAP\Global - 1Sem\Java\backend\target\classes\br\com\fiap\javaadv\blog\backend\services\UserDetailsServiceImp.class]: Unsatisfied dependency expressed through constructor parameter 0: Error creating bean with name 'usuarioRepository' defined in br.com.fiap.javaadv.blog.backend.datasource.repositories.UsuarioRepository defined in @EnableJpaRepositories declared on JpaRepositoriesRegistrar.EnableJpaRepositoriesConfiguration: Cannot resolve reference to bean 'jpaSharedEM_entityManagerFactory' while setting bean property 'entityManager'
	at org.springframework.beans.factory.support.ConstructorResolver.createArgumentArray(ConstructorResolver.java:804) ~[spring-beans-6.2.7.jar:6.2.7]
	at org.springframework.beans.factory.support.ConstructorResolver.autowireConstructor(ConstructorResolver.java:240) ~[spring-beans-6.2.7.jar:6.2.7]
	at org.springframework.beans.factory.support.AbstractAutowireCapableBeanFactory.autowireConstructor(AbstractAutowireCapableBeanFactory.java:1395) ~[spring-beans-6.2.7.jar:6.2.7]
	at org.springframework.beans.factory.support.AbstractAutowireCapableBeanFactory.createBeanInstance(AbstractAutowireCapableBeanFactory.java:1232) ~[spring-beans-6.2.7.jar:6.2.7]
	at org.springframework.beans.factory.support.AbstractAutowireCapableBeanFactory.doCreateBean(AbstractAutowireCapableBeanFactory.java:569) ~[spring-beans-6.2.7.jar:6.2.7]
	at org.springframework.beans.factory.support.AbstractAutowireCapableBeanFactory.createBean(AbstractAutowireCapableBeanFactory.java:529) ~[spring-beans-6.2.7.jar:6.2.7]
	at org.springframework.beans.factory.support.AbstractBeanFactory.lambda$doGetBean$0(AbstractBeanFactory.java:339) ~[spring-beans-6.2.7.jar:6.2.7]
	at org.springframework.beans.factory.support.DefaultSingletonBeanRegistry.getSingleton(DefaultSingletonBeanRegistry.java:373) ~[spring-beans-6.2.7.jar:6.2.7]
	at org.springframework.beans.factory.support.AbstractBeanFactory.doGetBean(AbstractBeanFactory.java:337) ~[spring-beans-6.2.7.jar:6.2.7]
	at org.springframework.beans.factory.support.AbstractBeanFactory.getBean(AbstractBeanFactory.java:202) ~[spring-beans-6.2.7.jar:6.2.7]
	at org.springframework.beans.factory.config.DependencyDescriptor.resolveCandidate(DependencyDescriptor.java:254) ~[spring-beans-6.2.7.jar:6.2.7]
	at org.springframework.beans.factory.support.DefaultListableBeanFactory.doResolveDependency(DefaultListableBeanFactory.java:1740) ~[spring-beans-6.2.7.jar:6.2.7]
	at org.springframework.beans.factory.support.DefaultListableBeanFactory.resolveDependency(DefaultListableBeanFactory.java:1628) ~[spring-beans-6.2.7.jar:6.2.7]
	at org.springframework.beans.factory.annotation.AutowiredAnnotationBeanPostProcessor$AutowiredFieldElement.resolveFieldValue(AutowiredAnnotationBeanPostProcessor.java:785) ~[spring-beans-6.2.7.jar:6.2.7]
	... 58 common frames omitted
Caused by: org.springframework.beans.factory.BeanCreationException: Error creating bean with name 'usuarioRepository' defined in br.com.fiap.javaadv.blog.backend.datasource.repositories.UsuarioRepository defined in @EnableJpaRepositories declared on JpaRepositoriesRegistrar.EnableJpaRepositoriesConfiguration: Cannot resolve reference to bean 'jpaSharedEM_entityManagerFactory' while setting bean property 'entityManager'
	at org.springframework.beans.factory.support.BeanDefinitionValueResolver.resolveReference(BeanDefinitionValueResolver.java:377) ~[spring-beans-6.2.7.jar:6.2.7]
	at org.springframework.beans.factory.support.BeanDefinitionValueResolver.resolveValueIfNecessary(BeanDefinitionValueResolver.java:135) ~[spring-beans-6.2.7.jar:6.2.7]
	at org.springframework.beans.factory.support.AbstractAutowireCapableBeanFactory.applyPropertyValues(AbstractAutowireCapableBeanFactory.java:1725) ~[spring-beans-6.2.7.jar:6.2.7]
	at org.springframework.beans.factory.support.AbstractAutowireCapableBeanFactory.populateBean(AbstractAutowireCapableBeanFactory.java:1474) ~[spring-beans-6.2.7.jar:6.2.7]
	at org.springframework.beans.factory.support.AbstractAutowireCapableBeanFactory.doCreateBean(AbstractAutowireCapableBeanFactory.java:606) ~[spring-beans-6.2.7.jar:6.2.7]
	at org.springframework.beans.factory.support.AbstractAutowireCapableBeanFactory.createBean(AbstractAutowireCapableBeanFactory.java:529) ~[spring-beans-6.2.7.jar:6.2.7]
	at org.springframework.beans.factory.support.AbstractBeanFactory.lambda$doGetBean$0(AbstractBeanFactory.java:339) ~[spring-beans-6.2.7.jar:6.2.7]
	at org.springframework.beans.factory.support.DefaultSingletonBeanRegistry.getSingleton(DefaultSingletonBeanRegistry.java:373) ~[spring-beans-6.2.7.jar:6.2.7]
	at org.springframework.beans.factory.support.AbstractBeanFactory.doGetBean(AbstractBeanFactory.java:337) ~[spring-beans-6.2.7.jar:6.2.7]
	at org.springframework.beans.factory.support.AbstractBeanFactory.getBean(AbstractBeanFactory.java:202) ~[spring-beans-6.2.7.jar:6.2.7]
	at org.springframework.beans.factory.config.DependencyDescriptor.resolveCandidate(DependencyDescriptor.java:254) ~[spring-beans-6.2.7.jar:6.2.7]
	at org.springframework.beans.factory.support.DefaultListableBeanFactory.doResolveDependency(DefaultListableBeanFactory.java:1740) ~[spring-beans-6.2.7.jar:6.2.7]
	at org.springframework.beans.factory.support.DefaultListableBeanFactory.resolveDependency(DefaultListableBeanFactory.java:1628) ~[spring-beans-6.2.7.jar:6.2.7]
	at org.springframework.beans.factory.support.ConstructorResolver.resolveAutowiredArgument(ConstructorResolver.java:913) ~[spring-beans-6.2.7.jar:6.2.7]
	at org.springframework.beans.factory.support.ConstructorResolver.createArgumentArray(ConstructorResolver.java:791) ~[spring-beans-6.2.7.jar:6.2.7]
	... 71 common frames omitted
Caused by: org.springframework.beans.factory.BeanCreationException: Error creating bean with name 'jpaSharedEM_entityManagerFactory': Cannot resolve reference to bean 'entityManagerFactory' while setting constructor argument
	at org.springframework.beans.factory.support.BeanDefinitionValueResolver.resolveReference(BeanDefinitionValueResolver.java:377) ~[spring-beans-6.2.7.jar:6.2.7]
	at org.springframework.beans.factory.support.BeanDefinitionValueResolver.resolveValueIfNecessary(BeanDefinitionValueResolver.java:135) ~[spring-beans-6.2.7.jar:6.2.7]
	at org.springframework.beans.factory.support.ConstructorResolver.resolveConstructorArguments(ConstructorResolver.java:691) ~[spring-beans-6.2.7.jar:6.2.7]
	at org.springframework.beans.factory.support.ConstructorResolver.instantiateUsingFactoryMethod(ConstructorResolver.java:513) ~[spring-beans-6.2.7.jar:6.2.7]
	at org.springframework.beans.factory.support.AbstractAutowireCapableBeanFactory.instantiateUsingFactoryMethod(AbstractAutowireCapableBeanFactory.java:1375) ~[spring-beans-6.2.7.jar:6.2.7]
	at org.springframework.beans.factory.support.AbstractAutowireCapableBeanFactory.createBeanInstance(AbstractAutowireCapableBeanFactory.java:1205) ~[spring-beans-6.2.7.jar:6.2.7]
	at org.springframework.beans.factory.support.AbstractAutowireCapableBeanFactory.doCreateBean(AbstractAutowireCapableBeanFactory.java:569) ~[spring-beans-6.2.7.jar:6.2.7]
	at org.springframework.beans.factory.support.AbstractAutowireCapableBeanFactory.createBean(AbstractAutowireCapableBeanFactory.java:529) ~[spring-beans-6.2.7.jar:6.2.7]
	at org.springframework.beans.factory.support.AbstractBeanFactory.lambda$doGetBean$0(AbstractBeanFactory.java:339) ~[spring-beans-6.2.7.jar:6.2.7]
	at org.springframework.beans.factory.support.DefaultSingletonBeanRegistry.getSingleton(DefaultSingletonBeanRegistry.java:373) ~[spring-beans-6.2.7.jar:6.2.7]
	at org.springframework.beans.factory.support.AbstractBeanFactory.doGetBean(AbstractBeanFactory.java:337) ~[spring-beans-6.2.7.jar:6.2.7]
	at org.springframework.beans.factory.support.AbstractBeanFactory.getBean(AbstractBeanFactory.java:202) ~[spring-beans-6.2.7.jar:6.2.7]
	at org.springframework.beans.factory.support.BeanDefinitionValueResolver.resolveReference(BeanDefinitionValueResolver.java:365) ~[spring-beans-6.2.7.jar:6.2.7]
	... 85 common frames omitted
Caused by: org.springframework.beans.factory.BeanCreationException: Error creating bean with name 'entityManagerFactory' defined in class path resource [org/springframework/boot/autoconfigure/orm/jpa/HibernateJpaConfiguration.class]: [PersistenceUnit: default] Unable to build Hibernate SessionFactory; nested exception is org.hibernate.MappingException: Column 'lograd_end' is duplicated in mapping for entity 'br.com.fiap.javaadv.blog.backend.domainmodel.entities.EnderecoPlantio' (use '@Column(insertable=false, updatable=false)' when mapping multiple properties to the same column)
	at org.springframework.beans.factory.support.AbstractAutowireCapableBeanFactory.initializeBean(AbstractAutowireCapableBeanFactory.java:1826) ~[spring-beans-6.2.7.jar:6.2.7]
	at org.springframework.beans.factory.support.AbstractAutowireCapableBeanFactory.doCreateBean(AbstractAutowireCapableBeanFactory.java:607) ~[spring-beans-6.2.7.jar:6.2.7]
	at org.springframework.beans.factory.support.AbstractAutowireCapableBeanFactory.createBean(AbstractAutowireCapableBeanFactory.java:529) ~[spring-beans-6.2.7.jar:6.2.7]
	at org.springframework.beans.factory.support.AbstractBeanFactory.lambda$doGetBean$0(AbstractBeanFactory.java:339) ~[spring-beans-6.2.7.jar:6.2.7]
	at org.springframework.beans.factory.support.DefaultSingletonBeanRegistry.getSingleton(DefaultSingletonBeanRegistry.java:373) ~[spring-beans-6.2.7.jar:6.2.7]
	at org.springframework.beans.factory.support.AbstractBeanFactory.doGetBean(AbstractBeanFactory.java:337) ~[spring-beans-6.2.7.jar:6.2.7]
	at org.springframework.beans.factory.support.AbstractBeanFactory.getBean(AbstractBeanFactory.java:202) ~[spring-beans-6.2.7.jar:6.2.7]
	at org.springframework.beans.factory.support.BeanDefinitionValueResolver.resolveReference(BeanDefinitionValueResolver.java:365) ~[spring-beans-6.2.7.jar:6.2.7]
	... 97 common frames omitted
Caused by: jakarta.persistence.PersistenceException: [PersistenceUnit: default] Unable to build Hibernate SessionFactory; nested exception is org.hibernate.MappingException: Column 'lograd_end' is duplicated in mapping for entity 'br.com.fiap.javaadv.blog.backend.domainmodel.entities.EnderecoPlantio' (use '@Column(insertable=false, updatable=false)' when mapping multiple properties to the same column)
	at org.springframework.orm.jpa.AbstractEntityManagerFactoryBean.buildNativeEntityManagerFactory(AbstractEntityManagerFactoryBean.java:431) ~[spring-orm-6.2.7.jar:6.2.7]
	at org.springframework.orm.jpa.AbstractEntityManagerFactoryBean.afterPropertiesSet(AbstractEntityManagerFactoryBean.java:400) ~[spring-orm-6.2.7.jar:6.2.7]
	at org.springframework.orm.jpa.LocalContainerEntityManagerFactoryBean.afterPropertiesSet(LocalContainerEntityManagerFactoryBean.java:366) ~[spring-orm-6.2.7.jar:6.2.7]
	at org.springframework.beans.factory.support.AbstractAutowireCapableBeanFactory.invokeInitMethods(AbstractAutowireCapableBeanFactory.java:1873) ~[spring-beans-6.2.7.jar:6.2.7]
	at org.springframework.beans.factory.support.AbstractAutowireCapableBeanFactory.initializeBean(AbstractAutowireCapableBeanFactory.java:1822) ~[spring-beans-6.2.7.jar:6.2.7]
	... 104 common frames omitted
Caused by: org.hibernate.MappingException: Column 'lograd_end' is duplicated in mapping for entity 'br.com.fiap.javaadv.blog.backend.domainmodel.entities.EnderecoPlantio' (use '@Column(insertable=false, updatable=false)' when mapping multiple properties to the same column)
	at org.hibernate.mapping.Value.checkColumnDuplication(Value.java:196) ~[hibernate-core-6.6.15.Final.jar:6.6.15.Final]
	at org.hibernate.mapping.MappingHelper.checkPropertyColumnDuplication(MappingHelper.java:251) ~[hibernate-core-6.6.15.Final.jar:6.6.15.Final]
	at org.hibernate.mapping.PersistentClass.checkColumnDuplication(PersistentClass.java:941) ~[hibernate-core-6.6.15.Final.jar:6.6.15.Final]
	at org.hibernate.mapping.PersistentClass.validate(PersistentClass.java:696) ~[hibernate-core-6.6.15.Final.jar:6.6.15.Final]
	at org.hibernate.mapping.RootClass.validate(RootClass.java:286) ~[hibernate-core-6.6.15.Final.jar:6.6.15.Final]
	at org.hibernate.boot.internal.MetadataImpl.validate(MetadataImpl.java:505) ~[hibernate-core-6.6.15.Final.jar:6.6.15.Final]
	at org.hibernate.internal.SessionFactoryImpl.<init>(SessionFactoryImpl.java:282) ~[hibernate-core-6.6.15.Final.jar:6.6.15.Final]
	at org.hibernate.boot.internal.SessionFactoryBuilderImpl.build(SessionFactoryBuilderImpl.java:463) ~[hibernate-core-6.6.15.Final.jar:6.6.15.Final]
	at org.hibernate.jpa.boot.internal.EntityManagerFactoryBuilderImpl.build(EntityManagerFactoryBuilderImpl.java:1517) ~[hibernate-core-6.6.15.Final.jar:6.6.15.Final]
	at org.springframework.orm.jpa.vendor.SpringHibernateJpaPersistenceProvider.createContainerEntityManagerFactory(SpringHibernateJpaPersistenceProvider.java:66) ~[spring-orm-6.2.7.jar:6.2.7]
	at org.springframework.orm.jpa.LocalContainerEntityManagerFactoryBean.createNativeEntityManagerFactory(LocalContainerEntityManagerFactoryBean.java:390) ~[spring-orm-6.2.7.jar:6.2.7]
	at org.springframework.orm.jpa.AbstractEntityManagerFactoryBean.buildNativeEntityManagerFactory(AbstractEntityManagerFactoryBean.java:419) ~[spring-orm-6.2.7.jar:6.2.7]
	... 108 common frames omitted

2026-06-03T00:01:54.035-03:00  INFO 17720 --- [blog] [restartedMain] b.c.f.j.blog.backend.BackendApplication  : Starting BackendApplication using Java 21.0.11 with PID 17720 (C:\Users\carol\OneDrive\Área de Trabalho\FIAP\Global - 1Sem\Java\backend\target\classes started by carol in C:\Users\carol\OneDrive\Área de Trabalho\FIAP\Global - 1Sem\Java\backend)
2026-06-03T00:01:54.041-03:00  INFO 17720 --- [blog] [restartedMain] b.c.f.j.blog.backend.BackendApplication  : No active profile set, falling back to 1 default profile: "default"
2026-06-03T00:01:54.125-03:00  INFO 17720 --- [blog] [restartedMain] o.s.b.devtools.restart.ChangeableUrls    : The Class-Path manifest attribute in C:\Users\carol\.m2\repository\com\oracle\database\jdbc\ojdbc11\23.7.0.25.01\ojdbc11-23.7.0.25.01.jar referenced one or more files that do not exist: file:/C:/Users/carol/.m2/repository/com/oracle/database/jdbc/ojdbc11/23.7.0.25.01/oraclepki.jar
2026-06-03T00:01:54.126-03:00  INFO 17720 --- [blog] [restartedMain] .e.DevToolsPropertyDefaultsPostProcessor : Devtools property defaults active! Set 'spring.devtools.add-properties' to 'false' to disable
2026-06-03T00:01:54.126-03:00  INFO 17720 --- [blog] [restartedMain] .e.DevToolsPropertyDefaultsPostProcessor : For additional web related logging consider setting the 'logging.level.web' property to 'DEBUG'
2026-06-03T00:01:56.360-03:00  INFO 17720 --- [blog] [restartedMain] .s.d.r.c.RepositoryConfigurationDelegate : Bootstrapping Spring Data JPA repositories in DEFAULT mode.
2026-06-03T00:01:56.523-03:00  INFO 17720 --- [blog] [restartedMain] .s.d.r.c.RepositoryConfigurationDelegate : Finished Spring Data repository scanning in 141 ms. Found 6 JPA repository interfaces.
2026-06-03T00:01:57.692-03:00  INFO 17720 --- [blog] [restartedMain] o.s.b.w.embedded.tomcat.TomcatWebServer  : Tomcat initialized with port 8080 (http)
2026-06-03T00:01:57.734-03:00  INFO 17720 --- [blog] [restartedMain] o.apache.catalina.core.StandardService   : Starting service [Tomcat]
2026-06-03T00:01:57.735-03:00  INFO 17720 --- [blog] [restartedMain] o.apache.catalina.core.StandardEngine    : Starting Servlet engine: [Apache Tomcat/10.1.41]
2026-06-03T00:01:57.996-03:00  INFO 17720 --- [blog] [restartedMain] o.a.c.c.C.[Tomcat].[localhost].[/]       : Initializing Spring embedded WebApplicationContext
2026-06-03T00:01:57.996-03:00  INFO 17720 --- [blog] [restartedMain] w.s.c.ServletWebServerApplicationContext : Root WebApplicationContext: initialization completed in 3869 ms
2026-06-03T00:01:58.314-03:00  INFO 17720 --- [blog] [restartedMain] o.hibernate.jpa.internal.util.LogHelper  : HHH000204: Processing PersistenceUnitInfo [name: default]
2026-06-03T00:01:58.396-03:00  INFO 17720 --- [blog] [restartedMain] org.hibernate.Version                    : HHH000412: Hibernate ORM core version 6.6.15.Final
2026-06-03T00:01:58.451-03:00  INFO 17720 --- [blog] [restartedMain] o.h.c.internal.RegionFactoryInitiator    : HHH000026: Second-level cache disabled
2026-06-03T00:01:58.879-03:00  INFO 17720 --- [blog] [restartedMain] o.s.o.j.p.SpringPersistenceUnitInfo      : No LoadTimeWeaver setup: ignoring JPA class transformer
2026-06-03T00:01:58.922-03:00  INFO 17720 --- [blog] [restartedMain] com.zaxxer.hikari.HikariDataSource       : blogHikariConnectionPool - Starting...
2026-06-03T00:01:59.501-03:00  INFO 17720 --- [blog] [restartedMain] com.zaxxer.hikari.pool.HikariPool        : blogHikariConnectionPool - Added connection conn0: url=jdbc:h2:mem:blogdb user=SA
2026-06-03T00:01:59.503-03:00  INFO 17720 --- [blog] [restartedMain] com.zaxxer.hikari.HikariDataSource       : blogHikariConnectionPool - Start completed.
2026-06-03T00:01:59.611-03:00  INFO 17720 --- [blog] [restartedMain] org.hibernate.orm.connections.pooling    : HHH10001005: Database info:
	Database JDBC URL [Connecting through datasource 'HikariDataSource (blogHikariConnectionPool)']
	Database driver: undefined/unknown
	Database version: 2.3.232
	Autocommit mode: undefined/unknown
	Isolation level: undefined/unknown
	Minimum pool size: undefined/unknown
	Maximum pool size: undefined/unknown
2026-06-03T00:02:01.286-03:00  INFO 17720 --- [blog] [restartedMain] o.h.e.t.j.p.i.JtaPlatformInitiator       : HHH000489: No JTA platform available (set 'hibernate.transaction.jta.platform' to enable JTA platform integration)
2026-06-03T00:02:01.311-03:00 DEBUG 17720 --- [blog] [restartedMain] org.hibernate.SQL                        : 
    drop table if exists analise_plantio_terrabyte cascade 
2026-06-03T00:02:01.317-03:00 DEBUG 17720 --- [blog] [restartedMain] org.hibernate.SQL                        : 
    drop table if exists defensivo_terrabyte cascade 
2026-06-03T00:02:01.317-03:00 DEBUG 17720 --- [blog] [restartedMain] org.hibernate.SQL                        : 
    drop table if exists endereco_plantio_terrabyte cascade 
2026-06-03T00:02:01.317-03:00 DEBUG 17720 --- [blog] [restartedMain] org.hibernate.SQL                        : 
    drop table if exists plan_def_terrabyte cascade 
2026-06-03T00:02:01.318-03:00 DEBUG 17720 --- [blog] [restartedMain] org.hibernate.SQL                        : 
    drop table if exists plan_tp_terrabyte cascade 
2026-06-03T00:02:01.318-03:00 DEBUG 17720 --- [blog] [restartedMain] org.hibernate.SQL                        : 
    drop table if exists plantio_terrabyte cascade 
2026-06-03T00:02:01.318-03:00 DEBUG 17720 --- [blog] [restartedMain] org.hibernate.SQL                        : 
    drop table if exists tipo_solo_terrabyte cascade 
2026-06-03T00:02:01.319-03:00 DEBUG 17720 --- [blog] [restartedMain] org.hibernate.SQL                        : 
    drop table if exists usuario_terrabyte cascade 
2026-06-03T00:02:01.327-03:00 DEBUG 17720 --- [blog] [restartedMain] org.hibernate.SQL                        : 
    create table analise_plantio_terrabyte (
        adeq_ana float(53),
        dt_ana date,
        temp_max_ana float(53),
        temp_min_ana float(53),
        umidade_med_ana float(53),
        id uuid not null,
        "id_end_(pk)" uuid,
        "id_plan_(pk)" uuid,
        "id_usu_(pk)" uuid,
        nvl_risc_ana varchar(255),
        rec_ana varchar(255),
        primary key (id)
    )
2026-06-03T00:02:01.336-03:00 DEBUG 17720 --- [blog] [restartedMain] org.hibernate.SQL                        : 
    create table defensivo_terrabyte (
        id uuid not null,
        nome_def varchar(100) not null,
        tipo_def varchar(100) not null,
        primary key (id)
    )
2026-06-03T00:02:01.344-03:00 DEBUG 17720 --- [blog] [restartedMain] org.hibernate.SQL                        : 
    create table endereco_plantio_terrabyte (
        areia_end float(53),
        argila_end float(53),
        lat_end float(53),
        long_end float(53),
        raio_end float(53),
        silto_end float(53),
        cep_end varchar(9) not null,
        id uuid not null,
        id_solo_fk uuid,
        bairro_end varchar(100),
        cidade_end varchar(100),
        estado_end varchar(100),
        lograd_end varchar(100),
        nome_end varchar(300),
        primary key (id)
    )
2026-06-03T00:02:01.348-03:00 DEBUG 17720 --- [blog] [restartedMain] org.hibernate.SQL                        : 
    create table plan_def_terrabyte (
        "id_def_(fk)" uuid not null,
        "id_plan_(fk)" uuid not null,
        primary key ("id_def_(fk)", "id_plan_(fk)")
    )
2026-06-03T00:02:01.351-03:00 DEBUG 17720 --- [blog] [restartedMain] org.hibernate.SQL                        : 
    create table plan_tp_terrabyte (
        "id_plan_(fk)" uuid not null,
        "id_solo_(fk)" uuid not null,
        primary key ("id_plan_(fk)", "id_solo_(fk)")
    )
2026-06-03T00:02:01.364-03:00 DEBUG 17720 --- [blog] [restartedMain] org.hibernate.SQL                        : 
    create table plantio_terrabyte (
        agua_mm_plan float(53) not null,
        temp_max_plan float(53) not null,
        temp_min_plan float(53) not null,
        id uuid not null,
        url_img_plan varchar(100),
        nome_plan varchar(150) not null,
        epoca_plan tinyint array not null,
        primary key (id)
    )
2026-06-03T00:02:01.389-03:00 DEBUG 17720 --- [blog] [restartedMain] org.hibernate.SQL                        : 
    create table tipo_solo_terrabyte (
        id uuid not null,
        nome_sol varchar(150) not null,
        primary key (id)
    )
2026-06-03T00:02:01.398-03:00 DEBUG 17720 --- [blog] [restartedMain] org.hibernate.SQL                        : 
    create table usuario_terrabyte (
        data_nasc_usu date not null,
        sexo_usu tinyint not null check (sexo_usu between 0 and 1),
        tel_usu varchar(11) not null,
        id uuid not null,
        email_usu varchar(100) not null,
        nome_usu varchar(100) not null,
        senha_usu varchar(100) not null,
        url_img_usu varchar(100),
        primary key (id)
    )
2026-06-03T00:02:01.425-03:00 DEBUG 17720 --- [blog] [restartedMain] org.hibernate.SQL                        : 
    alter table if exists analise_plantio_terrabyte 
       add constraint FKm2t7s0ieg1x7yq7d7b5hgg1qj 
       foreign key ("id_end_(pk)") 
       references endereco_plantio_terrabyte
2026-06-03T00:02:01.464-03:00 DEBUG 17720 --- [blog] [restartedMain] org.hibernate.SQL                        : 
    alter table if exists analise_plantio_terrabyte 
       add constraint FK7q2auth5aj4t4jm6n5y7svcfb 
       foreign key ("id_plan_(pk)") 
       references plantio_terrabyte
2026-06-03T00:02:01.467-03:00 DEBUG 17720 --- [blog] [restartedMain] org.hibernate.SQL                        : 
    alter table if exists analise_plantio_terrabyte 
       add constraint FK1vw0pr8bh1h2joy8b154di38s 
       foreign key ("id_usu_(pk)") 
       references usuario_terrabyte
2026-06-03T00:02:01.470-03:00 DEBUG 17720 --- [blog] [restartedMain] org.hibernate.SQL                        : 
    alter table if exists endereco_plantio_terrabyte 
       add constraint FKixee6jq0ndswkrhidf4x6djy5 
       foreign key (id_solo_fk) 
       references tipo_solo_terrabyte
2026-06-03T00:02:01.481-03:00 DEBUG 17720 --- [blog] [restartedMain] org.hibernate.SQL                        : 
    alter table if exists plan_def_terrabyte 
       add constraint FKp0xenvr5hdhfkyyvbqwuxk1oc 
       foreign key ("id_def_(fk)") 
       references defensivo_terrabyte
2026-06-03T00:02:01.490-03:00 DEBUG 17720 --- [blog] [restartedMain] org.hibernate.SQL                        : 
    alter table if exists plan_def_terrabyte 
       add constraint FKa0bqr2mgy5kt5mlbrc8xmbkii 
       foreign key ("id_plan_(fk)") 
       references plantio_terrabyte
2026-06-03T00:02:01.504-03:00 DEBUG 17720 --- [blog] [restartedMain] org.hibernate.SQL                        : 
    alter table if exists plan_tp_terrabyte 
       add constraint FK2favlmqtx395sy8jtphut1ge2 
       foreign key ("id_solo_(fk)") 
       references tipo_solo_terrabyte
2026-06-03T00:02:01.518-03:00 DEBUG 17720 --- [blog] [restartedMain] org.hibernate.SQL                        : 
    alter table if exists plan_tp_terrabyte 
       add constraint FKiebsj2yn45ohwc49alii3kfvo 
       foreign key ("id_plan_(fk)") 
       references plantio_terrabyte
2026-06-03T00:02:01.528-03:00  INFO 17720 --- [blog] [restartedMain] j.LocalContainerEntityManagerFactoryBean : Initialized JPA EntityManagerFactory for persistence unit 'default'
2026-06-03T00:02:02.576-03:00  WARN 17720 --- [blog] [restartedMain] ConfigServletWebServerApplicationContext : Exception encountered during context initialization - cancelling refresh attempt: org.springframework.beans.factory.UnsatisfiedDependencyException: Error creating bean with name 'analiseResource' defined in file [C:\Users\carol\OneDrive\Área de Trabalho\FIAP\Global - 1Sem\Java\backend\target\classes\br\com\fiap\javaadv\blog\backend\resources\AnaliseResource.class]: Unsatisfied dependency expressed through constructor parameter 0: Error creating bean with name 'analiseServiceImp' defined in file [C:\Users\carol\OneDrive\Área de Trabalho\FIAP\Global - 1Sem\Java\backend\target\classes\br\com\fiap\javaadv\blog\backend\services\AnaliseServiceImp.class]: Unsatisfied dependency expressed through constructor parameter 1: No qualifying bean of type 'br.com.fiap.javaadv.blog.backend.anticorruptionlayer.WeatherServiceImp' available: expected at least 1 bean which qualifies as autowire candidate. Dependency annotations: {}
2026-06-03T00:02:02.577-03:00  INFO 17720 --- [blog] [restartedMain] j.LocalContainerEntityManagerFactoryBean : Closing JPA EntityManagerFactory for persistence unit 'default'
2026-06-03T00:02:02.578-03:00 DEBUG 17720 --- [blog] [restartedMain] org.hibernate.SQL                        : 
    drop table if exists analise_plantio_terrabyte cascade 
2026-06-03T00:02:02.580-03:00 DEBUG 17720 --- [blog] [restartedMain] org.hibernate.SQL                        : 
    drop table if exists defensivo_terrabyte cascade 
2026-06-03T00:02:02.581-03:00 DEBUG 17720 --- [blog] [restartedMain] org.hibernate.SQL                        : 
    drop table if exists endereco_plantio_terrabyte cascade 
2026-06-03T00:02:02.582-03:00 DEBUG 17720 --- [blog] [restartedMain] org.hibernate.SQL                        : 
    drop table if exists plan_def_terrabyte cascade 
2026-06-03T00:02:02.583-03:00 DEBUG 17720 --- [blog] [restartedMain] org.hibernate.SQL                        : 
    drop table if exists plan_tp_terrabyte cascade 
2026-06-03T00:02:02.585-03:00 DEBUG 17720 --- [blog] [restartedMain] org.hibernate.SQL                        : 
    drop table if exists plantio_terrabyte cascade 
2026-06-03T00:02:02.586-03:00 DEBUG 17720 --- [blog] [restartedMain] org.hibernate.SQL                        : 
    drop table if exists tipo_solo_terrabyte cascade 
2026-06-03T00:02:02.587-03:00 DEBUG 17720 --- [blog] [restartedMain] org.hibernate.SQL                        : 
    drop table if exists usuario_terrabyte cascade 
2026-06-03T00:02:02.593-03:00  WARN 17720 --- [blog] [restartedMain] o.s.b.f.support.DisposableBeanAdapter    : Invocation of destroy method failed on bean with name 'inMemoryDatabaseShutdownExecutor': org.h2.jdbc.JdbcSQLNonTransientConnectionException: Database is already closed (to disable automatic closing at VM shutdown, add ";DB_CLOSE_ON_EXIT=FALSE" to the db URL) [90121-232]
2026-06-03T00:02:02.593-03:00  INFO 17720 --- [blog] [restartedMain] com.zaxxer.hikari.HikariDataSource       : blogHikariConnectionPool - Shutdown initiated...
2026-06-03T00:02:02.595-03:00  INFO 17720 --- [blog] [restartedMain] com.zaxxer.hikari.HikariDataSource       : blogHikariConnectionPool - Shutdown completed.
2026-06-03T00:02:02.597-03:00  INFO 17720 --- [blog] [restartedMain] o.apache.catalina.core.StandardService   : Stopping service [Tomcat]
2026-06-03T00:02:02.612-03:00  INFO 17720 --- [blog] [restartedMain] .s.b.a.l.ConditionEvaluationReportLogger : 

Error starting ApplicationContext. To display the condition evaluation report re-run your application with 'debug' enabled.
2026-06-03T00:02:02.652-03:00 ERROR 17720 --- [blog] [restartedMain] o.s.b.d.LoggingFailureAnalysisReporter   : 

***************************
APPLICATION FAILED TO START
***************************

Description:

Parameter 1 of constructor in br.com.fiap.javaadv.blog.backend.services.AnaliseServiceImp required a bean of type 'br.com.fiap.javaadv.blog.backend.anticorruptionlayer.WeatherServiceImp' that could not be found.


Action:

Consider defining a bean of type 'br.com.fiap.javaadv.blog.backend.anticorruptionlayer.WeatherServiceImp' in your configuration.

2026-06-03T00:02:38.104-03:00  INFO 5788 --- [blog] [restartedMain] b.c.f.j.blog.backend.BackendApplication  : Starting BackendApplication using Java 21.0.11 with PID 5788 (C:\Users\carol\OneDrive\Área de Trabalho\FIAP\Global - 1Sem\Java\backend\target\classes started by carol in C:\Users\carol\OneDrive\Área de Trabalho\FIAP\Global - 1Sem\Java\backend)
2026-06-03T00:02:38.107-03:00  INFO 5788 --- [blog] [restartedMain] b.c.f.j.blog.backend.BackendApplication  : No active profile set, falling back to 1 default profile: "default"
2026-06-03T00:02:38.168-03:00  INFO 5788 --- [blog] [restartedMain] o.s.b.devtools.restart.ChangeableUrls    : The Class-Path manifest attribute in C:\Users\carol\.m2\repository\com\oracle\database\jdbc\ojdbc11\23.7.0.25.01\ojdbc11-23.7.0.25.01.jar referenced one or more files that do not exist: file:/C:/Users/carol/.m2/repository/com/oracle/database/jdbc/ojdbc11/23.7.0.25.01/oraclepki.jar
2026-06-03T00:02:38.168-03:00  INFO 5788 --- [blog] [restartedMain] .e.DevToolsPropertyDefaultsPostProcessor : Devtools property defaults active! Set 'spring.devtools.add-properties' to 'false' to disable
2026-06-03T00:02:38.169-03:00  INFO 5788 --- [blog] [restartedMain] .e.DevToolsPropertyDefaultsPostProcessor : For additional web related logging consider setting the 'logging.level.web' property to 'DEBUG'
2026-06-03T00:02:39.667-03:00  INFO 5788 --- [blog] [restartedMain] .s.d.r.c.RepositoryConfigurationDelegate : Bootstrapping Spring Data JPA repositories in DEFAULT mode.
2026-06-03T00:02:39.755-03:00  INFO 5788 --- [blog] [restartedMain] .s.d.r.c.RepositoryConfigurationDelegate : Finished Spring Data repository scanning in 77 ms. Found 6 JPA repository interfaces.
2026-06-03T00:02:40.692-03:00  INFO 5788 --- [blog] [restartedMain] o.s.b.w.embedded.tomcat.TomcatWebServer  : Tomcat initialized with port 8080 (http)
2026-06-03T00:02:40.711-03:00  INFO 5788 --- [blog] [restartedMain] o.apache.catalina.core.StandardService   : Starting service [Tomcat]
2026-06-03T00:02:40.711-03:00  INFO 5788 --- [blog] [restartedMain] o.apache.catalina.core.StandardEngine    : Starting Servlet engine: [Apache Tomcat/10.1.41]
2026-06-03T00:02:40.762-03:00  INFO 5788 --- [blog] [restartedMain] o.a.c.c.C.[Tomcat].[localhost].[/]       : Initializing Spring embedded WebApplicationContext
2026-06-03T00:02:40.763-03:00  INFO 5788 --- [blog] [restartedMain] w.s.c.ServletWebServerApplicationContext : Root WebApplicationContext: initialization completed in 2593 ms
2026-06-03T00:02:41.048-03:00  INFO 5788 --- [blog] [restartedMain] o.hibernate.jpa.internal.util.LogHelper  : HHH000204: Processing PersistenceUnitInfo [name: default]
2026-06-03T00:02:41.106-03:00  INFO 5788 --- [blog] [restartedMain] org.hibernate.Version                    : HHH000412: Hibernate ORM core version 6.6.15.Final
2026-06-03T00:02:41.144-03:00  INFO 5788 --- [blog] [restartedMain] o.h.c.internal.RegionFactoryInitiator    : HHH000026: Second-level cache disabled
2026-06-03T00:02:41.511-03:00  INFO 5788 --- [blog] [restartedMain] o.s.o.j.p.SpringPersistenceUnitInfo      : No LoadTimeWeaver setup: ignoring JPA class transformer
2026-06-03T00:02:41.568-03:00  INFO 5788 --- [blog] [restartedMain] com.zaxxer.hikari.HikariDataSource       : blogHikariConnectionPool - Starting...
2026-06-03T00:02:42.055-03:00  INFO 5788 --- [blog] [restartedMain] com.zaxxer.hikari.pool.HikariPool        : blogHikariConnectionPool - Added connection conn0: url=jdbc:h2:mem:blogdb user=SA
2026-06-03T00:02:42.059-03:00  INFO 5788 --- [blog] [restartedMain] com.zaxxer.hikari.HikariDataSource       : blogHikariConnectionPool - Start completed.
2026-06-03T00:02:42.178-03:00  INFO 5788 --- [blog] [restartedMain] org.hibernate.orm.connections.pooling    : HHH10001005: Database info:
	Database JDBC URL [Connecting through datasource 'HikariDataSource (blogHikariConnectionPool)']
	Database driver: undefined/unknown
	Database version: 2.3.232
	Autocommit mode: undefined/unknown
	Isolation level: undefined/unknown
	Minimum pool size: undefined/unknown
	Maximum pool size: undefined/unknown
2026-06-03T00:02:43.832-03:00  INFO 5788 --- [blog] [restartedMain] o.h.e.t.j.p.i.JtaPlatformInitiator       : HHH000489: No JTA platform available (set 'hibernate.transaction.jta.platform' to enable JTA platform integration)
2026-06-03T00:02:43.850-03:00 DEBUG 5788 --- [blog] [restartedMain] org.hibernate.SQL                        : 
    drop table if exists analise_plantio_terrabyte cascade 
2026-06-03T00:02:43.853-03:00 DEBUG 5788 --- [blog] [restartedMain] org.hibernate.SQL                        : 
    drop table if exists defensivo_terrabyte cascade 
2026-06-03T00:02:43.854-03:00 DEBUG 5788 --- [blog] [restartedMain] org.hibernate.SQL                        : 
    drop table if exists endereco_plantio_terrabyte cascade 
2026-06-03T00:02:43.854-03:00 DEBUG 5788 --- [blog] [restartedMain] org.hibernate.SQL                        : 
    drop table if exists plan_def_terrabyte cascade 
2026-06-03T00:02:43.854-03:00 DEBUG 5788 --- [blog] [restartedMain] org.hibernate.SQL                        : 
    drop table if exists plan_tp_terrabyte cascade 
2026-06-03T00:02:43.855-03:00 DEBUG 5788 --- [blog] [restartedMain] org.hibernate.SQL                        : 
    drop table if exists plantio_terrabyte cascade 
2026-06-03T00:02:43.855-03:00 DEBUG 5788 --- [blog] [restartedMain] org.hibernate.SQL                        : 
    drop table if exists tipo_solo_terrabyte cascade 
2026-06-03T00:02:43.855-03:00 DEBUG 5788 --- [blog] [restartedMain] org.hibernate.SQL                        : 
    drop table if exists usuario_terrabyte cascade 
2026-06-03T00:02:43.860-03:00 DEBUG 5788 --- [blog] [restartedMain] org.hibernate.SQL                        : 
    create table analise_plantio_terrabyte (
        adeq_ana float(53),
        dt_ana date,
        temp_max_ana float(53),
        temp_min_ana float(53),
        umidade_med_ana float(53),
        id uuid not null,
        "id_end_(pk)" uuid,
        "id_plan_(pk)" uuid,
        "id_usu_(pk)" uuid,
        nvl_risc_ana varchar(255),
        rec_ana varchar(255),
        primary key (id)
    )
2026-06-03T00:02:43.868-03:00 DEBUG 5788 --- [blog] [restartedMain] org.hibernate.SQL                        : 
    create table defensivo_terrabyte (
        id uuid not null,
        nome_def varchar(100) not null,
        tipo_def varchar(100) not null,
        primary key (id)
    )
2026-06-03T00:02:43.869-03:00 DEBUG 5788 --- [blog] [restartedMain] org.hibernate.SQL                        : 
    create table endereco_plantio_terrabyte (
        areia_end float(53),
        argila_end float(53),
        lat_end float(53),
        long_end float(53),
        raio_end float(53),
        silto_end float(53),
        cep_end varchar(9) not null,
        id uuid not null,
        id_solo_fk uuid,
        bairro_end varchar(100),
        cidade_end varchar(100),
        estado_end varchar(100),
        lograd_end varchar(100),
        nome_end varchar(300),
        primary key (id)
    )
2026-06-03T00:02:43.871-03:00 DEBUG 5788 --- [blog] [restartedMain] org.hibernate.SQL                        : 
    create table plan_def_terrabyte (
        "id_def_(fk)" uuid not null,
        "id_plan_(fk)" uuid not null,
        primary key ("id_def_(fk)", "id_plan_(fk)")
    )
2026-06-03T00:02:43.873-03:00 DEBUG 5788 --- [blog] [restartedMain] org.hibernate.SQL                        : 
    create table plan_tp_terrabyte (
        "id_plan_(fk)" uuid not null,
        "id_solo_(fk)" uuid not null,
        primary key ("id_plan_(fk)", "id_solo_(fk)")
    )
2026-06-03T00:02:43.874-03:00 DEBUG 5788 --- [blog] [restartedMain] org.hibernate.SQL                        : 
    create table plantio_terrabyte (
        agua_mm_plan float(53) not null,
        temp_max_plan float(53) not null,
        temp_min_plan float(53) not null,
        id uuid not null,
        url_img_plan varchar(100),
        nome_plan varchar(150) not null,
        epoca_plan tinyint array not null,
        primary key (id)
    )
2026-06-03T00:02:43.875-03:00 DEBUG 5788 --- [blog] [restartedMain] org.hibernate.SQL                        : 
    create table tipo_solo_terrabyte (
        id uuid not null,
        nome_sol varchar(150) not null,
        primary key (id)
    )
2026-06-03T00:02:43.877-03:00 DEBUG 5788 --- [blog] [restartedMain] org.hibernate.SQL                        : 
    create table usuario_terrabyte (
        data_nasc_usu date not null,
        sexo_usu tinyint not null check (sexo_usu between 0 and 1),
        tel_usu varchar(11) not null,
        id uuid not null,
        email_usu varchar(100) not null,
        nome_usu varchar(100) not null,
        senha_usu varchar(100) not null,
        url_img_usu varchar(100),
        primary key (id)
    )
2026-06-03T00:02:43.882-03:00 DEBUG 5788 --- [blog] [restartedMain] org.hibernate.SQL                        : 
    alter table if exists analise_plantio_terrabyte 
       add constraint FKm2t7s0ieg1x7yq7d7b5hgg1qj 
       foreign key ("id_end_(pk)") 
       references endereco_plantio_terrabyte
2026-06-03T00:02:43.894-03:00 DEBUG 5788 --- [blog] [restartedMain] org.hibernate.SQL                        : 
    alter table if exists analise_plantio_terrabyte 
       add constraint FK7q2auth5aj4t4jm6n5y7svcfb 
       foreign key ("id_plan_(pk)") 
       references plantio_terrabyte
2026-06-03T00:02:43.896-03:00 DEBUG 5788 --- [blog] [restartedMain] org.hibernate.SQL                        : 
    alter table if exists analise_plantio_terrabyte 
       add constraint FK1vw0pr8bh1h2joy8b154di38s 
       foreign key ("id_usu_(pk)") 
       references usuario_terrabyte
2026-06-03T00:02:43.898-03:00 DEBUG 5788 --- [blog] [restartedMain] org.hibernate.SQL                        : 
    alter table if exists endereco_plantio_terrabyte 
       add constraint FKixee6jq0ndswkrhidf4x6djy5 
       foreign key (id_solo_fk) 
       references tipo_solo_terrabyte
2026-06-03T00:02:43.899-03:00 DEBUG 5788 --- [blog] [restartedMain] org.hibernate.SQL                        : 
    alter table if exists plan_def_terrabyte 
       add constraint FKp0xenvr5hdhfkyyvbqwuxk1oc 
       foreign key ("id_def_(fk)") 
       references defensivo_terrabyte
2026-06-03T00:02:43.900-03:00 DEBUG 5788 --- [blog] [restartedMain] org.hibernate.SQL                        : 
    alter table if exists plan_def_terrabyte 
       add constraint FKa0bqr2mgy5kt5mlbrc8xmbkii 
       foreign key ("id_plan_(fk)") 
       references plantio_terrabyte
2026-06-03T00:02:43.902-03:00 DEBUG 5788 --- [blog] [restartedMain] org.hibernate.SQL                        : 
    alter table if exists plan_tp_terrabyte 
       add constraint FK2favlmqtx395sy8jtphut1ge2 
       foreign key ("id_solo_(fk)") 
       references tipo_solo_terrabyte
2026-06-03T00:02:43.904-03:00 DEBUG 5788 --- [blog] [restartedMain] org.hibernate.SQL                        : 
    alter table if exists plan_tp_terrabyte 
       add constraint FKiebsj2yn45ohwc49alii3kfvo 
       foreign key ("id_plan_(fk)") 
       references plantio_terrabyte
2026-06-03T00:02:43.909-03:00  INFO 5788 --- [blog] [restartedMain] j.LocalContainerEntityManagerFactoryBean : Initialized JPA EntityManagerFactory for persistence unit 'default'
2026-06-03T00:02:44.650-03:00 TRACE 5788 --- [blog] [restartedMain] t.a.AnnotationTransactionAttributeSource : Adding transactional method 'br.com.fiap.javaadv.blog.backend.services.AnaliseServiceImp.delete' with attribute: PROPAGATION_REQUIRED,ISOLATION_DEFAULT
2026-06-03T00:02:44.664-03:00 TRACE 5788 --- [blog] [restartedMain] t.a.AnnotationTransactionAttributeSource : Adding transactional method 'br.com.fiap.javaadv.blog.backend.services.AnaliseServiceImp.create' with attribute: PROPAGATION_REQUIRED,ISOLATION_DEFAULT
2026-06-03T00:02:44.664-03:00 TRACE 5788 --- [blog] [restartedMain] t.a.AnnotationTransactionAttributeSource : Adding transactional method 'br.com.fiap.javaadv.blog.backend.services.AnaliseServiceImp.fetchAll' with attribute: PROPAGATION_REQUIRED,ISOLATION_DEFAULT
2026-06-03T00:02:44.664-03:00 TRACE 5788 --- [blog] [restartedMain] t.a.AnnotationTransactionAttributeSource : Adding transactional method 'br.com.fiap.javaadv.blog.backend.services.AnaliseServiceImp.fetchById' with attribute: PROPAGATION_NOT_SUPPORTED,ISOLATION_DEFAULT
2026-06-03T00:02:44.664-03:00 TRACE 5788 --- [blog] [restartedMain] t.a.AnnotationTransactionAttributeSource : Adding transactional method 'br.com.fiap.javaadv.blog.backend.services.AnaliseServiceImp.existsById' with attribute: PROPAGATION_NOT_SUPPORTED,ISOLATION_DEFAULT
2026-06-03T00:02:44.729-03:00 TRACE 5788 --- [blog] [restartedMain] t.a.AnnotationTransactionAttributeSource : Adding transactional method 'br.com.fiap.javaadv.blog.backend.services.DefensivoServiceImp.delete' with attribute: PROPAGATION_REQUIRED,ISOLATION_DEFAULT
2026-06-03T00:02:44.731-03:00 TRACE 5788 --- [blog] [restartedMain] t.a.AnnotationTransactionAttributeSource : Adding transactional method 'br.com.fiap.javaadv.blog.backend.services.DefensivoServiceImp.create' with attribute: PROPAGATION_REQUIRED,ISOLATION_DEFAULT
2026-06-03T00:02:44.731-03:00 TRACE 5788 --- [blog] [restartedMain] t.a.AnnotationTransactionAttributeSource : Adding transactional method 'br.com.fiap.javaadv.blog.backend.services.DefensivoServiceImp.fetchAll' with attribute: PROPAGATION_REQUIRED,ISOLATION_DEFAULT
2026-06-03T00:02:44.731-03:00 TRACE 5788 --- [blog] [restartedMain] t.a.AnnotationTransactionAttributeSource : Adding transactional method 'br.com.fiap.javaadv.blog.backend.services.DefensivoServiceImp.fetchById' with attribute: PROPAGATION_NOT_SUPPORTED,ISOLATION_DEFAULT
2026-06-03T00:02:44.731-03:00 TRACE 5788 --- [blog] [restartedMain] t.a.AnnotationTransactionAttributeSource : Adding transactional method 'br.com.fiap.javaadv.blog.backend.services.DefensivoServiceImp.existsById' with attribute: PROPAGATION_NOT_SUPPORTED,ISOLATION_DEFAULT
2026-06-03T00:02:44.761-03:00 TRACE 5788 --- [blog] [restartedMain] t.a.AnnotationTransactionAttributeSource : Adding transactional method 'br.com.fiap.javaadv.blog.backend.services.EnderecoPlanServiceImp.update' with attribute: PROPAGATION_REQUIRED,ISOLATION_DEFAULT
2026-06-03T00:02:44.762-03:00 TRACE 5788 --- [blog] [restartedMain] t.a.AnnotationTransactionAttributeSource : Adding transactional method 'br.com.fiap.javaadv.blog.backend.services.EnderecoPlanServiceImp.delete' with attribute: PROPAGATION_REQUIRED,ISOLATION_DEFAULT
2026-06-03T00:02:44.762-03:00 TRACE 5788 --- [blog] [restartedMain] t.a.AnnotationTransactionAttributeSource : Adding transactional method 'br.com.fiap.javaadv.blog.backend.services.EnderecoPlanServiceImp.create' with attribute: PROPAGATION_REQUIRED,ISOLATION_DEFAULT
2026-06-03T00:02:44.762-03:00 TRACE 5788 --- [blog] [restartedMain] t.a.AnnotationTransactionAttributeSource : Adding transactional method 'br.com.fiap.javaadv.blog.backend.services.EnderecoPlanServiceImp.fetchAll' with attribute: PROPAGATION_REQUIRED,ISOLATION_DEFAULT
2026-06-03T00:02:44.762-03:00 TRACE 5788 --- [blog] [restartedMain] t.a.AnnotationTransactionAttributeSource : Adding transactional method 'br.com.fiap.javaadv.blog.backend.services.EnderecoPlanServiceImp.fetchById' with attribute: PROPAGATION_NOT_SUPPORTED,ISOLATION_DEFAULT
2026-06-03T00:02:44.763-03:00 TRACE 5788 --- [blog] [restartedMain] t.a.AnnotationTransactionAttributeSource : Adding transactional method 'br.com.fiap.javaadv.blog.backend.services.EnderecoPlanServiceImp.existsById' with attribute: PROPAGATION_NOT_SUPPORTED,ISOLATION_DEFAULT
2026-06-03T00:02:44.771-03:00 TRACE 5788 --- [blog] [restartedMain] t.a.AnnotationTransactionAttributeSource : Adding transactional method 'br.com.fiap.javaadv.blog.backend.services.PlantioServiceImp.delete' with attribute: PROPAGATION_REQUIRED,ISOLATION_DEFAULT
2026-06-03T00:02:44.772-03:00 TRACE 5788 --- [blog] [restartedMain] t.a.AnnotationTransactionAttributeSource : Adding transactional method 'br.com.fiap.javaadv.blog.backend.services.PlantioServiceImp.create' with attribute: PROPAGATION_REQUIRED,ISOLATION_DEFAULT
2026-06-03T00:02:44.773-03:00 TRACE 5788 --- [blog] [restartedMain] t.a.AnnotationTransactionAttributeSource : Adding transactional method 'br.com.fiap.javaadv.blog.backend.services.PlantioServiceImp.fetchAll' with attribute: PROPAGATION_REQUIRED,ISOLATION_DEFAULT
2026-06-03T00:02:44.773-03:00 TRACE 5788 --- [blog] [restartedMain] t.a.AnnotationTransactionAttributeSource : Adding transactional method 'br.com.fiap.javaadv.blog.backend.services.PlantioServiceImp.fetchById' with attribute: PROPAGATION_NOT_SUPPORTED,ISOLATION_DEFAULT
2026-06-03T00:02:44.773-03:00 TRACE 5788 --- [blog] [restartedMain] t.a.AnnotationTransactionAttributeSource : Adding transactional method 'br.com.fiap.javaadv.blog.backend.services.PlantioServiceImp.existsById' with attribute: PROPAGATION_NOT_SUPPORTED,ISOLATION_DEFAULT
2026-06-03T00:02:44.780-03:00 TRACE 5788 --- [blog] [restartedMain] t.a.AnnotationTransactionAttributeSource : Adding transactional method 'br.com.fiap.javaadv.blog.backend.services.TipoSoloServiceImp.delete' with attribute: PROPAGATION_REQUIRED,ISOLATION_DEFAULT
2026-06-03T00:02:44.781-03:00 TRACE 5788 --- [blog] [restartedMain] t.a.AnnotationTransactionAttributeSource : Adding transactional method 'br.com.fiap.javaadv.blog.backend.services.TipoSoloServiceImp.create' with attribute: PROPAGATION_REQUIRED,ISOLATION_DEFAULT
2026-06-03T00:02:44.781-03:00 TRACE 5788 --- [blog] [restartedMain] t.a.AnnotationTransactionAttributeSource : Adding transactional method 'br.com.fiap.javaadv.blog.backend.services.TipoSoloServiceImp.fetchAll' with attribute: PROPAGATION_REQUIRED,ISOLATION_DEFAULT
2026-06-03T00:02:44.781-03:00 TRACE 5788 --- [blog] [restartedMain] t.a.AnnotationTransactionAttributeSource : Adding transactional method 'br.com.fiap.javaadv.blog.backend.services.TipoSoloServiceImp.fetchById' with attribute: PROPAGATION_NOT_SUPPORTED,ISOLATION_DEFAULT
2026-06-03T00:02:44.781-03:00 TRACE 5788 --- [blog] [restartedMain] t.a.AnnotationTransactionAttributeSource : Adding transactional method 'br.com.fiap.javaadv.blog.backend.services.TipoSoloServiceImp.existsById' with attribute: PROPAGATION_NOT_SUPPORTED,ISOLATION_DEFAULT
2026-06-03T00:02:44.791-03:00 TRACE 5788 --- [blog] [restartedMain] t.a.AnnotationTransactionAttributeSource : Adding transactional method 'br.com.fiap.javaadv.blog.backend.services.UsuarioServiceImp.update' with attribute: PROPAGATION_REQUIRED,ISOLATION_DEFAULT
2026-06-03T00:02:44.792-03:00 TRACE 5788 --- [blog] [restartedMain] t.a.AnnotationTransactionAttributeSource : Adding transactional method 'br.com.fiap.javaadv.blog.backend.services.UsuarioServiceImp.delete' with attribute: PROPAGATION_REQUIRED,ISOLATION_DEFAULT
2026-06-03T00:02:44.792-03:00 TRACE 5788 --- [blog] [restartedMain] t.a.AnnotationTransactionAttributeSource : Adding transactional method 'br.com.fiap.javaadv.blog.backend.services.UsuarioServiceImp.create' with attribute: PROPAGATION_REQUIRED,ISOLATION_DEFAULT
2026-06-03T00:02:44.792-03:00 TRACE 5788 --- [blog] [restartedMain] t.a.AnnotationTransactionAttributeSource : Adding transactional method 'br.com.fiap.javaadv.blog.backend.services.UsuarioServiceImp.fetchAll' with attribute: PROPAGATION_REQUIRED,ISOLATION_DEFAULT
2026-06-03T00:02:44.792-03:00 TRACE 5788 --- [blog] [restartedMain] t.a.AnnotationTransactionAttributeSource : Adding transactional method 'br.com.fiap.javaadv.blog.backend.services.UsuarioServiceImp.fetchById' with attribute: PROPAGATION_NOT_SUPPORTED,ISOLATION_DEFAULT
2026-06-03T00:02:44.792-03:00 TRACE 5788 --- [blog] [restartedMain] t.a.AnnotationTransactionAttributeSource : Adding transactional method 'br.com.fiap.javaadv.blog.backend.services.UsuarioServiceImp.existsById' with attribute: PROPAGATION_NOT_SUPPORTED,ISOLATION_DEFAULT
2026-06-03T00:02:44.793-03:00 TRACE 5788 --- [blog] [restartedMain] t.a.AnnotationTransactionAttributeSource : Adding transactional method 'br.com.fiap.javaadv.blog.backend.services.UsuarioServiceImp.fetchByEmail' with attribute: PROPAGATION_REQUIRED,ISOLATION_DEFAULT
2026-06-03T00:02:44.987-03:00  WARN 5788 --- [blog] [restartedMain] JpaBaseConfiguration$JpaWebConfiguration : spring.jpa.open-in-view is enabled by default. Therefore, database queries may be performed during view rendering. Explicitly configure spring.jpa.open-in-view to disable this warning
2026-06-03T00:02:45.027-03:00  INFO 5788 --- [blog] [restartedMain] eAuthenticationProviderManagerConfigurer : Global AuthenticationManager configured with AuthenticationProvider bean with name authenticationProvider
2026-06-03T00:02:45.027-03:00  WARN 5788 --- [blog] [restartedMain] r$InitializeUserDetailsManagerConfigurer : Global AuthenticationManager configured with an AuthenticationProvider bean. UserDetailsService beans will not be used by Spring Security for automatically configuring username/password login. Consider removing the AuthenticationProvider bean. Alternatively, consider using the UserDetailsService in a manually instantiated DaoAuthenticationProvider. If the current configuration is intentional, to turn off this warning, increase the logging level of 'org.springframework.security.config.annotation.authentication.configuration.InitializeUserDetailsBeanManagerConfigurer' to ERROR
2026-06-03T00:02:45.984-03:00  INFO 5788 --- [blog] [restartedMain] o.s.b.a.h2.H2ConsoleAutoConfiguration    : H2 console available at '/console'. Database available at 'jdbc:h2:mem:blogdb'
2026-06-03T00:02:46.125-03:00  INFO 5788 --- [blog] [restartedMain] o.s.b.d.a.OptionalLiveReloadServer       : LiveReload server is running on port 35729
2026-06-03T00:02:46.166-03:00  INFO 5788 --- [blog] [restartedMain] o.a.c.c.C.[Tomcat].[localhost].[/]       : Initializing Spring DispatcherServlet 'dispatcherServlet'
2026-06-03T00:02:46.166-03:00  INFO 5788 --- [blog] [restartedMain] o.s.web.servlet.DispatcherServlet        : Initializing Servlet 'dispatcherServlet'
2026-06-03T00:02:46.168-03:00  INFO 5788 --- [blog] [restartedMain] o.s.web.servlet.DispatcherServlet        : Completed initialization in 1 ms
2026-06-03T00:02:46.169-03:00  INFO 5788 --- [blog] [restartedMain] o.s.b.w.embedded.tomcat.TomcatWebServer  : Tomcat started on port 8080 (http) with context path '/'
2026-06-03T00:02:46.181-03:00  INFO 5788 --- [blog] [restartedMain] b.c.f.j.blog.backend.BackendApplication  : Started BackendApplication in 8.931 seconds (process running for 9.807)
2026-06-03T00:02:46.205-03:00 TRACE 5788 --- [blog] [restartedMain] o.s.t.i.TransactionInterceptor           : Getting transaction for [org.springframework.data.jpa.repository.support.SimpleJpaRepository.save]
2026-06-03T00:02:46.683-03:00 DEBUG 5788 --- [blog] [restartedMain] org.hibernate.SQL                        : 
    select
        d1_0.id,
        d1_0.nome_def,
        d1_0.tipo_def 
    from
        defensivo_terrabyte d1_0 
    where
        d1_0.id=?
2026-06-03T00:02:46.823-03:00 TRACE 5788 --- [blog] [restartedMain] o.s.t.i.TransactionInterceptor           : Completing transaction for [org.springframework.data.jpa.repository.support.SimpleJpaRepository.save]
2026-06-03T00:02:46.907-03:00 DEBUG 5788 --- [blog] [restartedMain] org.hibernate.SQL                        : 
    insert 
    into
        defensivo_terrabyte
        (nome_def, tipo_def, id) 
    values
        (?, ?, ?)
2026-06-03T00:02:47.013-03:00 TRACE 5788 --- [blog] [restartedMain] o.s.t.i.TransactionInterceptor           : Getting transaction for [org.springframework.data.jpa.repository.support.SimpleJpaRepository.save]
2026-06-03T00:02:47.014-03:00 DEBUG 5788 --- [blog] [restartedMain] org.hibernate.SQL                        : 
    select
        u1_0.id,
        u1_0.data_nasc_usu,
        u1_0.email_usu,
        u1_0.nome_usu,
        u1_0.senha_usu,
        u1_0.sexo_usu,
        u1_0.tel_usu,
        u1_0.url_img_usu 
    from
        usuario_terrabyte u1_0 
    where
        u1_0.id=?
2026-06-03T00:02:47.016-03:00 TRACE 5788 --- [blog] [restartedMain] o.s.t.i.TransactionInterceptor           : Completing transaction for [org.springframework.data.jpa.repository.support.SimpleJpaRepository.save]
2026-06-03T00:02:47.018-03:00 DEBUG 5788 --- [blog] [restartedMain] org.hibernate.SQL                        : 
    insert 
    into
        usuario_terrabyte
        (data_nasc_usu, email_usu, nome_usu, senha_usu, sexo_usu, tel_usu, url_img_usu, id) 
    values
        (?, ?, ?, ?, ?, ?, ?, ?)
2026-06-03T00:02:47.022-03:00 TRACE 5788 --- [blog] [restartedMain] o.s.t.i.TransactionInterceptor           : Getting transaction for [org.springframework.data.jpa.repository.support.SimpleJpaRepository.save]
2026-06-03T00:02:47.023-03:00 DEBUG 5788 --- [blog] [restartedMain] org.hibernate.SQL                        : 
    select
        ts1_0.id,
        ts1_0.nome_sol 
    from
        tipo_solo_terrabyte ts1_0 
    where
        ts1_0.id=?
2026-06-03T00:02:47.024-03:00 TRACE 5788 --- [blog] [restartedMain] o.s.t.i.TransactionInterceptor           : Completing transaction for [org.springframework.data.jpa.repository.support.SimpleJpaRepository.save]
2026-06-03T00:02:47.025-03:00 DEBUG 5788 --- [blog] [restartedMain] org.hibernate.SQL                        : 
    insert 
    into
        tipo_solo_terrabyte
        (nome_sol, id) 
    values
        (?, ?)
2026-06-03T00:02:47.026-03:00 TRACE 5788 --- [blog] [restartedMain] o.s.t.i.TransactionInterceptor           : Getting transaction for [org.springframework.data.jpa.repository.support.SimpleJpaRepository.save]
2026-06-03T00:02:47.026-03:00 DEBUG 5788 --- [blog] [restartedMain] org.hibernate.SQL                        : 
    select
        ts1_0.id,
        ts1_0.nome_sol 
    from
        tipo_solo_terrabyte ts1_0 
    where
        ts1_0.id=?
2026-06-03T00:02:47.027-03:00 TRACE 5788 --- [blog] [restartedMain] o.s.t.i.TransactionInterceptor           : Completing transaction for [org.springframework.data.jpa.repository.support.SimpleJpaRepository.save]
2026-06-03T00:02:47.027-03:00 DEBUG 5788 --- [blog] [restartedMain] org.hibernate.SQL                        : 
    insert 
    into
        tipo_solo_terrabyte
        (nome_sol, id) 
    values
        (?, ?)
2026-06-03T00:02:47.028-03:00 TRACE 5788 --- [blog] [restartedMain] o.s.t.i.TransactionInterceptor           : Getting transaction for [org.springframework.data.jpa.repository.support.SimpleJpaRepository.save]
2026-06-03T00:02:47.029-03:00 DEBUG 5788 --- [blog] [restartedMain] org.hibernate.SQL                        : 
    select
        ts1_0.id,
        ts1_0.nome_sol 
    from
        tipo_solo_terrabyte ts1_0 
    where
        ts1_0.id=?
2026-06-03T00:02:47.029-03:00 TRACE 5788 --- [blog] [restartedMain] o.s.t.i.TransactionInterceptor           : Completing transaction for [org.springframework.data.jpa.repository.support.SimpleJpaRepository.save]
2026-06-03T00:02:47.030-03:00 DEBUG 5788 --- [blog] [restartedMain] org.hibernate.SQL                        : 
    insert 
    into
        tipo_solo_terrabyte
        (nome_sol, id) 
    values
        (?, ?)
2026-06-03T00:02:47.031-03:00 TRACE 5788 --- [blog] [restartedMain] o.s.t.i.TransactionInterceptor           : Getting transaction for [org.springframework.data.jpa.repository.support.SimpleJpaRepository.save]
2026-06-03T00:02:47.032-03:00 DEBUG 5788 --- [blog] [restartedMain] org.hibernate.SQL                        : 
    select
        ts1_0.id,
        ts1_0.nome_sol 
    from
        tipo_solo_terrabyte ts1_0 
    where
        ts1_0.id=?
2026-06-03T00:02:47.032-03:00 TRACE 5788 --- [blog] [restartedMain] o.s.t.i.TransactionInterceptor           : Completing transaction for [org.springframework.data.jpa.repository.support.SimpleJpaRepository.save]
2026-06-03T00:02:47.033-03:00 DEBUG 5788 --- [blog] [restartedMain] org.hibernate.SQL                        : 
    insert 
    into
        tipo_solo_terrabyte
        (nome_sol, id) 
    values
        (?, ?)
2026-06-03T00:02:47.034-03:00 TRACE 5788 --- [blog] [restartedMain] o.s.t.i.TransactionInterceptor           : Getting transaction for [org.springframework.data.jpa.repository.support.SimpleJpaRepository.save]
2026-06-03T00:02:47.034-03:00 DEBUG 5788 --- [blog] [restartedMain] org.hibernate.SQL                        : 
    select
        ts1_0.id,
        ts1_0.nome_sol 
    from
        tipo_solo_terrabyte ts1_0 
    where
        ts1_0.id=?
2026-06-03T00:02:47.035-03:00 TRACE 5788 --- [blog] [restartedMain] o.s.t.i.TransactionInterceptor           : Completing transaction for [org.springframework.data.jpa.repository.support.SimpleJpaRepository.save]
2026-06-03T00:02:47.035-03:00 DEBUG 5788 --- [blog] [restartedMain] org.hibernate.SQL                        : 
    insert 
    into
        tipo_solo_terrabyte
        (nome_sol, id) 
    values
        (?, ?)
2026-06-03T00:02:47.036-03:00 TRACE 5788 --- [blog] [restartedMain] o.s.t.i.TransactionInterceptor           : Getting transaction for [org.springframework.data.jpa.repository.support.SimpleJpaRepository.save]
2026-06-03T00:02:47.037-03:00 DEBUG 5788 --- [blog] [restartedMain] org.hibernate.SQL                        : 
    select
        ts1_0.id,
        ts1_0.nome_sol 
    from
        tipo_solo_terrabyte ts1_0 
    where
        ts1_0.id=?
2026-06-03T00:02:47.037-03:00 TRACE 5788 --- [blog] [restartedMain] o.s.t.i.TransactionInterceptor           : Completing transaction for [org.springframework.data.jpa.repository.support.SimpleJpaRepository.save]
2026-06-03T00:02:47.038-03:00 DEBUG 5788 --- [blog] [restartedMain] org.hibernate.SQL                        : 
    insert 
    into
        tipo_solo_terrabyte
        (nome_sol, id) 
    values
        (?, ?)
2026-06-03T00:02:47.039-03:00 TRACE 5788 --- [blog] [restartedMain] o.s.t.i.TransactionInterceptor           : Getting transaction for [org.springframework.data.jpa.repository.support.SimpleJpaRepository.save]
2026-06-03T00:02:47.039-03:00 DEBUG 5788 --- [blog] [restartedMain] org.hibernate.SQL                        : 
    select
        ts1_0.id,
        ts1_0.nome_sol 
    from
        tipo_solo_terrabyte ts1_0 
    where
        ts1_0.id=?
2026-06-03T00:02:47.040-03:00 TRACE 5788 --- [blog] [restartedMain] o.s.t.i.TransactionInterceptor           : Completing transaction for [org.springframework.data.jpa.repository.support.SimpleJpaRepository.save]
2026-06-03T00:02:47.040-03:00 DEBUG 5788 --- [blog] [restartedMain] org.hibernate.SQL                        : 
    insert 
    into
        tipo_solo_terrabyte
        (nome_sol, id) 
    values
        (?, ?)
2026-06-03T00:02:47.041-03:00 TRACE 5788 --- [blog] [restartedMain] o.s.t.i.TransactionInterceptor           : Getting transaction for [org.springframework.data.jpa.repository.support.SimpleJpaRepository.save]
2026-06-03T00:02:47.042-03:00 DEBUG 5788 --- [blog] [restartedMain] org.hibernate.SQL                        : 
    select
        ts1_0.id,
        ts1_0.nome_sol 
    from
        tipo_solo_terrabyte ts1_0 
    where
        ts1_0.id=?
2026-06-03T00:02:47.042-03:00 TRACE 5788 --- [blog] [restartedMain] o.s.t.i.TransactionInterceptor           : Completing transaction for [org.springframework.data.jpa.repository.support.SimpleJpaRepository.save]
2026-06-03T00:02:47.043-03:00 DEBUG 5788 --- [blog] [restartedMain] org.hibernate.SQL                        : 
    insert 
    into
        tipo_solo_terrabyte
        (nome_sol, id) 
    values
        (?, ?)
2026-06-03T00:02:47.044-03:00 TRACE 5788 --- [blog] [restartedMain] o.s.t.i.TransactionInterceptor           : Getting transaction for [org.springframework.data.jpa.repository.support.SimpleJpaRepository.save]
2026-06-03T00:02:47.044-03:00 DEBUG 5788 --- [blog] [restartedMain] org.hibernate.SQL                        : 
    select
        ts1_0.id,
        ts1_0.nome_sol 
    from
        tipo_solo_terrabyte ts1_0 
    where
        ts1_0.id=?
2026-06-03T00:02:47.045-03:00 TRACE 5788 --- [blog] [restartedMain] o.s.t.i.TransactionInterceptor           : Completing transaction for [org.springframework.data.jpa.repository.support.SimpleJpaRepository.save]
2026-06-03T00:02:47.046-03:00 DEBUG 5788 --- [blog] [restartedMain] org.hibernate.SQL                        : 
    insert 
    into
        tipo_solo_terrabyte
        (nome_sol, id) 
    values
        (?, ?)
2026-06-03T00:02:47.047-03:00 TRACE 5788 --- [blog] [restartedMain] o.s.t.i.TransactionInterceptor           : Getting transaction for [org.springframework.data.jpa.repository.support.SimpleJpaRepository.save]
2026-06-03T00:02:47.047-03:00 DEBUG 5788 --- [blog] [restartedMain] org.hibernate.SQL                        : 
    select
        ts1_0.id,
        ts1_0.nome_sol 
    from
        tipo_solo_terrabyte ts1_0 
    where
        ts1_0.id=?
2026-06-03T00:02:47.047-03:00 TRACE 5788 --- [blog] [restartedMain] o.s.t.i.TransactionInterceptor           : Completing transaction for [org.springframework.data.jpa.repository.support.SimpleJpaRepository.save]
2026-06-03T00:02:47.048-03:00 DEBUG 5788 --- [blog] [restartedMain] org.hibernate.SQL                        : 
    insert 
    into
        tipo_solo_terrabyte
        (nome_sol, id) 
    values
        (?, ?)
2026-06-03T00:02:47.049-03:00 TRACE 5788 --- [blog] [restartedMain] o.s.t.i.TransactionInterceptor           : Getting transaction for [org.springframework.data.jpa.repository.support.SimpleJpaRepository.save]
2026-06-03T00:02:47.049-03:00 DEBUG 5788 --- [blog] [restartedMain] org.hibernate.SQL                        : 
    select
        ts1_0.id,
        ts1_0.nome_sol 
    from
        tipo_solo_terrabyte ts1_0 
    where
        ts1_0.id=?
2026-06-03T00:02:47.050-03:00 TRACE 5788 --- [blog] [restartedMain] o.s.t.i.TransactionInterceptor           : Completing transaction for [org.springframework.data.jpa.repository.support.SimpleJpaRepository.save]
2026-06-03T00:02:47.051-03:00 DEBUG 5788 --- [blog] [restartedMain] org.hibernate.SQL                        : 
    insert 
    into
        tipo_solo_terrabyte
        (nome_sol, id) 
    values
        (?, ?)
2026-06-03T00:02:47.052-03:00 TRACE 5788 --- [blog] [restartedMain] o.s.t.i.TransactionInterceptor           : Getting transaction for [org.springframework.data.jpa.repository.support.SimpleJpaRepository.save]
2026-06-03T00:02:47.052-03:00 DEBUG 5788 --- [blog] [restartedMain] org.hibernate.SQL                        : 
    select
        ts1_0.id,
        ts1_0.nome_sol 
    from
        tipo_solo_terrabyte ts1_0 
    where
        ts1_0.id=?
2026-06-03T00:02:47.053-03:00 TRACE 5788 --- [blog] [restartedMain] o.s.t.i.TransactionInterceptor           : Completing transaction for [org.springframework.data.jpa.repository.support.SimpleJpaRepository.save]
2026-06-03T00:02:47.054-03:00 DEBUG 5788 --- [blog] [restartedMain] org.hibernate.SQL                        : 
    insert 
    into
        tipo_solo_terrabyte
        (nome_sol, id) 
    values
        (?, ?)
2026-06-03T00:02:47.055-03:00 TRACE 5788 --- [blog] [restartedMain] o.s.t.i.TransactionInterceptor           : Getting transaction for [org.springframework.data.jpa.repository.support.SimpleJpaRepository.save]
2026-06-03T00:02:47.055-03:00 DEBUG 5788 --- [blog] [restartedMain] org.hibernate.SQL                        : 
    select
        ts1_0.id,
        ts1_0.nome_sol 
    from
        tipo_solo_terrabyte ts1_0 
    where
        ts1_0.id=?
2026-06-03T00:02:47.056-03:00 TRACE 5788 --- [blog] [restartedMain] o.s.t.i.TransactionInterceptor           : Completing transaction for [org.springframework.data.jpa.repository.support.SimpleJpaRepository.save]
2026-06-03T00:02:47.057-03:00 DEBUG 5788 --- [blog] [restartedMain] org.hibernate.SQL                        : 
    insert 
    into
        tipo_solo_terrabyte
        (nome_sol, id) 
    values
        (?, ?)
2026-06-03T00:02:47.057-03:00 TRACE 5788 --- [blog] [restartedMain] o.s.t.i.TransactionInterceptor           : Getting transaction for [org.springframework.data.jpa.repository.support.SimpleJpaRepository.save]
2026-06-03T00:02:47.058-03:00 DEBUG 5788 --- [blog] [restartedMain] org.hibernate.SQL                        : 
    select
        ts1_0.id,
        ts1_0.nome_sol 
    from
        tipo_solo_terrabyte ts1_0 
    where
        ts1_0.id=?
2026-06-03T00:02:47.058-03:00 TRACE 5788 --- [blog] [restartedMain] o.s.t.i.TransactionInterceptor           : Completing transaction for [org.springframework.data.jpa.repository.support.SimpleJpaRepository.save]
2026-06-03T00:02:47.059-03:00 DEBUG 5788 --- [blog] [restartedMain] org.hibernate.SQL                        : 
    insert 
    into
        tipo_solo_terrabyte
        (nome_sol, id) 
    values
        (?, ?)
2026-06-03T00:03:12.524-03:00  INFO 5788 --- [blog] [SpringApplicationShutdownHook] o.s.b.w.e.tomcat.GracefulShutdown        : Commencing graceful shutdown. Waiting for active requests to complete
2026-06-03T00:03:12.529-03:00  INFO 5788 --- [blog] [tomcat-shutdown] o.s.b.w.e.tomcat.GracefulShutdown        : Graceful shutdown complete
2026-06-03T00:03:12.538-03:00  INFO 5788 --- [blog] [SpringApplicationShutdownHook] j.LocalContainerEntityManagerFactoryBean : Closing JPA EntityManagerFactory for persistence unit 'default'
2026-06-03T00:03:12.539-03:00 DEBUG 5788 --- [blog] [SpringApplicationShutdownHook] org.hibernate.SQL                        : 
    drop table if exists analise_plantio_terrabyte cascade 
2026-06-03T00:03:12.542-03:00 DEBUG 5788 --- [blog] [SpringApplicationShutdownHook] org.hibernate.SQL                        : 
    drop table if exists defensivo_terrabyte cascade 
2026-06-03T00:03:12.544-03:00 DEBUG 5788 --- [blog] [SpringApplicationShutdownHook] org.hibernate.SQL                        : 
    drop table if exists endereco_plantio_terrabyte cascade 
2026-06-03T00:03:12.546-03:00 DEBUG 5788 --- [blog] [SpringApplicationShutdownHook] org.hibernate.SQL                        : 
    drop table if exists plan_def_terrabyte cascade 
2026-06-03T00:03:12.548-03:00 DEBUG 5788 --- [blog] [SpringApplicationShutdownHook] org.hibernate.SQL                        : 
    drop table if exists plan_tp_terrabyte cascade 
2026-06-03T00:03:12.550-03:00 DEBUG 5788 --- [blog] [SpringApplicationShutdownHook] org.hibernate.SQL                        : 
    drop table if exists plantio_terrabyte cascade 
2026-06-03T00:03:12.554-03:00 DEBUG 5788 --- [blog] [SpringApplicationShutdownHook] org.hibernate.SQL                        : 
    drop table if exists tipo_solo_terrabyte cascade 
2026-06-03T00:03:12.555-03:00 DEBUG 5788 --- [blog] [SpringApplicationShutdownHook] org.hibernate.SQL                        : 
    drop table if exists usuario_terrabyte cascade 
2026-06-03T00:03:12.564-03:00  WARN 5788 --- [blog] [SpringApplicationShutdownHook] o.s.b.f.support.DisposableBeanAdapter    : Invocation of destroy method failed on bean with name 'inMemoryDatabaseShutdownExecutor': org.h2.jdbc.JdbcSQLNonTransientConnectionException: Database is already closed (to disable automatic closing at VM shutdown, add ";DB_CLOSE_ON_EXIT=FALSE" to the db URL) [90121-232]
2026-06-03T00:03:12.565-03:00  INFO 5788 --- [blog] [SpringApplicationShutdownHook] com.zaxxer.hikari.HikariDataSource       : blogHikariConnectionPool - Shutdown initiated...
2026-06-03T00:03:12.573-03:00  INFO 5788 --- [blog] [SpringApplicationShutdownHook] com.zaxxer.hikari.HikariDataSource       : blogHikariConnectionPool - Shutdown completed.
2026-06-03T00:03:36.228-03:00  INFO 10676 --- [blog] [restartedMain] b.c.f.j.blog.backend.BackendApplication  : Starting BackendApplication using Java 21.0.11 with PID 10676 (C:\Users\carol\OneDrive\Área de Trabalho\FIAP\Global - 1Sem\Java\backend\target\classes started by carol in C:\Users\carol\OneDrive\Área de Trabalho\FIAP\Global - 1Sem\Java\backend)
2026-06-03T00:03:36.235-03:00  INFO 10676 --- [blog] [restartedMain] b.c.f.j.blog.backend.BackendApplication  : No active profile set, falling back to 1 default profile: "default"
2026-06-03T00:03:36.405-03:00  INFO 10676 --- [blog] [restartedMain] o.s.b.devtools.restart.ChangeableUrls    : The Class-Path manifest attribute in C:\Users\carol\.m2\repository\com\oracle\database\jdbc\ojdbc11\23.7.0.25.01\ojdbc11-23.7.0.25.01.jar referenced one or more files that do not exist: file:/C:/Users/carol/.m2/repository/com/oracle/database/jdbc/ojdbc11/23.7.0.25.01/oraclepki.jar
2026-06-03T00:03:36.406-03:00  INFO 10676 --- [blog] [restartedMain] .e.DevToolsPropertyDefaultsPostProcessor : Devtools property defaults active! Set 'spring.devtools.add-properties' to 'false' to disable
2026-06-03T00:03:36.406-03:00  INFO 10676 --- [blog] [restartedMain] .e.DevToolsPropertyDefaultsPostProcessor : For additional web related logging consider setting the 'logging.level.web' property to 'DEBUG'
2026-06-03T00:03:38.375-03:00  INFO 10676 --- [blog] [restartedMain] .s.d.r.c.RepositoryConfigurationDelegate : Bootstrapping Spring Data JPA repositories in DEFAULT mode.
2026-06-03T00:03:38.510-03:00  INFO 10676 --- [blog] [restartedMain] .s.d.r.c.RepositoryConfigurationDelegate : Finished Spring Data repository scanning in 115 ms. Found 6 JPA repository interfaces.
2026-06-03T00:03:39.734-03:00  INFO 10676 --- [blog] [restartedMain] o.s.b.w.embedded.tomcat.TomcatWebServer  : Tomcat initialized with port 8080 (http)
2026-06-03T00:03:39.753-03:00  INFO 10676 --- [blog] [restartedMain] o.apache.catalina.core.StandardService   : Starting service [Tomcat]
2026-06-03T00:03:39.754-03:00  INFO 10676 --- [blog] [restartedMain] o.apache.catalina.core.StandardEngine    : Starting Servlet engine: [Apache Tomcat/10.1.41]
2026-06-03T00:03:39.813-03:00  INFO 10676 --- [blog] [restartedMain] o.a.c.c.C.[Tomcat].[localhost].[/]       : Initializing Spring embedded WebApplicationContext
2026-06-03T00:03:39.813-03:00  INFO 10676 --- [blog] [restartedMain] w.s.c.ServletWebServerApplicationContext : Root WebApplicationContext: initialization completed in 3402 ms
2026-06-03T00:03:40.013-03:00  INFO 10676 --- [blog] [restartedMain] o.hibernate.jpa.internal.util.LogHelper  : HHH000204: Processing PersistenceUnitInfo [name: default]
2026-06-03T00:03:40.103-03:00  INFO 10676 --- [blog] [restartedMain] org.hibernate.Version                    : HHH000412: Hibernate ORM core version 6.6.15.Final
2026-06-03T00:03:40.211-03:00  INFO 10676 --- [blog] [restartedMain] o.h.c.internal.RegionFactoryInitiator    : HHH000026: Second-level cache disabled
2026-06-03T00:03:41.217-03:00  INFO 10676 --- [blog] [restartedMain] o.s.o.j.p.SpringPersistenceUnitInfo      : No LoadTimeWeaver setup: ignoring JPA class transformer
2026-06-03T00:03:41.279-03:00  INFO 10676 --- [blog] [restartedMain] com.zaxxer.hikari.HikariDataSource       : blogHikariConnectionPool - Starting...
2026-06-03T00:03:42.021-03:00  INFO 10676 --- [blog] [restartedMain] com.zaxxer.hikari.pool.HikariPool        : blogHikariConnectionPool - Added connection conn0: url=jdbc:h2:mem:blogdb user=SA
2026-06-03T00:03:42.026-03:00  INFO 10676 --- [blog] [restartedMain] com.zaxxer.hikari.HikariDataSource       : blogHikariConnectionPool - Start completed.
2026-06-03T00:03:42.327-03:00  INFO 10676 --- [blog] [restartedMain] org.hibernate.orm.connections.pooling    : HHH10001005: Database info:
	Database JDBC URL [Connecting through datasource 'HikariDataSource (blogHikariConnectionPool)']
	Database driver: undefined/unknown
	Database version: 2.3.232
	Autocommit mode: undefined/unknown
	Isolation level: undefined/unknown
	Minimum pool size: undefined/unknown
	Maximum pool size: undefined/unknown
2026-06-03T00:03:44.451-03:00  INFO 10676 --- [blog] [restartedMain] o.h.e.t.j.p.i.JtaPlatformInitiator       : HHH000489: No JTA platform available (set 'hibernate.transaction.jta.platform' to enable JTA platform integration)
2026-06-03T00:03:44.469-03:00 DEBUG 10676 --- [blog] [restartedMain] org.hibernate.SQL                        : 
    drop table if exists analise_plantio_terrabyte cascade 
2026-06-03T00:03:44.473-03:00 DEBUG 10676 --- [blog] [restartedMain] org.hibernate.SQL                        : 
    drop table if exists defensivo_terrabyte cascade 
2026-06-03T00:03:44.473-03:00 DEBUG 10676 --- [blog] [restartedMain] org.hibernate.SQL                        : 
    drop table if exists endereco_plantio_terrabyte cascade 
2026-06-03T00:03:44.474-03:00 DEBUG 10676 --- [blog] [restartedMain] org.hibernate.SQL                        : 
    drop table if exists plan_def_terrabyte cascade 
2026-06-03T00:03:44.474-03:00 DEBUG 10676 --- [blog] [restartedMain] org.hibernate.SQL                        : 
    drop table if exists plan_tp_terrabyte cascade 
2026-06-03T00:03:44.474-03:00 DEBUG 10676 --- [blog] [restartedMain] org.hibernate.SQL                        : 
    drop table if exists plantio_terrabyte cascade 
2026-06-03T00:03:44.474-03:00 DEBUG 10676 --- [blog] [restartedMain] org.hibernate.SQL                        : 
    drop table if exists tipo_solo_terrabyte cascade 
2026-06-03T00:03:44.475-03:00 DEBUG 10676 --- [blog] [restartedMain] org.hibernate.SQL                        : 
    drop table if exists usuario_terrabyte cascade 
2026-06-03T00:03:44.482-03:00 DEBUG 10676 --- [blog] [restartedMain] org.hibernate.SQL                        : 
    create table analise_plantio_terrabyte (
        adeq_ana float(53),
        dt_ana date,
        temp_max_ana float(53),
        temp_min_ana float(53),
        umidade_med_ana float(53),
        id uuid not null,
        "id_end_(pk)" uuid,
        "id_plan_(pk)" uuid,
        "id_usu_(pk)" uuid,
        nvl_risc_ana varchar(255),
        rec_ana varchar(255),
        primary key (id)
    )
2026-06-03T00:03:44.493-03:00 DEBUG 10676 --- [blog] [restartedMain] org.hibernate.SQL                        : 
    create table defensivo_terrabyte (
        id uuid not null,
        nome_def varchar(100) not null,
        tipo_def varchar(100) not null,
        primary key (id)
    )
2026-06-03T00:03:44.495-03:00 DEBUG 10676 --- [blog] [restartedMain] org.hibernate.SQL                        : 
    create table endereco_plantio_terrabyte (
        areia_end float(53),
        argila_end float(53),
        lat_end float(53),
        long_end float(53),
        raio_end float(53),
        silto_end float(53),
        cep_end varchar(9) not null,
        id uuid not null,
        id_solo_fk uuid,
        bairro_end varchar(100),
        cidade_end varchar(100),
        estado_end varchar(100),
        lograd_end varchar(100),
        nome_end varchar(300),
        primary key (id)
    )
2026-06-03T00:03:44.497-03:00 DEBUG 10676 --- [blog] [restartedMain] org.hibernate.SQL                        : 
    create table plan_def_terrabyte (
        "id_def_(fk)" uuid not null,
        "id_plan_(fk)" uuid not null,
        primary key ("id_def_(fk)", "id_plan_(fk)")
    )
2026-06-03T00:03:44.499-03:00 DEBUG 10676 --- [blog] [restartedMain] org.hibernate.SQL                        : 
    create table plan_tp_terrabyte (
        "id_plan_(fk)" uuid not null,
        "id_solo_(fk)" uuid not null,
        primary key ("id_plan_(fk)", "id_solo_(fk)")
    )
2026-06-03T00:03:44.500-03:00 DEBUG 10676 --- [blog] [restartedMain] org.hibernate.SQL                        : 
    create table plantio_terrabyte (
        agua_mm_plan float(53) not null,
        temp_max_plan float(53) not null,
        temp_min_plan float(53) not null,
        id uuid not null,
        url_img_plan varchar(100),
        nome_plan varchar(150) not null,
        epoca_plan tinyint array not null,
        primary key (id)
    )
2026-06-03T00:03:44.501-03:00 DEBUG 10676 --- [blog] [restartedMain] org.hibernate.SQL                        : 
    create table tipo_solo_terrabyte (
        id uuid not null,
        nome_sol varchar(150) not null,
        primary key (id)
    )
2026-06-03T00:03:44.503-03:00 DEBUG 10676 --- [blog] [restartedMain] org.hibernate.SQL                        : 
    create table usuario_terrabyte (
        data_nasc_usu date not null,
        sexo_usu tinyint not null check (sexo_usu between 0 and 1),
        tel_usu varchar(11) not null,
        id uuid not null,
        email_usu varchar(100) not null,
        nome_usu varchar(100) not null,
        senha_usu varchar(100) not null,
        url_img_usu varchar(100),
        primary key (id)
    )
2026-06-03T00:03:44.508-03:00 DEBUG 10676 --- [blog] [restartedMain] org.hibernate.SQL                        : 
    alter table if exists analise_plantio_terrabyte 
       add constraint FKm2t7s0ieg1x7yq7d7b5hgg1qj 
       foreign key ("id_end_(pk)") 
       references endereco_plantio_terrabyte
2026-06-03T00:03:44.521-03:00 DEBUG 10676 --- [blog] [restartedMain] org.hibernate.SQL                        : 
    alter table if exists analise_plantio_terrabyte 
       add constraint FK7q2auth5aj4t4jm6n5y7svcfb 
       foreign key ("id_plan_(pk)") 
       references plantio_terrabyte
2026-06-03T00:03:44.523-03:00 DEBUG 10676 --- [blog] [restartedMain] org.hibernate.SQL                        : 
    alter table if exists analise_plantio_terrabyte 
       add constraint FK1vw0pr8bh1h2joy8b154di38s 
       foreign key ("id_usu_(pk)") 
       references usuario_terrabyte
2026-06-03T00:03:44.525-03:00 DEBUG 10676 --- [blog] [restartedMain] org.hibernate.SQL                        : 
    alter table if exists endereco_plantio_terrabyte 
       add constraint FKixee6jq0ndswkrhidf4x6djy5 
       foreign key (id_solo_fk) 
       references tipo_solo_terrabyte
2026-06-03T00:03:44.526-03:00 DEBUG 10676 --- [blog] [restartedMain] org.hibernate.SQL                        : 
    alter table if exists plan_def_terrabyte 
       add constraint FKp0xenvr5hdhfkyyvbqwuxk1oc 
       foreign key ("id_def_(fk)") 
       references defensivo_terrabyte
2026-06-03T00:03:44.528-03:00 DEBUG 10676 --- [blog] [restartedMain] org.hibernate.SQL                        : 
    alter table if exists plan_def_terrabyte 
       add constraint FKa0bqr2mgy5kt5mlbrc8xmbkii 
       foreign key ("id_plan_(fk)") 
       references plantio_terrabyte
2026-06-03T00:03:44.530-03:00 DEBUG 10676 --- [blog] [restartedMain] org.hibernate.SQL                        : 
    alter table if exists plan_tp_terrabyte 
       add constraint FK2favlmqtx395sy8jtphut1ge2 
       foreign key ("id_solo_(fk)") 
       references tipo_solo_terrabyte
2026-06-03T00:03:44.531-03:00 DEBUG 10676 --- [blog] [restartedMain] org.hibernate.SQL                        : 
    alter table if exists plan_tp_terrabyte 
       add constraint FKiebsj2yn45ohwc49alii3kfvo 
       foreign key ("id_plan_(fk)") 
       references plantio_terrabyte
2026-06-03T00:03:44.538-03:00  INFO 10676 --- [blog] [restartedMain] j.LocalContainerEntityManagerFactoryBean : Initialized JPA EntityManagerFactory for persistence unit 'default'
2026-06-03T00:03:45.208-03:00 TRACE 10676 --- [blog] [restartedMain] t.a.AnnotationTransactionAttributeSource : Adding transactional method 'br.com.fiap.javaadv.blog.backend.services.AnaliseServiceImp.delete' with attribute: PROPAGATION_REQUIRED,ISOLATION_DEFAULT
2026-06-03T00:03:45.219-03:00 TRACE 10676 --- [blog] [restartedMain] t.a.AnnotationTransactionAttributeSource : Adding transactional method 'br.com.fiap.javaadv.blog.backend.services.AnaliseServiceImp.create' with attribute: PROPAGATION_REQUIRED,ISOLATION_DEFAULT
2026-06-03T00:03:45.219-03:00 TRACE 10676 --- [blog] [restartedMain] t.a.AnnotationTransactionAttributeSource : Adding transactional method 'br.com.fiap.javaadv.blog.backend.services.AnaliseServiceImp.existsById' with attribute: PROPAGATION_NOT_SUPPORTED,ISOLATION_DEFAULT
2026-06-03T00:03:45.219-03:00 TRACE 10676 --- [blog] [restartedMain] t.a.AnnotationTransactionAttributeSource : Adding transactional method 'br.com.fiap.javaadv.blog.backend.services.AnaliseServiceImp.fetchById' with attribute: PROPAGATION_NOT_SUPPORTED,ISOLATION_DEFAULT
2026-06-03T00:03:45.219-03:00 TRACE 10676 --- [blog] [restartedMain] t.a.AnnotationTransactionAttributeSource : Adding transactional method 'br.com.fiap.javaadv.blog.backend.services.AnaliseServiceImp.fetchAll' with attribute: PROPAGATION_REQUIRED,ISOLATION_DEFAULT
2026-06-03T00:03:45.263-03:00 TRACE 10676 --- [blog] [restartedMain] t.a.AnnotationTransactionAttributeSource : Adding transactional method 'br.com.fiap.javaadv.blog.backend.services.DefensivoServiceImp.delete' with attribute: PROPAGATION_REQUIRED,ISOLATION_DEFAULT
2026-06-03T00:03:45.264-03:00 TRACE 10676 --- [blog] [restartedMain] t.a.AnnotationTransactionAttributeSource : Adding transactional method 'br.com.fiap.javaadv.blog.backend.services.DefensivoServiceImp.create' with attribute: PROPAGATION_REQUIRED,ISOLATION_DEFAULT
2026-06-03T00:03:45.264-03:00 TRACE 10676 --- [blog] [restartedMain] t.a.AnnotationTransactionAttributeSource : Adding transactional method 'br.com.fiap.javaadv.blog.backend.services.DefensivoServiceImp.existsById' with attribute: PROPAGATION_NOT_SUPPORTED,ISOLATION_DEFAULT
2026-06-03T00:03:45.265-03:00 TRACE 10676 --- [blog] [restartedMain] t.a.AnnotationTransactionAttributeSource : Adding transactional method 'br.com.fiap.javaadv.blog.backend.services.DefensivoServiceImp.fetchById' with attribute: PROPAGATION_NOT_SUPPORTED,ISOLATION_DEFAULT
2026-06-03T00:03:45.265-03:00 TRACE 10676 --- [blog] [restartedMain] t.a.AnnotationTransactionAttributeSource : Adding transactional method 'br.com.fiap.javaadv.blog.backend.services.DefensivoServiceImp.fetchAll' with attribute: PROPAGATION_REQUIRED,ISOLATION_DEFAULT
2026-06-03T00:03:45.295-03:00 TRACE 10676 --- [blog] [restartedMain] t.a.AnnotationTransactionAttributeSource : Adding transactional method 'br.com.fiap.javaadv.blog.backend.services.EnderecoPlanServiceImp.update' with attribute: PROPAGATION_REQUIRED,ISOLATION_DEFAULT
2026-06-03T00:03:45.296-03:00 TRACE 10676 --- [blog] [restartedMain] t.a.AnnotationTransactionAttributeSource : Adding transactional method 'br.com.fiap.javaadv.blog.backend.services.EnderecoPlanServiceImp.delete' with attribute: PROPAGATION_REQUIRED,ISOLATION_DEFAULT
2026-06-03T00:03:45.296-03:00 TRACE 10676 --- [blog] [restartedMain] t.a.AnnotationTransactionAttributeSource : Adding transactional method 'br.com.fiap.javaadv.blog.backend.services.EnderecoPlanServiceImp.create' with attribute: PROPAGATION_REQUIRED,ISOLATION_DEFAULT
2026-06-03T00:03:45.296-03:00 TRACE 10676 --- [blog] [restartedMain] t.a.AnnotationTransactionAttributeSource : Adding transactional method 'br.com.fiap.javaadv.blog.backend.services.EnderecoPlanServiceImp.existsById' with attribute: PROPAGATION_NOT_SUPPORTED,ISOLATION_DEFAULT
2026-06-03T00:03:45.297-03:00 TRACE 10676 --- [blog] [restartedMain] t.a.AnnotationTransactionAttributeSource : Adding transactional method 'br.com.fiap.javaadv.blog.backend.services.EnderecoPlanServiceImp.fetchById' with attribute: PROPAGATION_NOT_SUPPORTED,ISOLATION_DEFAULT
2026-06-03T00:03:45.297-03:00 TRACE 10676 --- [blog] [restartedMain] t.a.AnnotationTransactionAttributeSource : Adding transactional method 'br.com.fiap.javaadv.blog.backend.services.EnderecoPlanServiceImp.fetchAll' with attribute: PROPAGATION_REQUIRED,ISOLATION_DEFAULT
2026-06-03T00:03:45.348-03:00 TRACE 10676 --- [blog] [restartedMain] t.a.AnnotationTransactionAttributeSource : Adding transactional method 'br.com.fiap.javaadv.blog.backend.services.PlantioServiceImp.delete' with attribute: PROPAGATION_REQUIRED,ISOLATION_DEFAULT
2026-06-03T00:03:45.352-03:00 TRACE 10676 --- [blog] [restartedMain] t.a.AnnotationTransactionAttributeSource : Adding transactional method 'br.com.fiap.javaadv.blog.backend.services.PlantioServiceImp.create' with attribute: PROPAGATION_REQUIRED,ISOLATION_DEFAULT
2026-06-03T00:03:45.354-03:00 TRACE 10676 --- [blog] [restartedMain] t.a.AnnotationTransactionAttributeSource : Adding transactional method 'br.com.fiap.javaadv.blog.backend.services.PlantioServiceImp.existsById' with attribute: PROPAGATION_NOT_SUPPORTED,ISOLATION_DEFAULT
2026-06-03T00:03:45.354-03:00 TRACE 10676 --- [blog] [restartedMain] t.a.AnnotationTransactionAttributeSource : Adding transactional method 'br.com.fiap.javaadv.blog.backend.services.PlantioServiceImp.fetchById' with attribute: PROPAGATION_NOT_SUPPORTED,ISOLATION_DEFAULT
2026-06-03T00:03:45.355-03:00 TRACE 10676 --- [blog] [restartedMain] t.a.AnnotationTransactionAttributeSource : Adding transactional method 'br.com.fiap.javaadv.blog.backend.services.PlantioServiceImp.fetchAll' with attribute: PROPAGATION_REQUIRED,ISOLATION_DEFAULT
2026-06-03T00:03:45.365-03:00 TRACE 10676 --- [blog] [restartedMain] t.a.AnnotationTransactionAttributeSource : Adding transactional method 'br.com.fiap.javaadv.blog.backend.services.TipoSoloServiceImp.delete' with attribute: PROPAGATION_REQUIRED,ISOLATION_DEFAULT
2026-06-03T00:03:45.366-03:00 TRACE 10676 --- [blog] [restartedMain] t.a.AnnotationTransactionAttributeSource : Adding transactional method 'br.com.fiap.javaadv.blog.backend.services.TipoSoloServiceImp.create' with attribute: PROPAGATION_REQUIRED,ISOLATION_DEFAULT
2026-06-03T00:03:45.366-03:00 TRACE 10676 --- [blog] [restartedMain] t.a.AnnotationTransactionAttributeSource : Adding transactional method 'br.com.fiap.javaadv.blog.backend.services.TipoSoloServiceImp.existsById' with attribute: PROPAGATION_NOT_SUPPORTED,ISOLATION_DEFAULT
2026-06-03T00:03:45.366-03:00 TRACE 10676 --- [blog] [restartedMain] t.a.AnnotationTransactionAttributeSource : Adding transactional method 'br.com.fiap.javaadv.blog.backend.services.TipoSoloServiceImp.fetchById' with attribute: PROPAGATION_NOT_SUPPORTED,ISOLATION_DEFAULT
2026-06-03T00:03:45.367-03:00 TRACE 10676 --- [blog] [restartedMain] t.a.AnnotationTransactionAttributeSource : Adding transactional method 'br.com.fiap.javaadv.blog.backend.services.TipoSoloServiceImp.fetchAll' with attribute: PROPAGATION_REQUIRED,ISOLATION_DEFAULT
2026-06-03T00:03:45.376-03:00 TRACE 10676 --- [blog] [restartedMain] t.a.AnnotationTransactionAttributeSource : Adding transactional method 'br.com.fiap.javaadv.blog.backend.services.UsuarioServiceImp.update' with attribute: PROPAGATION_REQUIRED,ISOLATION_DEFAULT
2026-06-03T00:03:45.377-03:00 TRACE 10676 --- [blog] [restartedMain] t.a.AnnotationTransactionAttributeSource : Adding transactional method 'br.com.fiap.javaadv.blog.backend.services.UsuarioServiceImp.delete' with attribute: PROPAGATION_REQUIRED,ISOLATION_DEFAULT
2026-06-03T00:03:45.377-03:00 TRACE 10676 --- [blog] [restartedMain] t.a.AnnotationTransactionAttributeSource : Adding transactional method 'br.com.fiap.javaadv.blog.backend.services.UsuarioServiceImp.create' with attribute: PROPAGATION_REQUIRED,ISOLATION_DEFAULT
2026-06-03T00:03:45.377-03:00 TRACE 10676 --- [blog] [restartedMain] t.a.AnnotationTransactionAttributeSource : Adding transactional method 'br.com.fiap.javaadv.blog.backend.services.UsuarioServiceImp.existsById' with attribute: PROPAGATION_NOT_SUPPORTED,ISOLATION_DEFAULT
2026-06-03T00:03:45.377-03:00 TRACE 10676 --- [blog] [restartedMain] t.a.AnnotationTransactionAttributeSource : Adding transactional method 'br.com.fiap.javaadv.blog.backend.services.UsuarioServiceImp.fetchById' with attribute: PROPAGATION_NOT_SUPPORTED,ISOLATION_DEFAULT
2026-06-03T00:03:45.377-03:00 TRACE 10676 --- [blog] [restartedMain] t.a.AnnotationTransactionAttributeSource : Adding transactional method 'br.com.fiap.javaadv.blog.backend.services.UsuarioServiceImp.fetchAll' with attribute: PROPAGATION_REQUIRED,ISOLATION_DEFAULT
2026-06-03T00:03:45.377-03:00 TRACE 10676 --- [blog] [restartedMain] t.a.AnnotationTransactionAttributeSource : Adding transactional method 'br.com.fiap.javaadv.blog.backend.services.UsuarioServiceImp.fetchByEmail' with attribute: PROPAGATION_REQUIRED,ISOLATION_DEFAULT
2026-06-03T00:03:45.653-03:00  WARN 10676 --- [blog] [restartedMain] JpaBaseConfiguration$JpaWebConfiguration : spring.jpa.open-in-view is enabled by default. Therefore, database queries may be performed during view rendering. Explicitly configure spring.jpa.open-in-view to disable this warning
2026-06-03T00:03:45.734-03:00  INFO 10676 --- [blog] [restartedMain] eAuthenticationProviderManagerConfigurer : Global AuthenticationManager configured with AuthenticationProvider bean with name authenticationProvider
2026-06-03T00:03:45.736-03:00  WARN 10676 --- [blog] [restartedMain] r$InitializeUserDetailsManagerConfigurer : Global AuthenticationManager configured with an AuthenticationProvider bean. UserDetailsService beans will not be used by Spring Security for automatically configuring username/password login. Consider removing the AuthenticationProvider bean. Alternatively, consider using the UserDetailsService in a manually instantiated DaoAuthenticationProvider. If the current configuration is intentional, to turn off this warning, increase the logging level of 'org.springframework.security.config.annotation.authentication.configuration.InitializeUserDetailsBeanManagerConfigurer' to ERROR
2026-06-03T00:03:46.982-03:00  INFO 10676 --- [blog] [restartedMain] o.s.b.a.h2.H2ConsoleAutoConfiguration    : H2 console available at '/console'. Database available at 'jdbc:h2:mem:blogdb'
2026-06-03T00:03:47.178-03:00  INFO 10676 --- [blog] [restartedMain] o.s.b.d.a.OptionalLiveReloadServer       : LiveReload server is running on port 35729
2026-06-03T00:03:47.215-03:00  INFO 10676 --- [blog] [restartedMain] o.a.c.c.C.[Tomcat].[localhost].[/]       : Initializing Spring DispatcherServlet 'dispatcherServlet'
2026-06-03T00:03:47.216-03:00  INFO 10676 --- [blog] [restartedMain] o.s.web.servlet.DispatcherServlet        : Initializing Servlet 'dispatcherServlet'
2026-06-03T00:03:47.220-03:00  INFO 10676 --- [blog] [restartedMain] o.s.web.servlet.DispatcherServlet        : Completed initialization in 2 ms
2026-06-03T00:03:47.221-03:00  INFO 10676 --- [blog] [restartedMain] o.s.b.w.embedded.tomcat.TomcatWebServer  : Tomcat started on port 8080 (http) with context path '/'
2026-06-03T00:03:47.230-03:00  INFO 10676 --- [blog] [restartedMain] b.c.f.j.blog.backend.BackendApplication  : Started BackendApplication in 12.045 seconds (process running for 13.216)
2026-06-03T00:03:47.244-03:00 TRACE 10676 --- [blog] [restartedMain] o.s.t.i.TransactionInterceptor           : Getting transaction for [org.springframework.data.jpa.repository.support.SimpleJpaRepository.save]
2026-06-03T00:03:47.285-03:00 DEBUG 10676 --- [blog] [restartedMain] org.hibernate.SQL                        : 
    select
        d1_0.id,
        d1_0.nome_def,
        d1_0.tipo_def 
    from
        defensivo_terrabyte d1_0 
    where
        d1_0.id=?
2026-06-03T00:03:47.395-03:00 TRACE 10676 --- [blog] [restartedMain] o.s.t.i.TransactionInterceptor           : Completing transaction for [org.springframework.data.jpa.repository.support.SimpleJpaRepository.save]
2026-06-03T00:03:47.487-03:00 DEBUG 10676 --- [blog] [restartedMain] org.hibernate.SQL                        : 
    insert 
    into
        defensivo_terrabyte
        (nome_def, tipo_def, id) 
    values
        (?, ?, ?)
2026-06-03T00:03:47.676-03:00 TRACE 10676 --- [blog] [restartedMain] o.s.t.i.TransactionInterceptor           : Getting transaction for [org.springframework.data.jpa.repository.support.SimpleJpaRepository.save]
2026-06-03T00:03:47.685-03:00 DEBUG 10676 --- [blog] [restartedMain] org.hibernate.SQL                        : 
    select
        u1_0.id,
        u1_0.data_nasc_usu,
        u1_0.email_usu,
        u1_0.nome_usu,
        u1_0.senha_usu,
        u1_0.sexo_usu,
        u1_0.tel_usu,
        u1_0.url_img_usu 
    from
        usuario_terrabyte u1_0 
    where
        u1_0.id=?
2026-06-03T00:03:47.689-03:00 TRACE 10676 --- [blog] [restartedMain] o.s.t.i.TransactionInterceptor           : Completing transaction for [org.springframework.data.jpa.repository.support.SimpleJpaRepository.save]
2026-06-03T00:03:47.700-03:00 DEBUG 10676 --- [blog] [restartedMain] org.hibernate.SQL                        : 
    insert 
    into
        usuario_terrabyte
        (data_nasc_usu, email_usu, nome_usu, senha_usu, sexo_usu, tel_usu, url_img_usu, id) 
    values
        (?, ?, ?, ?, ?, ?, ?, ?)
2026-06-03T00:03:47.708-03:00 TRACE 10676 --- [blog] [restartedMain] o.s.t.i.TransactionInterceptor           : Getting transaction for [org.springframework.data.jpa.repository.support.SimpleJpaRepository.save]
2026-06-03T00:03:47.712-03:00 DEBUG 10676 --- [blog] [restartedMain] org.hibernate.SQL                        : 
    select
        ts1_0.id,
        ts1_0.nome_sol 
    from
        tipo_solo_terrabyte ts1_0 
    where
        ts1_0.id=?
2026-06-03T00:03:47.714-03:00 TRACE 10676 --- [blog] [restartedMain] o.s.t.i.TransactionInterceptor           : Completing transaction for [org.springframework.data.jpa.repository.support.SimpleJpaRepository.save]
2026-06-03T00:03:47.715-03:00 DEBUG 10676 --- [blog] [restartedMain] org.hibernate.SQL                        : 
    insert 
    into
        tipo_solo_terrabyte
        (nome_sol, id) 
    values
        (?, ?)
2026-06-03T00:03:47.722-03:00 TRACE 10676 --- [blog] [restartedMain] o.s.t.i.TransactionInterceptor           : Getting transaction for [org.springframework.data.jpa.repository.support.SimpleJpaRepository.save]
2026-06-03T00:03:47.764-03:00 DEBUG 10676 --- [blog] [restartedMain] org.hibernate.SQL                        : 
    select
        ts1_0.id,
        ts1_0.nome_sol 
    from
        tipo_solo_terrabyte ts1_0 
    where
        ts1_0.id=?
2026-06-03T00:03:47.765-03:00 TRACE 10676 --- [blog] [restartedMain] o.s.t.i.TransactionInterceptor           : Completing transaction for [org.springframework.data.jpa.repository.support.SimpleJpaRepository.save]
2026-06-03T00:03:47.769-03:00 DEBUG 10676 --- [blog] [restartedMain] org.hibernate.SQL                        : 
    insert 
    into
        tipo_solo_terrabyte
        (nome_sol, id) 
    values
        (?, ?)
2026-06-03T00:03:47.770-03:00 TRACE 10676 --- [blog] [restartedMain] o.s.t.i.TransactionInterceptor           : Getting transaction for [org.springframework.data.jpa.repository.support.SimpleJpaRepository.save]
2026-06-03T00:03:47.778-03:00 DEBUG 10676 --- [blog] [restartedMain] org.hibernate.SQL                        : 
    select
        ts1_0.id,
        ts1_0.nome_sol 
    from
        tipo_solo_terrabyte ts1_0 
    where
        ts1_0.id=?
2026-06-03T00:03:47.786-03:00 TRACE 10676 --- [blog] [restartedMain] o.s.t.i.TransactionInterceptor           : Completing transaction for [org.springframework.data.jpa.repository.support.SimpleJpaRepository.save]
2026-06-03T00:03:47.789-03:00 DEBUG 10676 --- [blog] [restartedMain] org.hibernate.SQL                        : 
    insert 
    into
        tipo_solo_terrabyte
        (nome_sol, id) 
    values
        (?, ?)
2026-06-03T00:03:47.794-03:00 TRACE 10676 --- [blog] [restartedMain] o.s.t.i.TransactionInterceptor           : Getting transaction for [org.springframework.data.jpa.repository.support.SimpleJpaRepository.save]
2026-06-03T00:03:47.795-03:00 DEBUG 10676 --- [blog] [restartedMain] org.hibernate.SQL                        : 
    select
        ts1_0.id,
        ts1_0.nome_sol 
    from
        tipo_solo_terrabyte ts1_0 
    where
        ts1_0.id=?
2026-06-03T00:03:47.796-03:00 TRACE 10676 --- [blog] [restartedMain] o.s.t.i.TransactionInterceptor           : Completing transaction for [org.springframework.data.jpa.repository.support.SimpleJpaRepository.save]
2026-06-03T00:03:47.798-03:00 DEBUG 10676 --- [blog] [restartedMain] org.hibernate.SQL                        : 
    insert 
    into
        tipo_solo_terrabyte
        (nome_sol, id) 
    values
        (?, ?)
2026-06-03T00:03:47.806-03:00 TRACE 10676 --- [blog] [restartedMain] o.s.t.i.TransactionInterceptor           : Getting transaction for [org.springframework.data.jpa.repository.support.SimpleJpaRepository.save]
2026-06-03T00:03:47.807-03:00 DEBUG 10676 --- [blog] [restartedMain] org.hibernate.SQL                        : 
    select
        ts1_0.id,
        ts1_0.nome_sol 
    from
        tipo_solo_terrabyte ts1_0 
    where
        ts1_0.id=?
2026-06-03T00:03:47.809-03:00 TRACE 10676 --- [blog] [restartedMain] o.s.t.i.TransactionInterceptor           : Completing transaction for [org.springframework.data.jpa.repository.support.SimpleJpaRepository.save]
2026-06-03T00:03:47.811-03:00 DEBUG 10676 --- [blog] [restartedMain] org.hibernate.SQL                        : 
    insert 
    into
        tipo_solo_terrabyte
        (nome_sol, id) 
    values
        (?, ?)
2026-06-03T00:03:47.814-03:00 TRACE 10676 --- [blog] [restartedMain] o.s.t.i.TransactionInterceptor           : Getting transaction for [org.springframework.data.jpa.repository.support.SimpleJpaRepository.save]
2026-06-03T00:03:47.815-03:00 DEBUG 10676 --- [blog] [restartedMain] org.hibernate.SQL                        : 
    select
        ts1_0.id,
        ts1_0.nome_sol 
    from
        tipo_solo_terrabyte ts1_0 
    where
        ts1_0.id=?
2026-06-03T00:03:47.820-03:00 TRACE 10676 --- [blog] [restartedMain] o.s.t.i.TransactionInterceptor           : Completing transaction for [org.springframework.data.jpa.repository.support.SimpleJpaRepository.save]
2026-06-03T00:03:47.821-03:00 DEBUG 10676 --- [blog] [restartedMain] org.hibernate.SQL                        : 
    insert 
    into
        tipo_solo_terrabyte
        (nome_sol, id) 
    values
        (?, ?)
2026-06-03T00:03:47.823-03:00 TRACE 10676 --- [blog] [restartedMain] o.s.t.i.TransactionInterceptor           : Getting transaction for [org.springframework.data.jpa.repository.support.SimpleJpaRepository.save]
2026-06-03T00:03:47.824-03:00 DEBUG 10676 --- [blog] [restartedMain] org.hibernate.SQL                        : 
    select
        ts1_0.id,
        ts1_0.nome_sol 
    from
        tipo_solo_terrabyte ts1_0 
    where
        ts1_0.id=?
2026-06-03T00:03:47.825-03:00 TRACE 10676 --- [blog] [restartedMain] o.s.t.i.TransactionInterceptor           : Completing transaction for [org.springframework.data.jpa.repository.support.SimpleJpaRepository.save]
2026-06-03T00:03:47.826-03:00 DEBUG 10676 --- [blog] [restartedMain] org.hibernate.SQL                        : 
    insert 
    into
        tipo_solo_terrabyte
        (nome_sol, id) 
    values
        (?, ?)
2026-06-03T00:03:47.828-03:00 TRACE 10676 --- [blog] [restartedMain] o.s.t.i.TransactionInterceptor           : Getting transaction for [org.springframework.data.jpa.repository.support.SimpleJpaRepository.save]
2026-06-03T00:03:47.829-03:00 DEBUG 10676 --- [blog] [restartedMain] org.hibernate.SQL                        : 
    select
        ts1_0.id,
        ts1_0.nome_sol 
    from
        tipo_solo_terrabyte ts1_0 
    where
        ts1_0.id=?
2026-06-03T00:03:47.831-03:00 TRACE 10676 --- [blog] [restartedMain] o.s.t.i.TransactionInterceptor           : Completing transaction for [org.springframework.data.jpa.repository.support.SimpleJpaRepository.save]
2026-06-03T00:03:47.839-03:00 DEBUG 10676 --- [blog] [restartedMain] org.hibernate.SQL                        : 
    insert 
    into
        tipo_solo_terrabyte
        (nome_sol, id) 
    values
        (?, ?)
2026-06-03T00:03:47.841-03:00 TRACE 10676 --- [blog] [restartedMain] o.s.t.i.TransactionInterceptor           : Getting transaction for [org.springframework.data.jpa.repository.support.SimpleJpaRepository.save]
2026-06-03T00:03:47.842-03:00 DEBUG 10676 --- [blog] [restartedMain] org.hibernate.SQL                        : 
    select
        ts1_0.id,
        ts1_0.nome_sol 
    from
        tipo_solo_terrabyte ts1_0 
    where
        ts1_0.id=?
2026-06-03T00:03:47.843-03:00 TRACE 10676 --- [blog] [restartedMain] o.s.t.i.TransactionInterceptor           : Completing transaction for [org.springframework.data.jpa.repository.support.SimpleJpaRepository.save]
2026-06-03T00:03:47.844-03:00 DEBUG 10676 --- [blog] [restartedMain] org.hibernate.SQL                        : 
    insert 
    into
        tipo_solo_terrabyte
        (nome_sol, id) 
    values
        (?, ?)
2026-06-03T00:03:47.847-03:00 TRACE 10676 --- [blog] [restartedMain] o.s.t.i.TransactionInterceptor           : Getting transaction for [org.springframework.data.jpa.repository.support.SimpleJpaRepository.save]
2026-06-03T00:03:47.848-03:00 DEBUG 10676 --- [blog] [restartedMain] org.hibernate.SQL                        : 
    select
        ts1_0.id,
        ts1_0.nome_sol 
    from
        tipo_solo_terrabyte ts1_0 
    where
        ts1_0.id=?
2026-06-03T00:03:47.849-03:00 TRACE 10676 --- [blog] [restartedMain] o.s.t.i.TransactionInterceptor           : Completing transaction for [org.springframework.data.jpa.repository.support.SimpleJpaRepository.save]
2026-06-03T00:03:47.853-03:00 DEBUG 10676 --- [blog] [restartedMain] org.hibernate.SQL                        : 
    insert 
    into
        tipo_solo_terrabyte
        (nome_sol, id) 
    values
        (?, ?)
2026-06-03T00:03:47.860-03:00 TRACE 10676 --- [blog] [restartedMain] o.s.t.i.TransactionInterceptor           : Getting transaction for [org.springframework.data.jpa.repository.support.SimpleJpaRepository.save]
2026-06-03T00:03:47.861-03:00 DEBUG 10676 --- [blog] [restartedMain] org.hibernate.SQL                        : 
    select
        ts1_0.id,
        ts1_0.nome_sol 
    from
        tipo_solo_terrabyte ts1_0 
    where
        ts1_0.id=?
2026-06-03T00:03:47.862-03:00 TRACE 10676 --- [blog] [restartedMain] o.s.t.i.TransactionInterceptor           : Completing transaction for [org.springframework.data.jpa.repository.support.SimpleJpaRepository.save]
2026-06-03T00:03:47.862-03:00 DEBUG 10676 --- [blog] [restartedMain] org.hibernate.SQL                        : 
    insert 
    into
        tipo_solo_terrabyte
        (nome_sol, id) 
    values
        (?, ?)
2026-06-03T00:03:47.864-03:00 TRACE 10676 --- [blog] [restartedMain] o.s.t.i.TransactionInterceptor           : Getting transaction for [org.springframework.data.jpa.repository.support.SimpleJpaRepository.save]
2026-06-03T00:03:47.865-03:00 DEBUG 10676 --- [blog] [restartedMain] org.hibernate.SQL                        : 
    select
        ts1_0.id,
        ts1_0.nome_sol 
    from
        tipo_solo_terrabyte ts1_0 
    where
        ts1_0.id=?
2026-06-03T00:03:47.868-03:00 TRACE 10676 --- [blog] [restartedMain] o.s.t.i.TransactionInterceptor           : Completing transaction for [org.springframework.data.jpa.repository.support.SimpleJpaRepository.save]
2026-06-03T00:03:47.869-03:00 DEBUG 10676 --- [blog] [restartedMain] org.hibernate.SQL                        : 
    insert 
    into
        tipo_solo_terrabyte
        (nome_sol, id) 
    values
        (?, ?)
2026-06-03T00:03:47.871-03:00 TRACE 10676 --- [blog] [restartedMain] o.s.t.i.TransactionInterceptor           : Getting transaction for [org.springframework.data.jpa.repository.support.SimpleJpaRepository.save]
2026-06-03T00:03:47.872-03:00 DEBUG 10676 --- [blog] [restartedMain] org.hibernate.SQL                        : 
    select
        ts1_0.id,
        ts1_0.nome_sol 
    from
        tipo_solo_terrabyte ts1_0 
    where
        ts1_0.id=?
2026-06-03T00:03:47.872-03:00 TRACE 10676 --- [blog] [restartedMain] o.s.t.i.TransactionInterceptor           : Completing transaction for [org.springframework.data.jpa.repository.support.SimpleJpaRepository.save]
2026-06-03T00:03:47.874-03:00 DEBUG 10676 --- [blog] [restartedMain] org.hibernate.SQL                        : 
    insert 
    into
        tipo_solo_terrabyte
        (nome_sol, id) 
    values
        (?, ?)
2026-06-03T00:03:47.876-03:00 TRACE 10676 --- [blog] [restartedMain] o.s.t.i.TransactionInterceptor           : Getting transaction for [org.springframework.data.jpa.repository.support.SimpleJpaRepository.save]
2026-06-03T00:03:47.876-03:00 DEBUG 10676 --- [blog] [restartedMain] org.hibernate.SQL                        : 
    select
        ts1_0.id,
        ts1_0.nome_sol 
    from
        tipo_solo_terrabyte ts1_0 
    where
        ts1_0.id=?
2026-06-03T00:03:47.877-03:00 TRACE 10676 --- [blog] [restartedMain] o.s.t.i.TransactionInterceptor           : Completing transaction for [org.springframework.data.jpa.repository.support.SimpleJpaRepository.save]
2026-06-03T00:03:47.878-03:00 DEBUG 10676 --- [blog] [restartedMain] org.hibernate.SQL                        : 
    insert 
    into
        tipo_solo_terrabyte
        (nome_sol, id) 
    values
        (?, ?)
2026-06-03T00:03:54.466-03:00  INFO 10676 --- [blog] [http-nio-8080-exec-9] o.springdoc.api.AbstractOpenApiResource  : Init duration for springdoc-openapi is: 1128 ms
2026-06-03T00:03:59.967-03:00 TRACE 10676 --- [blog] [http-nio-8080-exec-10] o.s.t.i.TransactionInterceptor           : Getting transaction for [br.com.fiap.javaadv.blog.backend.services.AnaliseServiceImp.fetchAll]
2026-06-03T00:03:59.969-03:00 TRACE 10676 --- [blog] [http-nio-8080-exec-10] o.s.t.i.TransactionInterceptor           : Getting transaction for [org.springframework.data.jpa.repository.support.SimpleJpaRepository.findAll]
2026-06-03T00:04:00.131-03:00 DEBUG 10676 --- [blog] [http-nio-8080-exec-10] org.hibernate.SQL                        : 
    select
        ap1_0.id,
        ap1_0.adeq_ana,
        ap1_0.dt_ana,
        ap1_0."id_end_(pk)",
        ap1_0.nvl_risc_ana,
        ap1_0."id_plan_(pk)",
        ap1_0.rec_ana,
        ap1_0.temp_max_ana,
        ap1_0.temp_min_ana,
        ap1_0.umidade_med_ana,
        ap1_0."id_usu_(pk)" 
    from
        analise_plantio_terrabyte ap1_0 
    offset
        ? rows 
    fetch
        first ? rows only
2026-06-03T00:04:00.142-03:00 TRACE 10676 --- [blog] [http-nio-8080-exec-10] o.s.t.i.TransactionInterceptor           : Completing transaction for [org.springframework.data.jpa.repository.support.SimpleJpaRepository.findAll]
2026-06-03T00:04:00.142-03:00 TRACE 10676 --- [blog] [http-nio-8080-exec-10] o.s.t.i.TransactionInterceptor           : Completing transaction for [br.com.fiap.javaadv.blog.backend.services.AnaliseServiceImp.fetchAll]
2026-06-03T00:04:09.379-03:00 TRACE 10676 --- [blog] [http-nio-8080-exec-1] o.s.t.i.TransactionInterceptor           : Getting transaction for [br.com.fiap.javaadv.blog.backend.services.PlantioServiceImp.fetchAll]
2026-06-03T00:04:09.380-03:00 TRACE 10676 --- [blog] [http-nio-8080-exec-1] o.s.t.i.TransactionInterceptor           : Getting transaction for [org.springframework.data.jpa.repository.support.SimpleJpaRepository.findAll]
2026-06-03T00:04:09.382-03:00 DEBUG 10676 --- [blog] [http-nio-8080-exec-1] org.hibernate.SQL                        : 
    select
        p1_0.id,
        p1_0.agua_mm_plan,
        p1_0.epoca_plan,
        p1_0.nome_plan,
        p1_0.temp_max_plan,
        p1_0.temp_min_plan,
        p1_0.url_img_plan 
    from
        plantio_terrabyte p1_0 
    offset
        ? rows 
    fetch
        first ? rows only
2026-06-03T00:04:09.383-03:00 TRACE 10676 --- [blog] [http-nio-8080-exec-1] o.s.t.i.TransactionInterceptor           : Completing transaction for [org.springframework.data.jpa.repository.support.SimpleJpaRepository.findAll]
2026-06-03T00:04:09.384-03:00 TRACE 10676 --- [blog] [http-nio-8080-exec-1] o.s.t.i.TransactionInterceptor           : Completing transaction for [br.com.fiap.javaadv.blog.backend.services.PlantioServiceImp.fetchAll]
2026-06-03T00:04:28.738-03:00  INFO 10676 --- [blog] [SpringApplicationShutdownHook] o.s.b.w.e.tomcat.GracefulShutdown        : Commencing graceful shutdown. Waiting for active requests to complete
2026-06-03T00:04:28.742-03:00  INFO 10676 --- [blog] [tomcat-shutdown] o.s.b.w.e.tomcat.GracefulShutdown        : Graceful shutdown complete
2026-06-03T00:04:28.749-03:00  INFO 10676 --- [blog] [SpringApplicationShutdownHook] j.LocalContainerEntityManagerFactoryBean : Closing JPA EntityManagerFactory for persistence unit 'default'
2026-06-03T00:04:28.750-03:00 DEBUG 10676 --- [blog] [SpringApplicationShutdownHook] org.hibernate.SQL                        : 
    drop table if exists analise_plantio_terrabyte cascade 
2026-06-03T00:04:28.753-03:00 DEBUG 10676 --- [blog] [SpringApplicationShutdownHook] org.hibernate.SQL                        : 
    drop table if exists defensivo_terrabyte cascade 
2026-06-03T00:04:28.753-03:00 DEBUG 10676 --- [blog] [SpringApplicationShutdownHook] org.hibernate.SQL                        : 
    drop table if exists endereco_plantio_terrabyte cascade 
2026-06-03T00:04:28.754-03:00 DEBUG 10676 --- [blog] [SpringApplicationShutdownHook] org.hibernate.SQL                        : 
    drop table if exists plan_def_terrabyte cascade 
2026-06-03T00:04:28.754-03:00 DEBUG 10676 --- [blog] [SpringApplicationShutdownHook] org.hibernate.SQL                        : 
    drop table if exists plan_tp_terrabyte cascade 
2026-06-03T00:04:28.755-03:00 DEBUG 10676 --- [blog] [SpringApplicationShutdownHook] org.hibernate.SQL                        : 
    drop table if exists plantio_terrabyte cascade 
2026-06-03T00:04:28.756-03:00 DEBUG 10676 --- [blog] [SpringApplicationShutdownHook] org.hibernate.SQL                        : 
    drop table if exists tipo_solo_terrabyte cascade 
2026-06-03T00:04:28.757-03:00 DEBUG 10676 --- [blog] [SpringApplicationShutdownHook] org.hibernate.SQL                        : 
    drop table if exists usuario_terrabyte cascade 
2026-06-03T00:04:28.764-03:00  WARN 10676 --- [blog] [SpringApplicationShutdownHook] o.s.b.f.support.DisposableBeanAdapter    : Invocation of destroy method failed on bean with name 'inMemoryDatabaseShutdownExecutor': org.h2.jdbc.JdbcSQLNonTransientConnectionException: Database is already closed (to disable automatic closing at VM shutdown, add ";DB_CLOSE_ON_EXIT=FALSE" to the db URL) [90121-232]
2026-06-03T00:04:28.765-03:00  INFO 10676 --- [blog] [SpringApplicationShutdownHook] com.zaxxer.hikari.HikariDataSource       : blogHikariConnectionPool - Shutdown initiated...
2026-06-03T00:04:28.768-03:00  INFO 10676 --- [blog] [SpringApplicationShutdownHook] com.zaxxer.hikari.HikariDataSource       : blogHikariConnectionPool - Shutdown completed.
2026-06-03T00:04:54.411-03:00  INFO 18256 --- [blog] [restartedMain] b.c.f.j.blog.backend.BackendApplication  : Starting BackendApplication using Java 21.0.11 with PID 18256 (C:\Users\carol\OneDrive\Área de Trabalho\FIAP\Global - 1Sem\Java\backend\target\classes started by carol in C:\Users\carol\OneDrive\Área de Trabalho\FIAP\Global - 1Sem\Java\backend)
2026-06-03T00:04:54.414-03:00  INFO 18256 --- [blog] [restartedMain] b.c.f.j.blog.backend.BackendApplication  : No active profile set, falling back to 1 default profile: "default"
2026-06-03T00:04:54.494-03:00  INFO 18256 --- [blog] [restartedMain] o.s.b.devtools.restart.ChangeableUrls    : The Class-Path manifest attribute in C:\Users\carol\.m2\repository\com\oracle\database\jdbc\ojdbc11\23.7.0.25.01\ojdbc11-23.7.0.25.01.jar referenced one or more files that do not exist: file:/C:/Users/carol/.m2/repository/com/oracle/database/jdbc/ojdbc11/23.7.0.25.01/oraclepki.jar
2026-06-03T00:04:54.494-03:00  INFO 18256 --- [blog] [restartedMain] .e.DevToolsPropertyDefaultsPostProcessor : Devtools property defaults active! Set 'spring.devtools.add-properties' to 'false' to disable
2026-06-03T00:04:54.494-03:00  INFO 18256 --- [blog] [restartedMain] .e.DevToolsPropertyDefaultsPostProcessor : For additional web related logging consider setting the 'logging.level.web' property to 'DEBUG'
2026-06-03T00:04:55.800-03:00  INFO 18256 --- [blog] [restartedMain] .s.d.r.c.RepositoryConfigurationDelegate : Bootstrapping Spring Data JPA repositories in DEFAULT mode.
2026-06-03T00:04:55.879-03:00  INFO 18256 --- [blog] [restartedMain] .s.d.r.c.RepositoryConfigurationDelegate : Finished Spring Data repository scanning in 68 ms. Found 6 JPA repository interfaces.
2026-06-03T00:04:56.713-03:00  INFO 18256 --- [blog] [restartedMain] o.s.b.w.embedded.tomcat.TomcatWebServer  : Tomcat initialized with port 8080 (http)
2026-06-03T00:04:56.729-03:00  INFO 18256 --- [blog] [restartedMain] o.apache.catalina.core.StandardService   : Starting service [Tomcat]
2026-06-03T00:04:56.730-03:00  INFO 18256 --- [blog] [restartedMain] o.apache.catalina.core.StandardEngine    : Starting Servlet engine: [Apache Tomcat/10.1.41]
2026-06-03T00:04:56.778-03:00  INFO 18256 --- [blog] [restartedMain] o.a.c.c.C.[Tomcat].[localhost].[/]       : Initializing Spring embedded WebApplicationContext
2026-06-03T00:04:56.778-03:00  INFO 18256 --- [blog] [restartedMain] w.s.c.ServletWebServerApplicationContext : Root WebApplicationContext: initialization completed in 2283 ms
2026-06-03T00:04:56.947-03:00  INFO 18256 --- [blog] [restartedMain] o.hibernate.jpa.internal.util.LogHelper  : HHH000204: Processing PersistenceUnitInfo [name: default]
2026-06-03T00:04:57.002-03:00  INFO 18256 --- [blog] [restartedMain] org.hibernate.Version                    : HHH000412: Hibernate ORM core version 6.6.15.Final
2026-06-03T00:04:57.040-03:00  INFO 18256 --- [blog] [restartedMain] o.h.c.internal.RegionFactoryInitiator    : HHH000026: Second-level cache disabled
2026-06-03T00:04:57.353-03:00  INFO 18256 --- [blog] [restartedMain] o.s.o.j.p.SpringPersistenceUnitInfo      : No LoadTimeWeaver setup: ignoring JPA class transformer
2026-06-03T00:04:57.385-03:00  INFO 18256 --- [blog] [restartedMain] com.zaxxer.hikari.HikariDataSource       : blogHikariConnectionPool - Starting...
2026-06-03T00:04:57.707-03:00  INFO 18256 --- [blog] [restartedMain] com.zaxxer.hikari.pool.HikariPool        : blogHikariConnectionPool - Added connection conn0: url=jdbc:h2:mem:blogdb user=SA
2026-06-03T00:04:57.709-03:00  INFO 18256 --- [blog] [restartedMain] com.zaxxer.hikari.HikariDataSource       : blogHikariConnectionPool - Start completed.
2026-06-03T00:04:57.774-03:00  INFO 18256 --- [blog] [restartedMain] org.hibernate.orm.connections.pooling    : HHH10001005: Database info:
	Database JDBC URL [Connecting through datasource 'HikariDataSource (blogHikariConnectionPool)']
	Database driver: undefined/unknown
	Database version: 2.3.232
	Autocommit mode: undefined/unknown
	Isolation level: undefined/unknown
	Minimum pool size: undefined/unknown
	Maximum pool size: undefined/unknown
2026-06-03T00:04:59.020-03:00  INFO 18256 --- [blog] [restartedMain] o.h.e.t.j.p.i.JtaPlatformInitiator       : HHH000489: No JTA platform available (set 'hibernate.transaction.jta.platform' to enable JTA platform integration)
2026-06-03T00:04:59.036-03:00 DEBUG 18256 --- [blog] [restartedMain] org.hibernate.SQL                        : 
    drop table if exists analise_plantio_terrabyte cascade 
2026-06-03T00:04:59.041-03:00 DEBUG 18256 --- [blog] [restartedMain] org.hibernate.SQL                        : 
    drop table if exists defensivo_terrabyte cascade 
2026-06-03T00:04:59.041-03:00 DEBUG 18256 --- [blog] [restartedMain] org.hibernate.SQL                        : 
    drop table if exists endereco_plantio_terrabyte cascade 
2026-06-03T00:04:59.042-03:00 DEBUG 18256 --- [blog] [restartedMain] org.hibernate.SQL                        : 
    drop table if exists plan_def_terrabyte cascade 
2026-06-03T00:04:59.042-03:00 DEBUG 18256 --- [blog] [restartedMain] org.hibernate.SQL                        : 
    drop table if exists plan_tp_terrabyte cascade 
2026-06-03T00:04:59.043-03:00 DEBUG 18256 --- [blog] [restartedMain] org.hibernate.SQL                        : 
    drop table if exists plantio_terrabyte cascade 
2026-06-03T00:04:59.043-03:00 DEBUG 18256 --- [blog] [restartedMain] org.hibernate.SQL                        : 
    drop table if exists tipo_solo_terrabyte cascade 
2026-06-03T00:04:59.044-03:00 DEBUG 18256 --- [blog] [restartedMain] org.hibernate.SQL                        : 
    drop table if exists usuario_terrabyte cascade 
2026-06-03T00:04:59.048-03:00 DEBUG 18256 --- [blog] [restartedMain] org.hibernate.SQL                        : 
    create table analise_plantio_terrabyte (
        adeq_ana float(53),
        dt_ana date,
        temp_max_ana float(53),
        temp_min_ana float(53),
        umidade_med_ana float(53),
        id uuid not null,
        "id_end_(pk)" uuid,
        "id_plan_(pk)" uuid,
        "id_usu_(pk)" uuid,
        nvl_risc_ana varchar(255),
        rec_ana varchar(255),
        primary key (id)
    )
2026-06-03T00:04:59.056-03:00 DEBUG 18256 --- [blog] [restartedMain] org.hibernate.SQL                        : 
    create table defensivo_terrabyte (
        id uuid not null,
        nome_def varchar(100) not null,
        tipo_def varchar(100) not null,
        primary key (id)
    )
2026-06-03T00:04:59.057-03:00 DEBUG 18256 --- [blog] [restartedMain] org.hibernate.SQL                        : 
    create table endereco_plantio_terrabyte (
        areia_end float(53),
        argila_end float(53),
        lat_end float(53),
        long_end float(53),
        raio_end float(53),
        silto_end float(53),
        cep_end varchar(9) not null,
        id uuid not null,
        id_solo_fk uuid,
        bairro_end varchar(100),
        cidade_end varchar(100),
        estado_end varchar(100),
        lograd_end varchar(100),
        nome_end varchar(300),
        primary key (id)
    )
2026-06-03T00:04:59.059-03:00 DEBUG 18256 --- [blog] [restartedMain] org.hibernate.SQL                        : 
    create table plan_def_terrabyte (
        "id_def_(fk)" uuid not null,
        "id_plan_(fk)" uuid not null,
        primary key ("id_def_(fk)", "id_plan_(fk)")
    )
2026-06-03T00:04:59.061-03:00 DEBUG 18256 --- [blog] [restartedMain] org.hibernate.SQL                        : 
    create table plan_tp_terrabyte (
        "id_plan_(fk)" uuid not null,
        "id_solo_(fk)" uuid not null,
        primary key ("id_plan_(fk)", "id_solo_(fk)")
    )
2026-06-03T00:04:59.062-03:00 DEBUG 18256 --- [blog] [restartedMain] org.hibernate.SQL                        : 
    create table plantio_terrabyte (
        agua_mm_plan float(53) not null,
        temp_max_plan float(53) not null,
        temp_min_plan float(53) not null,
        id uuid not null,
        url_img_plan varchar(100),
        nome_plan varchar(150) not null,
        epoca_plan tinyint array not null,
        primary key (id)
    )
2026-06-03T00:04:59.063-03:00 DEBUG 18256 --- [blog] [restartedMain] org.hibernate.SQL                        : 
    create table tipo_solo_terrabyte (
        id uuid not null,
        nome_sol varchar(150) not null,
        primary key (id)
    )
2026-06-03T00:04:59.065-03:00 DEBUG 18256 --- [blog] [restartedMain] org.hibernate.SQL                        : 
    create table usuario_terrabyte (
        data_nasc_usu date not null,
        sexo_usu tinyint not null check (sexo_usu between 0 and 1),
        tel_usu varchar(11) not null,
        id uuid not null,
        email_usu varchar(100) not null,
        nome_usu varchar(100) not null,
        senha_usu varchar(100) not null,
        url_img_usu varchar(100),
        primary key (id)
    )
2026-06-03T00:04:59.070-03:00 DEBUG 18256 --- [blog] [restartedMain] org.hibernate.SQL                        : 
    alter table if exists analise_plantio_terrabyte 
       add constraint FKm2t7s0ieg1x7yq7d7b5hgg1qj 
       foreign key ("id_end_(pk)") 
       references endereco_plantio_terrabyte
2026-06-03T00:04:59.082-03:00 DEBUG 18256 --- [blog] [restartedMain] org.hibernate.SQL                        : 
    alter table if exists analise_plantio_terrabyte 
       add constraint FK7q2auth5aj4t4jm6n5y7svcfb 
       foreign key ("id_plan_(pk)") 
       references plantio_terrabyte
2026-06-03T00:04:59.083-03:00 DEBUG 18256 --- [blog] [restartedMain] org.hibernate.SQL                        : 
    alter table if exists analise_plantio_terrabyte 
       add constraint FK1vw0pr8bh1h2joy8b154di38s 
       foreign key ("id_usu_(pk)") 
       references usuario_terrabyte
2026-06-03T00:04:59.085-03:00 DEBUG 18256 --- [blog] [restartedMain] org.hibernate.SQL                        : 
    alter table if exists endereco_plantio_terrabyte 
       add constraint FKixee6jq0ndswkrhidf4x6djy5 
       foreign key (id_solo_fk) 
       references tipo_solo_terrabyte
2026-06-03T00:04:59.087-03:00 DEBUG 18256 --- [blog] [restartedMain] org.hibernate.SQL                        : 
    alter table if exists plan_def_terrabyte 
       add constraint FKp0xenvr5hdhfkyyvbqwuxk1oc 
       foreign key ("id_def_(fk)") 
       references defensivo_terrabyte
2026-06-03T00:04:59.088-03:00 DEBUG 18256 --- [blog] [restartedMain] org.hibernate.SQL                        : 
    alter table if exists plan_def_terrabyte 
       add constraint FKa0bqr2mgy5kt5mlbrc8xmbkii 
       foreign key ("id_plan_(fk)") 
       references plantio_terrabyte
2026-06-03T00:04:59.090-03:00 DEBUG 18256 --- [blog] [restartedMain] org.hibernate.SQL                        : 
    alter table if exists plan_tp_terrabyte 
       add constraint FK2favlmqtx395sy8jtphut1ge2 
       foreign key ("id_solo_(fk)") 
       references tipo_solo_terrabyte
2026-06-03T00:04:59.092-03:00 DEBUG 18256 --- [blog] [restartedMain] org.hibernate.SQL                        : 
    alter table if exists plan_tp_terrabyte 
       add constraint FKiebsj2yn45ohwc49alii3kfvo 
       foreign key ("id_plan_(fk)") 
       references plantio_terrabyte
2026-06-03T00:04:59.097-03:00  INFO 18256 --- [blog] [restartedMain] j.LocalContainerEntityManagerFactoryBean : Initialized JPA EntityManagerFactory for persistence unit 'default'
2026-06-03T00:04:59.816-03:00 TRACE 18256 --- [blog] [restartedMain] t.a.AnnotationTransactionAttributeSource : Adding transactional method 'br.com.fiap.javaadv.blog.backend.services.AnaliseServiceImp.delete' with attribute: PROPAGATION_REQUIRED,ISOLATION_DEFAULT
2026-06-03T00:04:59.826-03:00 TRACE 18256 --- [blog] [restartedMain] t.a.AnnotationTransactionAttributeSource : Adding transactional method 'br.com.fiap.javaadv.blog.backend.services.AnaliseServiceImp.create' with attribute: PROPAGATION_REQUIRED,ISOLATION_DEFAULT
2026-06-03T00:04:59.826-03:00 TRACE 18256 --- [blog] [restartedMain] t.a.AnnotationTransactionAttributeSource : Adding transactional method 'br.com.fiap.javaadv.blog.backend.services.AnaliseServiceImp.existsById' with attribute: PROPAGATION_NOT_SUPPORTED,ISOLATION_DEFAULT
2026-06-03T00:04:59.826-03:00 TRACE 18256 --- [blog] [restartedMain] t.a.AnnotationTransactionAttributeSource : Adding transactional method 'br.com.fiap.javaadv.blog.backend.services.AnaliseServiceImp.fetchById' with attribute: PROPAGATION_NOT_SUPPORTED,ISOLATION_DEFAULT
2026-06-03T00:04:59.826-03:00 TRACE 18256 --- [blog] [restartedMain] t.a.AnnotationTransactionAttributeSource : Adding transactional method 'br.com.fiap.javaadv.blog.backend.services.AnaliseServiceImp.fetchAll' with attribute: PROPAGATION_REQUIRED,ISOLATION_DEFAULT
2026-06-03T00:04:59.870-03:00 TRACE 18256 --- [blog] [restartedMain] t.a.AnnotationTransactionAttributeSource : Adding transactional method 'br.com.fiap.javaadv.blog.backend.services.DefensivoServiceImp.delete' with attribute: PROPAGATION_REQUIRED,ISOLATION_DEFAULT
2026-06-03T00:04:59.871-03:00 TRACE 18256 --- [blog] [restartedMain] t.a.AnnotationTransactionAttributeSource : Adding transactional method 'br.com.fiap.javaadv.blog.backend.services.DefensivoServiceImp.create' with attribute: PROPAGATION_REQUIRED,ISOLATION_DEFAULT
2026-06-03T00:04:59.871-03:00 TRACE 18256 --- [blog] [restartedMain] t.a.AnnotationTransactionAttributeSource : Adding transactional method 'br.com.fiap.javaadv.blog.backend.services.DefensivoServiceImp.existsById' with attribute: PROPAGATION_NOT_SUPPORTED,ISOLATION_DEFAULT
2026-06-03T00:04:59.871-03:00 TRACE 18256 --- [blog] [restartedMain] t.a.AnnotationTransactionAttributeSource : Adding transactional method 'br.com.fiap.javaadv.blog.backend.services.DefensivoServiceImp.fetchById' with attribute: PROPAGATION_NOT_SUPPORTED,ISOLATION_DEFAULT
2026-06-03T00:04:59.871-03:00 TRACE 18256 --- [blog] [restartedMain] t.a.AnnotationTransactionAttributeSource : Adding transactional method 'br.com.fiap.javaadv.blog.backend.services.DefensivoServiceImp.fetchAll' with attribute: PROPAGATION_REQUIRED,ISOLATION_DEFAULT
2026-06-03T00:04:59.898-03:00 TRACE 18256 --- [blog] [restartedMain] t.a.AnnotationTransactionAttributeSource : Adding transactional method 'br.com.fiap.javaadv.blog.backend.services.EnderecoPlanServiceImp.update' with attribute: PROPAGATION_REQUIRED,ISOLATION_DEFAULT
2026-06-03T00:04:59.899-03:00 TRACE 18256 --- [blog] [restartedMain] t.a.AnnotationTransactionAttributeSource : Adding transactional method 'br.com.fiap.javaadv.blog.backend.services.EnderecoPlanServiceImp.delete' with attribute: PROPAGATION_REQUIRED,ISOLATION_DEFAULT
2026-06-03T00:04:59.900-03:00 TRACE 18256 --- [blog] [restartedMain] t.a.AnnotationTransactionAttributeSource : Adding transactional method 'br.com.fiap.javaadv.blog.backend.services.EnderecoPlanServiceImp.create' with attribute: PROPAGATION_REQUIRED,ISOLATION_DEFAULT
2026-06-03T00:04:59.900-03:00 TRACE 18256 --- [blog] [restartedMain] t.a.AnnotationTransactionAttributeSource : Adding transactional method 'br.com.fiap.javaadv.blog.backend.services.EnderecoPlanServiceImp.existsById' with attribute: PROPAGATION_NOT_SUPPORTED,ISOLATION_DEFAULT
2026-06-03T00:04:59.900-03:00 TRACE 18256 --- [blog] [restartedMain] t.a.AnnotationTransactionAttributeSource : Adding transactional method 'br.com.fiap.javaadv.blog.backend.services.EnderecoPlanServiceImp.fetchById' with attribute: PROPAGATION_NOT_SUPPORTED,ISOLATION_DEFAULT
2026-06-03T00:04:59.900-03:00 TRACE 18256 --- [blog] [restartedMain] t.a.AnnotationTransactionAttributeSource : Adding transactional method 'br.com.fiap.javaadv.blog.backend.services.EnderecoPlanServiceImp.fetchAll' with attribute: PROPAGATION_REQUIRED,ISOLATION_DEFAULT
2026-06-03T00:04:59.908-03:00 TRACE 18256 --- [blog] [restartedMain] t.a.AnnotationTransactionAttributeSource : Adding transactional method 'br.com.fiap.javaadv.blog.backend.services.PlantioServiceImp.delete' with attribute: PROPAGATION_REQUIRED,ISOLATION_DEFAULT
2026-06-03T00:04:59.908-03:00 TRACE 18256 --- [blog] [restartedMain] t.a.AnnotationTransactionAttributeSource : Adding transactional method 'br.com.fiap.javaadv.blog.backend.services.PlantioServiceImp.create' with attribute: PROPAGATION_REQUIRED,ISOLATION_DEFAULT
2026-06-03T00:04:59.909-03:00 TRACE 18256 --- [blog] [restartedMain] t.a.AnnotationTransactionAttributeSource : Adding transactional method 'br.com.fiap.javaadv.blog.backend.services.PlantioServiceImp.existsById' with attribute: PROPAGATION_NOT_SUPPORTED,ISOLATION_DEFAULT
2026-06-03T00:04:59.909-03:00 TRACE 18256 --- [blog] [restartedMain] t.a.AnnotationTransactionAttributeSource : Adding transactional method 'br.com.fiap.javaadv.blog.backend.services.PlantioServiceImp.fetchById' with attribute: PROPAGATION_NOT_SUPPORTED,ISOLATION_DEFAULT
2026-06-03T00:04:59.909-03:00 TRACE 18256 --- [blog] [restartedMain] t.a.AnnotationTransactionAttributeSource : Adding transactional method 'br.com.fiap.javaadv.blog.backend.services.PlantioServiceImp.fetchAll' with attribute: PROPAGATION_REQUIRED,ISOLATION_DEFAULT
2026-06-03T00:04:59.916-03:00 TRACE 18256 --- [blog] [restartedMain] t.a.AnnotationTransactionAttributeSource : Adding transactional method 'br.com.fiap.javaadv.blog.backend.services.TipoSoloServiceImp.delete' with attribute: PROPAGATION_REQUIRED,ISOLATION_DEFAULT
2026-06-03T00:04:59.917-03:00 TRACE 18256 --- [blog] [restartedMain] t.a.AnnotationTransactionAttributeSource : Adding transactional method 'br.com.fiap.javaadv.blog.backend.services.TipoSoloServiceImp.create' with attribute: PROPAGATION_REQUIRED,ISOLATION_DEFAULT
2026-06-03T00:04:59.917-03:00 TRACE 18256 --- [blog] [restartedMain] t.a.AnnotationTransactionAttributeSource : Adding transactional method 'br.com.fiap.javaadv.blog.backend.services.TipoSoloServiceImp.existsById' with attribute: PROPAGATION_NOT_SUPPORTED,ISOLATION_DEFAULT
2026-06-03T00:04:59.917-03:00 TRACE 18256 --- [blog] [restartedMain] t.a.AnnotationTransactionAttributeSource : Adding transactional method 'br.com.fiap.javaadv.blog.backend.services.TipoSoloServiceImp.fetchById' with attribute: PROPAGATION_NOT_SUPPORTED,ISOLATION_DEFAULT
2026-06-03T00:04:59.917-03:00 TRACE 18256 --- [blog] [restartedMain] t.a.AnnotationTransactionAttributeSource : Adding transactional method 'br.com.fiap.javaadv.blog.backend.services.TipoSoloServiceImp.fetchAll' with attribute: PROPAGATION_REQUIRED,ISOLATION_DEFAULT
2026-06-03T00:04:59.928-03:00 TRACE 18256 --- [blog] [restartedMain] t.a.AnnotationTransactionAttributeSource : Adding transactional method 'br.com.fiap.javaadv.blog.backend.services.UsuarioServiceImp.update' with attribute: PROPAGATION_REQUIRED,ISOLATION_DEFAULT
2026-06-03T00:04:59.929-03:00 TRACE 18256 --- [blog] [restartedMain] t.a.AnnotationTransactionAttributeSource : Adding transactional method 'br.com.fiap.javaadv.blog.backend.services.UsuarioServiceImp.delete' with attribute: PROPAGATION_REQUIRED,ISOLATION_DEFAULT
2026-06-03T00:04:59.929-03:00 TRACE 18256 --- [blog] [restartedMain] t.a.AnnotationTransactionAttributeSource : Adding transactional method 'br.com.fiap.javaadv.blog.backend.services.UsuarioServiceImp.create' with attribute: PROPAGATION_REQUIRED,ISOLATION_DEFAULT
2026-06-03T00:04:59.929-03:00 TRACE 18256 --- [blog] [restartedMain] t.a.AnnotationTransactionAttributeSource : Adding transactional method 'br.com.fiap.javaadv.blog.backend.services.UsuarioServiceImp.existsById' with attribute: PROPAGATION_NOT_SUPPORTED,ISOLATION_DEFAULT
2026-06-03T00:04:59.929-03:00 TRACE 18256 --- [blog] [restartedMain] t.a.AnnotationTransactionAttributeSource : Adding transactional method 'br.com.fiap.javaadv.blog.backend.services.UsuarioServiceImp.fetchById' with attribute: PROPAGATION_NOT_SUPPORTED,ISOLATION_DEFAULT
2026-06-03T00:04:59.929-03:00 TRACE 18256 --- [blog] [restartedMain] t.a.AnnotationTransactionAttributeSource : Adding transactional method 'br.com.fiap.javaadv.blog.backend.services.UsuarioServiceImp.fetchAll' with attribute: PROPAGATION_REQUIRED,ISOLATION_DEFAULT
2026-06-03T00:04:59.929-03:00 TRACE 18256 --- [blog] [restartedMain] t.a.AnnotationTransactionAttributeSource : Adding transactional method 'br.com.fiap.javaadv.blog.backend.services.UsuarioServiceImp.fetchByEmail' with attribute: PROPAGATION_REQUIRED,ISOLATION_DEFAULT
2026-06-03T00:05:00.123-03:00  WARN 18256 --- [blog] [restartedMain] JpaBaseConfiguration$JpaWebConfiguration : spring.jpa.open-in-view is enabled by default. Therefore, database queries may be performed during view rendering. Explicitly configure spring.jpa.open-in-view to disable this warning
2026-06-03T00:05:00.177-03:00  INFO 18256 --- [blog] [restartedMain] eAuthenticationProviderManagerConfigurer : Global AuthenticationManager configured with AuthenticationProvider bean with name authenticationProvider
2026-06-03T00:05:00.177-03:00  WARN 18256 --- [blog] [restartedMain] r$InitializeUserDetailsManagerConfigurer : Global AuthenticationManager configured with an AuthenticationProvider bean. UserDetailsService beans will not be used by Spring Security for automatically configuring username/password login. Consider removing the AuthenticationProvider bean. Alternatively, consider using the UserDetailsService in a manually instantiated DaoAuthenticationProvider. If the current configuration is intentional, to turn off this warning, increase the logging level of 'org.springframework.security.config.annotation.authentication.configuration.InitializeUserDetailsBeanManagerConfigurer' to ERROR
2026-06-03T00:05:00.752-03:00  INFO 18256 --- [blog] [restartedMain] o.s.b.a.h2.H2ConsoleAutoConfiguration    : H2 console available at '/console'. Database available at 'jdbc:h2:mem:blogdb'
2026-06-03T00:05:00.907-03:00  INFO 18256 --- [blog] [restartedMain] o.s.b.d.a.OptionalLiveReloadServer       : LiveReload server is running on port 35729
2026-06-03T00:05:00.936-03:00  INFO 18256 --- [blog] [restartedMain] o.a.c.c.C.[Tomcat].[localhost].[/]       : Initializing Spring DispatcherServlet 'dispatcherServlet'
2026-06-03T00:05:00.936-03:00  INFO 18256 --- [blog] [restartedMain] o.s.web.servlet.DispatcherServlet        : Initializing Servlet 'dispatcherServlet'
2026-06-03T00:05:00.938-03:00  INFO 18256 --- [blog] [restartedMain] o.s.web.servlet.DispatcherServlet        : Completed initialization in 1 ms
2026-06-03T00:05:00.939-03:00  INFO 18256 --- [blog] [restartedMain] o.s.b.w.embedded.tomcat.TomcatWebServer  : Tomcat started on port 8080 (http) with context path '/'
2026-06-03T00:05:00.950-03:00  INFO 18256 --- [blog] [restartedMain] b.c.f.j.blog.backend.BackendApplication  : Started BackendApplication in 7.292 seconds (process running for 7.987)
2026-06-03T00:05:00.968-03:00 TRACE 18256 --- [blog] [restartedMain] o.s.t.i.TransactionInterceptor           : Getting transaction for [org.springframework.data.jpa.repository.support.SimpleJpaRepository.save]
2026-06-03T00:05:01.015-03:00 DEBUG 18256 --- [blog] [restartedMain] org.hibernate.SQL                        : 
    select
        d1_0.id,
        d1_0.nome_def,
        d1_0.tipo_def 
    from
        defensivo_terrabyte d1_0 
    where
        d1_0.id=?
2026-06-03T00:05:01.071-03:00 TRACE 18256 --- [blog] [restartedMain] o.s.t.i.TransactionInterceptor           : Completing transaction for [org.springframework.data.jpa.repository.support.SimpleJpaRepository.save]
2026-06-03T00:05:01.099-03:00 DEBUG 18256 --- [blog] [restartedMain] org.hibernate.SQL                        : 
    insert 
    into
        defensivo_terrabyte
        (nome_def, tipo_def, id) 
    values
        (?, ?, ?)
2026-06-03T00:05:01.190-03:00 TRACE 18256 --- [blog] [restartedMain] o.s.t.i.TransactionInterceptor           : Getting transaction for [org.springframework.data.jpa.repository.support.SimpleJpaRepository.save]
2026-06-03T00:05:01.193-03:00 DEBUG 18256 --- [blog] [restartedMain] org.hibernate.SQL                        : 
    select
        u1_0.id,
        u1_0.data_nasc_usu,
        u1_0.email_usu,
        u1_0.nome_usu,
        u1_0.senha_usu,
        u1_0.sexo_usu,
        u1_0.tel_usu,
        u1_0.url_img_usu 
    from
        usuario_terrabyte u1_0 
    where
        u1_0.id=?
2026-06-03T00:05:01.195-03:00 TRACE 18256 --- [blog] [restartedMain] o.s.t.i.TransactionInterceptor           : Completing transaction for [org.springframework.data.jpa.repository.support.SimpleJpaRepository.save]
2026-06-03T00:05:01.197-03:00 DEBUG 18256 --- [blog] [restartedMain] org.hibernate.SQL                        : 
    insert 
    into
        usuario_terrabyte
        (data_nasc_usu, email_usu, nome_usu, senha_usu, sexo_usu, tel_usu, url_img_usu, id) 
    values
        (?, ?, ?, ?, ?, ?, ?, ?)
2026-06-03T00:05:01.202-03:00 TRACE 18256 --- [blog] [restartedMain] o.s.t.i.TransactionInterceptor           : Getting transaction for [org.springframework.data.jpa.repository.support.SimpleJpaRepository.save]
2026-06-03T00:05:01.205-03:00 DEBUG 18256 --- [blog] [restartedMain] org.hibernate.SQL                        : 
    select
        p1_0.id,
        p1_0.agua_mm_plan,
        p1_0.epoca_plan,
        p1_0.nome_plan,
        p1_0.temp_max_plan,
        p1_0.temp_min_plan,
        p1_0.url_img_plan 
    from
        plantio_terrabyte p1_0 
    where
        p1_0.id=?
2026-06-03T00:05:01.210-03:00 TRACE 18256 --- [blog] [restartedMain] o.s.t.i.TransactionInterceptor           : Completing transaction for [org.springframework.data.jpa.repository.support.SimpleJpaRepository.save]
2026-06-03T00:05:01.214-03:00 DEBUG 18256 --- [blog] [restartedMain] org.hibernate.SQL                        : 
    insert 
    into
        plantio_terrabyte
        (agua_mm_plan, epoca_plan, nome_plan, temp_max_plan, temp_min_plan, url_img_plan, id) 
    values
        (?, ?, ?, ?, ?, ?, ?)
2026-06-03T00:05:01.220-03:00 TRACE 18256 --- [blog] [restartedMain] o.s.t.i.TransactionInterceptor           : Getting transaction for [org.springframework.data.jpa.repository.support.SimpleJpaRepository.save]
2026-06-03T00:05:01.221-03:00 DEBUG 18256 --- [blog] [restartedMain] org.hibernate.SQL                        : 
    select
        p1_0.id,
        p1_0.agua_mm_plan,
        p1_0.epoca_plan,
        p1_0.nome_plan,
        p1_0.temp_max_plan,
        p1_0.temp_min_plan,
        p1_0.url_img_plan 
    from
        plantio_terrabyte p1_0 
    where
        p1_0.id=?
2026-06-03T00:05:01.224-03:00 TRACE 18256 --- [blog] [restartedMain] o.s.t.i.TransactionInterceptor           : Completing transaction for [org.springframework.data.jpa.repository.support.SimpleJpaRepository.save]
2026-06-03T00:05:01.225-03:00 DEBUG 18256 --- [blog] [restartedMain] org.hibernate.SQL                        : 
    insert 
    into
        plantio_terrabyte
        (agua_mm_plan, epoca_plan, nome_plan, temp_max_plan, temp_min_plan, url_img_plan, id) 
    values
        (?, ?, ?, ?, ?, ?, ?)
2026-06-03T00:05:01.229-03:00 TRACE 18256 --- [blog] [restartedMain] o.s.t.i.TransactionInterceptor           : Getting transaction for [org.springframework.data.jpa.repository.support.SimpleJpaRepository.save]
2026-06-03T00:05:01.232-03:00 DEBUG 18256 --- [blog] [restartedMain] org.hibernate.SQL                        : 
    select
        ts1_0.id,
        ts1_0.nome_sol 
    from
        tipo_solo_terrabyte ts1_0 
    where
        ts1_0.id=?
2026-06-03T00:05:01.235-03:00 TRACE 18256 --- [blog] [restartedMain] o.s.t.i.TransactionInterceptor           : Completing transaction for [org.springframework.data.jpa.repository.support.SimpleJpaRepository.save]
2026-06-03T00:05:01.236-03:00 DEBUG 18256 --- [blog] [restartedMain] org.hibernate.SQL                        : 
    insert 
    into
        tipo_solo_terrabyte
        (nome_sol, id) 
    values
        (?, ?)
2026-06-03T00:05:01.239-03:00 TRACE 18256 --- [blog] [restartedMain] o.s.t.i.TransactionInterceptor           : Getting transaction for [org.springframework.data.jpa.repository.support.SimpleJpaRepository.save]
2026-06-03T00:05:01.240-03:00 DEBUG 18256 --- [blog] [restartedMain] org.hibernate.SQL                        : 
    select
        ts1_0.id,
        ts1_0.nome_sol 
    from
        tipo_solo_terrabyte ts1_0 
    where
        ts1_0.id=?
2026-06-03T00:05:01.241-03:00 TRACE 18256 --- [blog] [restartedMain] o.s.t.i.TransactionInterceptor           : Completing transaction for [org.springframework.data.jpa.repository.support.SimpleJpaRepository.save]
2026-06-03T00:05:01.243-03:00 DEBUG 18256 --- [blog] [restartedMain] org.hibernate.SQL                        : 
    insert 
    into
        tipo_solo_terrabyte
        (nome_sol, id) 
    values
        (?, ?)
2026-06-03T00:05:01.244-03:00 TRACE 18256 --- [blog] [restartedMain] o.s.t.i.TransactionInterceptor           : Getting transaction for [org.springframework.data.jpa.repository.support.SimpleJpaRepository.save]
2026-06-03T00:05:01.245-03:00 DEBUG 18256 --- [blog] [restartedMain] org.hibernate.SQL                        : 
    select
        ts1_0.id,
        ts1_0.nome_sol 
    from
        tipo_solo_terrabyte ts1_0 
    where
        ts1_0.id=?
2026-06-03T00:05:01.246-03:00 TRACE 18256 --- [blog] [restartedMain] o.s.t.i.TransactionInterceptor           : Completing transaction for [org.springframework.data.jpa.repository.support.SimpleJpaRepository.save]
2026-06-03T00:05:01.249-03:00 DEBUG 18256 --- [blog] [restartedMain] org.hibernate.SQL                        : 
    insert 
    into
        tipo_solo_terrabyte
        (nome_sol, id) 
    values
        (?, ?)
2026-06-03T00:05:01.251-03:00 TRACE 18256 --- [blog] [restartedMain] o.s.t.i.TransactionInterceptor           : Getting transaction for [org.springframework.data.jpa.repository.support.SimpleJpaRepository.save]
2026-06-03T00:05:01.252-03:00 DEBUG 18256 --- [blog] [restartedMain] org.hibernate.SQL                        : 
    select
        ts1_0.id,
        ts1_0.nome_sol 
    from
        tipo_solo_terrabyte ts1_0 
    where
        ts1_0.id=?
2026-06-03T00:05:01.253-03:00 TRACE 18256 --- [blog] [restartedMain] o.s.t.i.TransactionInterceptor           : Completing transaction for [org.springframework.data.jpa.repository.support.SimpleJpaRepository.save]
2026-06-03T00:05:01.254-03:00 DEBUG 18256 --- [blog] [restartedMain] org.hibernate.SQL                        : 
    insert 
    into
        tipo_solo_terrabyte
        (nome_sol, id) 
    values
        (?, ?)
2026-06-03T00:05:01.256-03:00 TRACE 18256 --- [blog] [restartedMain] o.s.t.i.TransactionInterceptor           : Getting transaction for [org.springframework.data.jpa.repository.support.SimpleJpaRepository.save]
2026-06-03T00:05:01.256-03:00 DEBUG 18256 --- [blog] [restartedMain] org.hibernate.SQL                        : 
    select
        ts1_0.id,
        ts1_0.nome_sol 
    from
        tipo_solo_terrabyte ts1_0 
    where
        ts1_0.id=?
2026-06-03T00:05:01.258-03:00 TRACE 18256 --- [blog] [restartedMain] o.s.t.i.TransactionInterceptor           : Completing transaction for [org.springframework.data.jpa.repository.support.SimpleJpaRepository.save]
2026-06-03T00:05:01.259-03:00 DEBUG 18256 --- [blog] [restartedMain] org.hibernate.SQL                        : 
    insert 
    into
        tipo_solo_terrabyte
        (nome_sol, id) 
    values
        (?, ?)
2026-06-03T00:05:01.262-03:00 TRACE 18256 --- [blog] [restartedMain] o.s.t.i.TransactionInterceptor           : Getting transaction for [org.springframework.data.jpa.repository.support.SimpleJpaRepository.save]
2026-06-03T00:05:01.263-03:00 DEBUG 18256 --- [blog] [restartedMain] org.hibernate.SQL                        : 
    select
        ts1_0.id,
        ts1_0.nome_sol 
    from
        tipo_solo_terrabyte ts1_0 
    where
        ts1_0.id=?
2026-06-03T00:05:01.265-03:00 TRACE 18256 --- [blog] [restartedMain] o.s.t.i.TransactionInterceptor           : Completing transaction for [org.springframework.data.jpa.repository.support.SimpleJpaRepository.save]
2026-06-03T00:05:01.270-03:00 DEBUG 18256 --- [blog] [restartedMain] org.hibernate.SQL                        : 
    insert 
    into
        tipo_solo_terrabyte
        (nome_sol, id) 
    values
        (?, ?)
2026-06-03T00:05:01.272-03:00 TRACE 18256 --- [blog] [restartedMain] o.s.t.i.TransactionInterceptor           : Getting transaction for [org.springframework.data.jpa.repository.support.SimpleJpaRepository.save]
2026-06-03T00:05:01.273-03:00 DEBUG 18256 --- [blog] [restartedMain] org.hibernate.SQL                        : 
    select
        ts1_0.id,
        ts1_0.nome_sol 
    from
        tipo_solo_terrabyte ts1_0 
    where
        ts1_0.id=?
2026-06-03T00:05:01.274-03:00 TRACE 18256 --- [blog] [restartedMain] o.s.t.i.TransactionInterceptor           : Completing transaction for [org.springframework.data.jpa.repository.support.SimpleJpaRepository.save]
2026-06-03T00:05:01.275-03:00 DEBUG 18256 --- [blog] [restartedMain] org.hibernate.SQL                        : 
    insert 
    into
        tipo_solo_terrabyte
        (nome_sol, id) 
    values
        (?, ?)
2026-06-03T00:05:01.276-03:00 TRACE 18256 --- [blog] [restartedMain] o.s.t.i.TransactionInterceptor           : Getting transaction for [org.springframework.data.jpa.repository.support.SimpleJpaRepository.save]
2026-06-03T00:05:01.277-03:00 DEBUG 18256 --- [blog] [restartedMain] org.hibernate.SQL                        : 
    select
        ts1_0.id,
        ts1_0.nome_sol 
    from
        tipo_solo_terrabyte ts1_0 
    where
        ts1_0.id=?
2026-06-03T00:05:01.279-03:00 TRACE 18256 --- [blog] [restartedMain] o.s.t.i.TransactionInterceptor           : Completing transaction for [org.springframework.data.jpa.repository.support.SimpleJpaRepository.save]
2026-06-03T00:05:01.280-03:00 DEBUG 18256 --- [blog] [restartedMain] org.hibernate.SQL                        : 
    insert 
    into
        tipo_solo_terrabyte
        (nome_sol, id) 
    values
        (?, ?)
2026-06-03T00:05:01.284-03:00 TRACE 18256 --- [blog] [restartedMain] o.s.t.i.TransactionInterceptor           : Getting transaction for [org.springframework.data.jpa.repository.support.SimpleJpaRepository.save]
2026-06-03T00:05:01.284-03:00 DEBUG 18256 --- [blog] [restartedMain] org.hibernate.SQL                        : 
    select
        ts1_0.id,
        ts1_0.nome_sol 
    from
        tipo_solo_terrabyte ts1_0 
    where
        ts1_0.id=?
2026-06-03T00:05:01.285-03:00 TRACE 18256 --- [blog] [restartedMain] o.s.t.i.TransactionInterceptor           : Completing transaction for [org.springframework.data.jpa.repository.support.SimpleJpaRepository.save]
2026-06-03T00:05:01.286-03:00 DEBUG 18256 --- [blog] [restartedMain] org.hibernate.SQL                        : 
    insert 
    into
        tipo_solo_terrabyte
        (nome_sol, id) 
    values
        (?, ?)
2026-06-03T00:05:01.287-03:00 TRACE 18256 --- [blog] [restartedMain] o.s.t.i.TransactionInterceptor           : Getting transaction for [org.springframework.data.jpa.repository.support.SimpleJpaRepository.save]
2026-06-03T00:05:01.288-03:00 DEBUG 18256 --- [blog] [restartedMain] org.hibernate.SQL                        : 
    select
        ts1_0.id,
        ts1_0.nome_sol 
    from
        tipo_solo_terrabyte ts1_0 
    where
        ts1_0.id=?
2026-06-03T00:05:01.288-03:00 TRACE 18256 --- [blog] [restartedMain] o.s.t.i.TransactionInterceptor           : Completing transaction for [org.springframework.data.jpa.repository.support.SimpleJpaRepository.save]
2026-06-03T00:05:01.289-03:00 DEBUG 18256 --- [blog] [restartedMain] org.hibernate.SQL                        : 
    insert 
    into
        tipo_solo_terrabyte
        (nome_sol, id) 
    values
        (?, ?)
2026-06-03T00:05:01.290-03:00 TRACE 18256 --- [blog] [restartedMain] o.s.t.i.TransactionInterceptor           : Getting transaction for [org.springframework.data.jpa.repository.support.SimpleJpaRepository.save]
2026-06-03T00:05:01.290-03:00 DEBUG 18256 --- [blog] [restartedMain] org.hibernate.SQL                        : 
    select
        ts1_0.id,
        ts1_0.nome_sol 
    from
        tipo_solo_terrabyte ts1_0 
    where
        ts1_0.id=?
2026-06-03T00:05:01.291-03:00 TRACE 18256 --- [blog] [restartedMain] o.s.t.i.TransactionInterceptor           : Completing transaction for [org.springframework.data.jpa.repository.support.SimpleJpaRepository.save]
2026-06-03T00:05:01.291-03:00 DEBUG 18256 --- [blog] [restartedMain] org.hibernate.SQL                        : 
    insert 
    into
        tipo_solo_terrabyte
        (nome_sol, id) 
    values
        (?, ?)
2026-06-03T00:05:01.292-03:00 TRACE 18256 --- [blog] [restartedMain] o.s.t.i.TransactionInterceptor           : Getting transaction for [org.springframework.data.jpa.repository.support.SimpleJpaRepository.save]
2026-06-03T00:05:01.292-03:00 DEBUG 18256 --- [blog] [restartedMain] org.hibernate.SQL                        : 
    select
        ts1_0.id,
        ts1_0.nome_sol 
    from
        tipo_solo_terrabyte ts1_0 
    where
        ts1_0.id=?
2026-06-03T00:05:01.293-03:00 TRACE 18256 --- [blog] [restartedMain] o.s.t.i.TransactionInterceptor           : Completing transaction for [org.springframework.data.jpa.repository.support.SimpleJpaRepository.save]
2026-06-03T00:05:01.294-03:00 DEBUG 18256 --- [blog] [restartedMain] org.hibernate.SQL                        : 
    insert 
    into
        tipo_solo_terrabyte
        (nome_sol, id) 
    values
        (?, ?)
2026-06-03T00:05:01.295-03:00 TRACE 18256 --- [blog] [restartedMain] o.s.t.i.TransactionInterceptor           : Getting transaction for [org.springframework.data.jpa.repository.support.SimpleJpaRepository.save]
2026-06-03T00:05:01.295-03:00 DEBUG 18256 --- [blog] [restartedMain] org.hibernate.SQL                        : 
    select
        ts1_0.id,
        ts1_0.nome_sol 
    from
        tipo_solo_terrabyte ts1_0 
    where
        ts1_0.id=?
2026-06-03T00:05:01.297-03:00 TRACE 18256 --- [blog] [restartedMain] o.s.t.i.TransactionInterceptor           : Completing transaction for [org.springframework.data.jpa.repository.support.SimpleJpaRepository.save]
2026-06-03T00:05:01.298-03:00 DEBUG 18256 --- [blog] [restartedMain] org.hibernate.SQL                        : 
    insert 
    into
        tipo_solo_terrabyte
        (nome_sol, id) 
    values
        (?, ?)
2026-06-03T00:05:01.301-03:00 TRACE 18256 --- [blog] [restartedMain] o.s.t.i.TransactionInterceptor           : Getting transaction for [org.springframework.data.jpa.repository.support.SimpleJpaRepository.save]
2026-06-03T00:05:01.301-03:00 DEBUG 18256 --- [blog] [restartedMain] org.hibernate.SQL                        : 
    select
        ts1_0.id,
        ts1_0.nome_sol 
    from
        tipo_solo_terrabyte ts1_0 
    where
        ts1_0.id=?
2026-06-03T00:05:01.302-03:00 TRACE 18256 --- [blog] [restartedMain] o.s.t.i.TransactionInterceptor           : Completing transaction for [org.springframework.data.jpa.repository.support.SimpleJpaRepository.save]
2026-06-03T00:05:01.303-03:00 DEBUG 18256 --- [blog] [restartedMain] org.hibernate.SQL                        : 
    insert 
    into
        tipo_solo_terrabyte
        (nome_sol, id) 
    values
        (?, ?)
2026-06-03T00:05:14.201-03:00  INFO 18256 --- [blog] [http-nio-8080-exec-8] o.springdoc.api.AbstractOpenApiResource  : Init duration for springdoc-openapi is: 777 ms
2026-06-03T00:05:20.877-03:00 TRACE 18256 --- [blog] [http-nio-8080-exec-10] o.s.t.i.TransactionInterceptor           : Getting transaction for [br.com.fiap.javaadv.blog.backend.services.PlantioServiceImp.fetchAll]
2026-06-03T00:05:20.878-03:00 TRACE 18256 --- [blog] [http-nio-8080-exec-10] o.s.t.i.TransactionInterceptor           : Getting transaction for [org.springframework.data.jpa.repository.support.SimpleJpaRepository.findAll]
2026-06-03T00:05:21.015-03:00 DEBUG 18256 --- [blog] [http-nio-8080-exec-10] org.hibernate.SQL                        : 
    select
        p1_0.id,
        p1_0.agua_mm_plan,
        p1_0.epoca_plan,
        p1_0.nome_plan,
        p1_0.temp_max_plan,
        p1_0.temp_min_plan,
        p1_0.url_img_plan 
    from
        plantio_terrabyte p1_0 
    offset
        ? rows 
    fetch
        first ? rows only
2026-06-03T00:05:21.029-03:00 TRACE 18256 --- [blog] [http-nio-8080-exec-10] o.s.t.i.TransactionInterceptor           : Completing transaction for [org.springframework.data.jpa.repository.support.SimpleJpaRepository.findAll]
2026-06-03T00:05:21.029-03:00 TRACE 18256 --- [blog] [http-nio-8080-exec-10] o.s.t.i.TransactionInterceptor           : Completing transaction for [br.com.fiap.javaadv.blog.backend.services.PlantioServiceImp.fetchAll]
2026-06-03T00:05:39.559-03:00 TRACE 18256 --- [blog] [http-nio-8080-exec-1] o.s.t.i.TransactionInterceptor           : Getting transaction for [br.com.fiap.javaadv.blog.backend.services.PlantioServiceImp.fetchAll]
2026-06-03T00:05:39.560-03:00 TRACE 18256 --- [blog] [http-nio-8080-exec-1] o.s.t.i.TransactionInterceptor           : Getting transaction for [org.springframework.data.jpa.repository.support.SimpleJpaRepository.findAll]
2026-06-03T00:05:39.564-03:00 DEBUG 18256 --- [blog] [http-nio-8080-exec-1] org.hibernate.SQL                        : 
    select
        p1_0.id,
        p1_0.agua_mm_plan,
        p1_0.epoca_plan,
        p1_0.nome_plan,
        p1_0.temp_max_plan,
        p1_0.temp_min_plan,
        p1_0.url_img_plan 
    from
        plantio_terrabyte p1_0 
    offset
        ? rows 
    fetch
        first ? rows only
2026-06-03T00:05:39.566-03:00 TRACE 18256 --- [blog] [http-nio-8080-exec-1] o.s.t.i.TransactionInterceptor           : Completing transaction for [org.springframework.data.jpa.repository.support.SimpleJpaRepository.findAll]
2026-06-03T00:05:39.566-03:00 TRACE 18256 --- [blog] [http-nio-8080-exec-1] o.s.t.i.TransactionInterceptor           : Completing transaction for [br.com.fiap.javaadv.blog.backend.services.PlantioServiceImp.fetchAll]
2026-06-03T00:06:11.006-03:00 TRACE 18256 --- [blog] [http-nio-8080-exec-2] o.s.t.i.TransactionInterceptor           : Getting transaction for [br.com.fiap.javaadv.blog.backend.services.EnderecoPlanServiceImp.create]
2026-06-03T00:08:22.447-03:00 TRACE 18256 --- [blog] [http-nio-8080-exec-2] o.s.t.i.TransactionInterceptor           : No need to create transaction for [org.springframework.data.jpa.repository.support.SimpleJpaRepository.findByNome]: This method is not transactional.
2026-06-03T00:08:22.497-03:00 DEBUG 18256 --- [blog] [http-nio-8080-exec-2] org.hibernate.SQL                        : 
    select
        ts1_0.id,
        ts1_0.nome_sol 
    from
        tipo_solo_terrabyte ts1_0 
    where
        ts1_0.nome_sol=?
2026-06-03T00:08:22.501-03:00 TRACE 18256 --- [blog] [http-nio-8080-exec-2] o.s.t.i.TransactionInterceptor           : Getting transaction for [org.springframework.data.jpa.repository.support.SimpleJpaRepository.save]
2026-06-03T00:08:22.503-03:00 TRACE 18256 --- [blog] [http-nio-8080-exec-2] o.s.t.i.TransactionInterceptor           : Completing transaction for [org.springframework.data.jpa.repository.support.SimpleJpaRepository.save]
2026-06-03T00:08:22.504-03:00 TRACE 18256 --- [blog] [http-nio-8080-exec-2] o.s.t.i.TransactionInterceptor           : Completing transaction for [br.com.fiap.javaadv.blog.backend.services.EnderecoPlanServiceImp.create]
2026-06-03T00:08:22.507-03:00 DEBUG 18256 --- [blog] [http-nio-8080-exec-2] org.hibernate.SQL                        : 
    insert 
    into
        endereco_plantio_terrabyte
        (areia_end, argila_end, bairro_end, cep_end, cidade_end, estado_end, lat_end, lograd_end, long_end, nome_end, raio_end, silto_end, id_solo_fk, id) 
    values
        (?, ?, ?, ?, ?, ?, ?, ?, ?, ?, ?, ?, ?, ?)
2026-06-03T00:08:41.518-03:00 TRACE 18256 --- [blog] [http-nio-8080-exec-6] o.s.t.i.TransactionInterceptor           : Getting transaction for [br.com.fiap.javaadv.blog.backend.services.EnderecoPlanServiceImp.fetchAll]
2026-06-03T00:08:41.519-03:00 TRACE 18256 --- [blog] [http-nio-8080-exec-6] o.s.t.i.TransactionInterceptor           : Getting transaction for [org.springframework.data.jpa.repository.support.SimpleJpaRepository.findAll]
2026-06-03T00:08:41.522-03:00 DEBUG 18256 --- [blog] [http-nio-8080-exec-6] org.hibernate.SQL                        : 
    select
        ep1_0.id,
        ep1_0.areia_end,
        ep1_0.argila_end,
        ep1_0.bairro_end,
        ep1_0.cep_end,
        ep1_0.cidade_end,
        ep1_0.estado_end,
        ep1_0.lat_end,
        ep1_0.lograd_end,
        ep1_0.long_end,
        ep1_0.nome_end,
        ep1_0.raio_end,
        ep1_0.silto_end,
        ep1_0.id_solo_fk 
    from
        endereco_plantio_terrabyte ep1_0 
    offset
        ? rows 
    fetch
        first ? rows only
2026-06-03T00:08:41.531-03:00 DEBUG 18256 --- [blog] [http-nio-8080-exec-6] org.hibernate.SQL                        : 
    select
        ts1_0.id,
        ts1_0.nome_sol 
    from
        tipo_solo_terrabyte ts1_0 
    where
        ts1_0.id=?
2026-06-03T00:08:41.533-03:00 TRACE 18256 --- [blog] [http-nio-8080-exec-6] o.s.t.i.TransactionInterceptor           : Completing transaction for [org.springframework.data.jpa.repository.support.SimpleJpaRepository.findAll]
2026-06-03T00:08:41.533-03:00 TRACE 18256 --- [blog] [http-nio-8080-exec-6] o.s.t.i.TransactionInterceptor           : Completing transaction for [br.com.fiap.javaadv.blog.backend.services.EnderecoPlanServiceImp.fetchAll]
2026-06-03T00:09:40.271-03:00 TRACE 18256 --- [blog] [http-nio-8080-exec-4] o.s.t.i.TransactionInterceptor           : Getting transaction for [br.com.fiap.javaadv.blog.backend.services.AnaliseServiceImp.create]
2026-06-03T00:09:41.039-03:00 TRACE 18256 --- [blog] [http-nio-8080-exec-4] o.s.t.i.TransactionInterceptor           : Completing transaction for [br.com.fiap.javaadv.blog.backend.services.AnaliseServiceImp.create] after exception: java.lang.NullPointerException
2026-06-03T00:09:41.051-03:00  WARN 18256 --- [blog] [http-nio-8080-exec-4] .m.m.a.ExceptionHandlerExceptionResolver : Resolved [java.lang.NullPointerException]
2026-06-03T00:10:21.855-03:00  INFO 18256 --- [blog] [SpringApplicationShutdownHook] o.s.b.w.e.tomcat.GracefulShutdown        : Commencing graceful shutdown. Waiting for active requests to complete
2026-06-03T00:10:21.859-03:00  INFO 18256 --- [blog] [tomcat-shutdown] o.s.b.w.e.tomcat.GracefulShutdown        : Graceful shutdown complete
2026-06-03T00:10:21.864-03:00  INFO 18256 --- [blog] [SpringApplicationShutdownHook] j.LocalContainerEntityManagerFactoryBean : Closing JPA EntityManagerFactory for persistence unit 'default'
2026-06-03T00:10:21.864-03:00 DEBUG 18256 --- [blog] [SpringApplicationShutdownHook] org.hibernate.SQL                        : 
    drop table if exists analise_plantio_terrabyte cascade 
2026-06-03T00:10:21.867-03:00 DEBUG 18256 --- [blog] [SpringApplicationShutdownHook] org.hibernate.SQL                        : 
    drop table if exists defensivo_terrabyte cascade 
2026-06-03T00:10:21.867-03:00 DEBUG 18256 --- [blog] [SpringApplicationShutdownHook] org.hibernate.SQL                        : 
    drop table if exists endereco_plantio_terrabyte cascade 
2026-06-03T00:10:21.868-03:00 DEBUG 18256 --- [blog] [SpringApplicationShutdownHook] org.hibernate.SQL                        : 
    drop table if exists plan_def_terrabyte cascade 
2026-06-03T00:10:21.868-03:00 DEBUG 18256 --- [blog] [SpringApplicationShutdownHook] org.hibernate.SQL                        : 
    drop table if exists plan_tp_terrabyte cascade 
2026-06-03T00:10:21.869-03:00 DEBUG 18256 --- [blog] [SpringApplicationShutdownHook] org.hibernate.SQL                        : 
    drop table if exists plantio_terrabyte cascade 
2026-06-03T00:10:21.869-03:00 DEBUG 18256 --- [blog] [SpringApplicationShutdownHook] org.hibernate.SQL                        : 
    drop table if exists tipo_solo_terrabyte cascade 
2026-06-03T00:10:21.870-03:00 DEBUG 18256 --- [blog] [SpringApplicationShutdownHook] org.hibernate.SQL                        : 
    drop table if exists usuario_terrabyte cascade 
2026-06-03T00:10:21.875-03:00  WARN 18256 --- [blog] [SpringApplicationShutdownHook] o.s.b.f.support.DisposableBeanAdapter    : Invocation of destroy method failed on bean with name 'inMemoryDatabaseShutdownExecutor': org.h2.jdbc.JdbcSQLNonTransientConnectionException: Database is already closed (to disable automatic closing at VM shutdown, add ";DB_CLOSE_ON_EXIT=FALSE" to the db URL) [90121-232]
2026-06-03T00:10:21.876-03:00  INFO 18256 --- [blog] [SpringApplicationShutdownHook] com.zaxxer.hikari.HikariDataSource       : blogHikariConnectionPool - Shutdown initiated...
2026-06-03T00:10:21.877-03:00  INFO 18256 --- [blog] [SpringApplicationShutdownHook] com.zaxxer.hikari.HikariDataSource       : blogHikariConnectionPool - Shutdown completed.
2026-06-03T00:11:58.216-03:00  INFO 9268 --- [blog] [restartedMain] b.c.f.j.blog.backend.BackendApplication  : Starting BackendApplication using Java 21.0.11 with PID 9268 (C:\Users\carol\OneDrive\Área de Trabalho\FIAP\Global - 1Sem\Java\backend\target\classes started by carol in C:\Users\carol\OneDrive\Área de Trabalho\FIAP\Global - 1Sem\Java\backend)
2026-06-03T00:11:58.221-03:00  INFO 9268 --- [blog] [restartedMain] b.c.f.j.blog.backend.BackendApplication  : No active profile set, falling back to 1 default profile: "default"
2026-06-03T00:11:58.316-03:00  INFO 9268 --- [blog] [restartedMain] o.s.b.devtools.restart.ChangeableUrls    : The Class-Path manifest attribute in C:\Users\carol\.m2\repository\com\oracle\database\jdbc\ojdbc11\23.7.0.25.01\ojdbc11-23.7.0.25.01.jar referenced one or more files that do not exist: file:/C:/Users/carol/.m2/repository/com/oracle/database/jdbc/ojdbc11/23.7.0.25.01/oraclepki.jar
2026-06-03T00:11:58.317-03:00  INFO 9268 --- [blog] [restartedMain] .e.DevToolsPropertyDefaultsPostProcessor : Devtools property defaults active! Set 'spring.devtools.add-properties' to 'false' to disable
2026-06-03T00:11:58.317-03:00  INFO 9268 --- [blog] [restartedMain] .e.DevToolsPropertyDefaultsPostProcessor : For additional web related logging consider setting the 'logging.level.web' property to 'DEBUG'
2026-06-03T00:12:00.611-03:00  INFO 9268 --- [blog] [restartedMain] .s.d.r.c.RepositoryConfigurationDelegate : Bootstrapping Spring Data JPA repositories in DEFAULT mode.
2026-06-03T00:12:00.771-03:00  INFO 9268 --- [blog] [restartedMain] .s.d.r.c.RepositoryConfigurationDelegate : Finished Spring Data repository scanning in 137 ms. Found 6 JPA repository interfaces.
2026-06-03T00:12:01.891-03:00  INFO 9268 --- [blog] [restartedMain] o.s.b.w.embedded.tomcat.TomcatWebServer  : Tomcat initialized with port 8080 (http)
2026-06-03T00:12:01.908-03:00  INFO 9268 --- [blog] [restartedMain] o.apache.catalina.core.StandardService   : Starting service [Tomcat]
2026-06-03T00:12:01.908-03:00  INFO 9268 --- [blog] [restartedMain] o.apache.catalina.core.StandardEngine    : Starting Servlet engine: [Apache Tomcat/10.1.41]
2026-06-03T00:12:01.971-03:00  INFO 9268 --- [blog] [restartedMain] o.a.c.c.C.[Tomcat].[localhost].[/]       : Initializing Spring embedded WebApplicationContext
2026-06-03T00:12:01.971-03:00  INFO 9268 --- [blog] [restartedMain] w.s.c.ServletWebServerApplicationContext : Root WebApplicationContext: initialization completed in 3653 ms
2026-06-03T00:12:02.196-03:00  INFO 9268 --- [blog] [restartedMain] o.hibernate.jpa.internal.util.LogHelper  : HHH000204: Processing PersistenceUnitInfo [name: default]
2026-06-03T00:12:02.271-03:00  INFO 9268 --- [blog] [restartedMain] org.hibernate.Version                    : HHH000412: Hibernate ORM core version 6.6.15.Final
2026-06-03T00:12:02.311-03:00  INFO 9268 --- [blog] [restartedMain] o.h.c.internal.RegionFactoryInitiator    : HHH000026: Second-level cache disabled
2026-06-03T00:12:02.707-03:00  INFO 9268 --- [blog] [restartedMain] o.s.o.j.p.SpringPersistenceUnitInfo      : No LoadTimeWeaver setup: ignoring JPA class transformer
2026-06-03T00:12:02.751-03:00  INFO 9268 --- [blog] [restartedMain] com.zaxxer.hikari.HikariDataSource       : blogHikariConnectionPool - Starting...
2026-06-03T00:12:03.088-03:00  INFO 9268 --- [blog] [restartedMain] com.zaxxer.hikari.pool.HikariPool        : blogHikariConnectionPool - Added connection conn0: url=jdbc:h2:mem:blogdb user=SA
2026-06-03T00:12:03.090-03:00  INFO 9268 --- [blog] [restartedMain] com.zaxxer.hikari.HikariDataSource       : blogHikariConnectionPool - Start completed.
2026-06-03T00:12:03.168-03:00  INFO 9268 --- [blog] [restartedMain] org.hibernate.orm.connections.pooling    : HHH10001005: Database info:
	Database JDBC URL [Connecting through datasource 'HikariDataSource (blogHikariConnectionPool)']
	Database driver: undefined/unknown
	Database version: 2.3.232
	Autocommit mode: undefined/unknown
	Isolation level: undefined/unknown
	Minimum pool size: undefined/unknown
	Maximum pool size: undefined/unknown
2026-06-03T00:12:04.626-03:00  INFO 9268 --- [blog] [restartedMain] o.h.e.t.j.p.i.JtaPlatformInitiator       : HHH000489: No JTA platform available (set 'hibernate.transaction.jta.platform' to enable JTA platform integration)
2026-06-03T00:12:04.654-03:00 DEBUG 9268 --- [blog] [restartedMain] org.hibernate.SQL                        : 
    drop table if exists analise_plantio_terrabyte cascade 
2026-06-03T00:12:04.663-03:00 DEBUG 9268 --- [blog] [restartedMain] org.hibernate.SQL                        : 
    drop table if exists defensivo_terrabyte cascade 
2026-06-03T00:12:04.665-03:00 DEBUG 9268 --- [blog] [restartedMain] org.hibernate.SQL                        : 
    drop table if exists endereco_plantio_terrabyte cascade 
2026-06-03T00:12:04.665-03:00 DEBUG 9268 --- [blog] [restartedMain] org.hibernate.SQL                        : 
    drop table if exists plan_def_terrabyte cascade 
2026-06-03T00:12:04.666-03:00 DEBUG 9268 --- [blog] [restartedMain] org.hibernate.SQL                        : 
    drop table if exists plan_tp_terrabyte cascade 
2026-06-03T00:12:04.666-03:00 DEBUG 9268 --- [blog] [restartedMain] org.hibernate.SQL                        : 
    drop table if exists plantio_terrabyte cascade 
2026-06-03T00:12:04.667-03:00 DEBUG 9268 --- [blog] [restartedMain] org.hibernate.SQL                        : 
    drop table if exists tipo_solo_terrabyte cascade 
2026-06-03T00:12:04.667-03:00 DEBUG 9268 --- [blog] [restartedMain] org.hibernate.SQL                        : 
    drop table if exists usuario_terrabyte cascade 
2026-06-03T00:12:04.674-03:00 DEBUG 9268 --- [blog] [restartedMain] org.hibernate.SQL                        : 
    create table analise_plantio_terrabyte (
        adeq_ana float(53),
        dt_ana date,
        temp_max_ana float(53),
        temp_min_ana float(53),
        umidade_med_ana float(53),
        id uuid not null,
        "id_end_(pk)" uuid,
        "id_plan_(pk)" uuid,
        "id_usu_(pk)" uuid,
        nvl_risc_ana varchar(255),
        rec_ana varchar(255),
        primary key (id)
    )
2026-06-03T00:12:04.688-03:00 DEBUG 9268 --- [blog] [restartedMain] org.hibernate.SQL                        : 
    create table defensivo_terrabyte (
        id uuid not null,
        nome_def varchar(100) not null,
        tipo_def varchar(100) not null,
        primary key (id)
    )
2026-06-03T00:12:04.692-03:00 DEBUG 9268 --- [blog] [restartedMain] org.hibernate.SQL                        : 
    create table endereco_plantio_terrabyte (
        areia_end float(53),
        argila_end float(53),
        lat_end float(53),
        long_end float(53),
        raio_end float(53),
        silto_end float(53),
        cep_end varchar(9) not null,
        id uuid not null,
        id_solo_fk uuid,
        bairro_end varchar(100),
        cidade_end varchar(100),
        estado_end varchar(100),
        lograd_end varchar(100),
        nome_end varchar(300),
        primary key (id)
    )
2026-06-03T00:12:04.699-03:00 DEBUG 9268 --- [blog] [restartedMain] org.hibernate.SQL                        : 
    create table plan_def_terrabyte (
        "id_def_(fk)" uuid not null,
        "id_plan_(fk)" uuid not null,
        primary key ("id_def_(fk)", "id_plan_(fk)")
    )
2026-06-03T00:12:04.703-03:00 DEBUG 9268 --- [blog] [restartedMain] org.hibernate.SQL                        : 
    create table plan_tp_terrabyte (
        "id_plan_(fk)" uuid not null,
        "id_solo_(fk)" uuid not null,
        primary key ("id_plan_(fk)", "id_solo_(fk)")
    )
2026-06-03T00:12:04.705-03:00 DEBUG 9268 --- [blog] [restartedMain] org.hibernate.SQL                        : 
    create table plantio_terrabyte (
        agua_mm_plan float(53) not null,
        temp_max_plan float(53) not null,
        temp_min_plan float(53) not null,
        id uuid not null,
        url_img_plan varchar(100),
        nome_plan varchar(150) not null,
        epoca_plan tinyint array not null,
        primary key (id)
    )
2026-06-03T00:12:04.708-03:00 DEBUG 9268 --- [blog] [restartedMain] org.hibernate.SQL                        : 
    create table tipo_solo_terrabyte (
        id uuid not null,
        nome_sol varchar(150) not null,
        primary key (id)
    )
2026-06-03T00:12:04.710-03:00 DEBUG 9268 --- [blog] [restartedMain] org.hibernate.SQL                        : 
    create table usuario_terrabyte (
        data_nasc_usu date not null,
        sexo_usu tinyint not null check (sexo_usu between 0 and 1),
        tel_usu varchar(11) not null,
        id uuid not null,
        email_usu varchar(100) not null,
        nome_usu varchar(100) not null,
        senha_usu varchar(100) not null,
        url_img_usu varchar(100),
        primary key (id)
    )
2026-06-03T00:12:04.723-03:00 DEBUG 9268 --- [blog] [restartedMain] org.hibernate.SQL                        : 
    alter table if exists analise_plantio_terrabyte 
       add constraint FKm2t7s0ieg1x7yq7d7b5hgg1qj 
       foreign key ("id_end_(pk)") 
       references endereco_plantio_terrabyte
2026-06-03T00:12:04.742-03:00 DEBUG 9268 --- [blog] [restartedMain] org.hibernate.SQL                        : 
    alter table if exists analise_plantio_terrabyte 
       add constraint FK7q2auth5aj4t4jm6n5y7svcfb 
       foreign key ("id_plan_(pk)") 
       references plantio_terrabyte
2026-06-03T00:12:04.746-03:00 DEBUG 9268 --- [blog] [restartedMain] org.hibernate.SQL                        : 
    alter table if exists analise_plantio_terrabyte 
       add constraint FK1vw0pr8bh1h2joy8b154di38s 
       foreign key ("id_usu_(pk)") 
       references usuario_terrabyte
2026-06-03T00:12:04.751-03:00 DEBUG 9268 --- [blog] [restartedMain] org.hibernate.SQL                        : 
    alter table if exists endereco_plantio_terrabyte 
       add constraint FKixee6jq0ndswkrhidf4x6djy5 
       foreign key (id_solo_fk) 
       references tipo_solo_terrabyte
2026-06-03T00:12:04.753-03:00 DEBUG 9268 --- [blog] [restartedMain] org.hibernate.SQL                        : 
    alter table if exists plan_def_terrabyte 
       add constraint FKp0xenvr5hdhfkyyvbqwuxk1oc 
       foreign key ("id_def_(fk)") 
       references defensivo_terrabyte
2026-06-03T00:12:04.755-03:00 DEBUG 9268 --- [blog] [restartedMain] org.hibernate.SQL                        : 
    alter table if exists plan_def_terrabyte 
       add constraint FKa0bqr2mgy5kt5mlbrc8xmbkii 
       foreign key ("id_plan_(fk)") 
       references plantio_terrabyte
2026-06-03T00:12:04.759-03:00 DEBUG 9268 --- [blog] [restartedMain] org.hibernate.SQL                        : 
    alter table if exists plan_tp_terrabyte 
       add constraint FK2favlmqtx395sy8jtphut1ge2 
       foreign key ("id_solo_(fk)") 
       references tipo_solo_terrabyte
2026-06-03T00:12:04.761-03:00 DEBUG 9268 --- [blog] [restartedMain] org.hibernate.SQL                        : 
    alter table if exists plan_tp_terrabyte 
       add constraint FKiebsj2yn45ohwc49alii3kfvo 
       foreign key ("id_plan_(fk)") 
       references plantio_terrabyte
2026-06-03T00:12:04.770-03:00  INFO 9268 --- [blog] [restartedMain] j.LocalContainerEntityManagerFactoryBean : Initialized JPA EntityManagerFactory for persistence unit 'default'
2026-06-03T00:12:05.859-03:00 TRACE 9268 --- [blog] [restartedMain] t.a.AnnotationTransactionAttributeSource : Adding transactional method 'br.com.fiap.javaadv.blog.backend.services.AnaliseServiceImp.delete' with attribute: PROPAGATION_REQUIRED,ISOLATION_DEFAULT
2026-06-03T00:12:05.876-03:00 TRACE 9268 --- [blog] [restartedMain] t.a.AnnotationTransactionAttributeSource : Adding transactional method 'br.com.fiap.javaadv.blog.backend.services.AnaliseServiceImp.create' with attribute: PROPAGATION_REQUIRED,ISOLATION_DEFAULT
2026-06-03T00:12:05.876-03:00 TRACE 9268 --- [blog] [restartedMain] t.a.AnnotationTransactionAttributeSource : Adding transactional method 'br.com.fiap.javaadv.blog.backend.services.AnaliseServiceImp.existsById' with attribute: PROPAGATION_NOT_SUPPORTED,ISOLATION_DEFAULT
2026-06-03T00:12:05.876-03:00 TRACE 9268 --- [blog] [restartedMain] t.a.AnnotationTransactionAttributeSource : Adding transactional method 'br.com.fiap.javaadv.blog.backend.services.AnaliseServiceImp.fetchAll' with attribute: PROPAGATION_REQUIRED,ISOLATION_DEFAULT
2026-06-03T00:12:05.876-03:00 TRACE 9268 --- [blog] [restartedMain] t.a.AnnotationTransactionAttributeSource : Adding transactional method 'br.com.fiap.javaadv.blog.backend.services.AnaliseServiceImp.fetchById' with attribute: PROPAGATION_NOT_SUPPORTED,ISOLATION_DEFAULT
2026-06-03T00:12:05.958-03:00 TRACE 9268 --- [blog] [restartedMain] t.a.AnnotationTransactionAttributeSource : Adding transactional method 'br.com.fiap.javaadv.blog.backend.services.DefensivoServiceImp.delete' with attribute: PROPAGATION_REQUIRED,ISOLATION_DEFAULT
2026-06-03T00:12:05.961-03:00 TRACE 9268 --- [blog] [restartedMain] t.a.AnnotationTransactionAttributeSource : Adding transactional method 'br.com.fiap.javaadv.blog.backend.services.DefensivoServiceImp.create' with attribute: PROPAGATION_REQUIRED,ISOLATION_DEFAULT
2026-06-03T00:12:05.961-03:00 TRACE 9268 --- [blog] [restartedMain] t.a.AnnotationTransactionAttributeSource : Adding transactional method 'br.com.fiap.javaadv.blog.backend.services.DefensivoServiceImp.existsById' with attribute: PROPAGATION_NOT_SUPPORTED,ISOLATION_DEFAULT
2026-06-03T00:12:05.961-03:00 TRACE 9268 --- [blog] [restartedMain] t.a.AnnotationTransactionAttributeSource : Adding transactional method 'br.com.fiap.javaadv.blog.backend.services.DefensivoServiceImp.fetchAll' with attribute: PROPAGATION_REQUIRED,ISOLATION_DEFAULT
2026-06-03T00:12:05.961-03:00 TRACE 9268 --- [blog] [restartedMain] t.a.AnnotationTransactionAttributeSource : Adding transactional method 'br.com.fiap.javaadv.blog.backend.services.DefensivoServiceImp.fetchById' with attribute: PROPAGATION_NOT_SUPPORTED,ISOLATION_DEFAULT
2026-06-03T00:12:06.009-03:00 TRACE 9268 --- [blog] [restartedMain] t.a.AnnotationTransactionAttributeSource : Adding transactional method 'br.com.fiap.javaadv.blog.backend.services.EnderecoPlanServiceImp.update' with attribute: PROPAGATION_REQUIRED,ISOLATION_DEFAULT
2026-06-03T00:12:06.012-03:00 TRACE 9268 --- [blog] [restartedMain] t.a.AnnotationTransactionAttributeSource : Adding transactional method 'br.com.fiap.javaadv.blog.backend.services.EnderecoPlanServiceImp.delete' with attribute: PROPAGATION_REQUIRED,ISOLATION_DEFAULT
2026-06-03T00:12:06.012-03:00 TRACE 9268 --- [blog] [restartedMain] t.a.AnnotationTransactionAttributeSource : Adding transactional method 'br.com.fiap.javaadv.blog.backend.services.EnderecoPlanServiceImp.create' with attribute: PROPAGATION_REQUIRED,ISOLATION_DEFAULT
2026-06-03T00:12:06.013-03:00 TRACE 9268 --- [blog] [restartedMain] t.a.AnnotationTransactionAttributeSource : Adding transactional method 'br.com.fiap.javaadv.blog.backend.services.EnderecoPlanServiceImp.existsById' with attribute: PROPAGATION_NOT_SUPPORTED,ISOLATION_DEFAULT
2026-06-03T00:12:06.013-03:00 TRACE 9268 --- [blog] [restartedMain] t.a.AnnotationTransactionAttributeSource : Adding transactional method 'br.com.fiap.javaadv.blog.backend.services.EnderecoPlanServiceImp.fetchAll' with attribute: PROPAGATION_REQUIRED,ISOLATION_DEFAULT
2026-06-03T00:12:06.014-03:00 TRACE 9268 --- [blog] [restartedMain] t.a.AnnotationTransactionAttributeSource : Adding transactional method 'br.com.fiap.javaadv.blog.backend.services.EnderecoPlanServiceImp.fetchById' with attribute: PROPAGATION_NOT_SUPPORTED,ISOLATION_DEFAULT
2026-06-03T00:12:06.027-03:00 TRACE 9268 --- [blog] [restartedMain] t.a.AnnotationTransactionAttributeSource : Adding transactional method 'br.com.fiap.javaadv.blog.backend.services.PlantioServiceImp.delete' with attribute: PROPAGATION_REQUIRED,ISOLATION_DEFAULT
2026-06-03T00:12:06.030-03:00 TRACE 9268 --- [blog] [restartedMain] t.a.AnnotationTransactionAttributeSource : Adding transactional method 'br.com.fiap.javaadv.blog.backend.services.PlantioServiceImp.create' with attribute: PROPAGATION_REQUIRED,ISOLATION_DEFAULT
2026-06-03T00:12:06.031-03:00 TRACE 9268 --- [blog] [restartedMain] t.a.AnnotationTransactionAttributeSource : Adding transactional method 'br.com.fiap.javaadv.blog.backend.services.PlantioServiceImp.existsById' with attribute: PROPAGATION_NOT_SUPPORTED,ISOLATION_DEFAULT
2026-06-03T00:12:06.032-03:00 TRACE 9268 --- [blog] [restartedMain] t.a.AnnotationTransactionAttributeSource : Adding transactional method 'br.com.fiap.javaadv.blog.backend.services.PlantioServiceImp.fetchAll' with attribute: PROPAGATION_REQUIRED,ISOLATION_DEFAULT
2026-06-03T00:12:06.033-03:00 TRACE 9268 --- [blog] [restartedMain] t.a.AnnotationTransactionAttributeSource : Adding transactional method 'br.com.fiap.javaadv.blog.backend.services.PlantioServiceImp.fetchById' with attribute: PROPAGATION_NOT_SUPPORTED,ISOLATION_DEFAULT
2026-06-03T00:12:06.042-03:00 TRACE 9268 --- [blog] [restartedMain] t.a.AnnotationTransactionAttributeSource : Adding transactional method 'br.com.fiap.javaadv.blog.backend.services.TipoSoloServiceImp.delete' with attribute: PROPAGATION_REQUIRED,ISOLATION_DEFAULT
2026-06-03T00:12:06.042-03:00 TRACE 9268 --- [blog] [restartedMain] t.a.AnnotationTransactionAttributeSource : Adding transactional method 'br.com.fiap.javaadv.blog.backend.services.TipoSoloServiceImp.create' with attribute: PROPAGATION_REQUIRED,ISOLATION_DEFAULT
2026-06-03T00:12:06.042-03:00 TRACE 9268 --- [blog] [restartedMain] t.a.AnnotationTransactionAttributeSource : Adding transactional method 'br.com.fiap.javaadv.blog.backend.services.TipoSoloServiceImp.existsById' with attribute: PROPAGATION_NOT_SUPPORTED,ISOLATION_DEFAULT
2026-06-03T00:12:06.043-03:00 TRACE 9268 --- [blog] [restartedMain] t.a.AnnotationTransactionAttributeSource : Adding transactional method 'br.com.fiap.javaadv.blog.backend.services.TipoSoloServiceImp.fetchAll' with attribute: PROPAGATION_REQUIRED,ISOLATION_DEFAULT
2026-06-03T00:12:06.043-03:00 TRACE 9268 --- [blog] [restartedMain] t.a.AnnotationTransactionAttributeSource : Adding transactional method 'br.com.fiap.javaadv.blog.backend.services.TipoSoloServiceImp.fetchById' with attribute: PROPAGATION_NOT_SUPPORTED,ISOLATION_DEFAULT
2026-06-03T00:12:06.055-03:00 TRACE 9268 --- [blog] [restartedMain] t.a.AnnotationTransactionAttributeSource : Adding transactional method 'br.com.fiap.javaadv.blog.backend.services.UsuarioServiceImp.update' with attribute: PROPAGATION_REQUIRED,ISOLATION_DEFAULT
2026-06-03T00:12:06.056-03:00 TRACE 9268 --- [blog] [restartedMain] t.a.AnnotationTransactionAttributeSource : Adding transactional method 'br.com.fiap.javaadv.blog.backend.services.UsuarioServiceImp.delete' with attribute: PROPAGATION_REQUIRED,ISOLATION_DEFAULT
2026-06-03T00:12:06.056-03:00 TRACE 9268 --- [blog] [restartedMain] t.a.AnnotationTransactionAttributeSource : Adding transactional method 'br.com.fiap.javaadv.blog.backend.services.UsuarioServiceImp.create' with attribute: PROPAGATION_REQUIRED,ISOLATION_DEFAULT
2026-06-03T00:12:06.056-03:00 TRACE 9268 --- [blog] [restartedMain] t.a.AnnotationTransactionAttributeSource : Adding transactional method 'br.com.fiap.javaadv.blog.backend.services.UsuarioServiceImp.existsById' with attribute: PROPAGATION_NOT_SUPPORTED,ISOLATION_DEFAULT
2026-06-03T00:12:06.056-03:00 TRACE 9268 --- [blog] [restartedMain] t.a.AnnotationTransactionAttributeSource : Adding transactional method 'br.com.fiap.javaadv.blog.backend.services.UsuarioServiceImp.fetchByEmail' with attribute: PROPAGATION_REQUIRED,ISOLATION_DEFAULT
2026-06-03T00:12:06.056-03:00 TRACE 9268 --- [blog] [restartedMain] t.a.AnnotationTransactionAttributeSource : Adding transactional method 'br.com.fiap.javaadv.blog.backend.services.UsuarioServiceImp.fetchAll' with attribute: PROPAGATION_REQUIRED,ISOLATION_DEFAULT
2026-06-03T00:12:06.056-03:00 TRACE 9268 --- [blog] [restartedMain] t.a.AnnotationTransactionAttributeSource : Adding transactional method 'br.com.fiap.javaadv.blog.backend.services.UsuarioServiceImp.fetchById' with attribute: PROPAGATION_NOT_SUPPORTED,ISOLATION_DEFAULT
2026-06-03T00:12:06.325-03:00  WARN 9268 --- [blog] [restartedMain] JpaBaseConfiguration$JpaWebConfiguration : spring.jpa.open-in-view is enabled by default. Therefore, database queries may be performed during view rendering. Explicitly configure spring.jpa.open-in-view to disable this warning
2026-06-03T00:12:06.366-03:00  INFO 9268 --- [blog] [restartedMain] eAuthenticationProviderManagerConfigurer : Global AuthenticationManager configured with AuthenticationProvider bean with name authenticationProvider
2026-06-03T00:12:06.367-03:00  WARN 9268 --- [blog] [restartedMain] r$InitializeUserDetailsManagerConfigurer : Global AuthenticationManager configured with an AuthenticationProvider bean. UserDetailsService beans will not be used by Spring Security for automatically configuring username/password login. Consider removing the AuthenticationProvider bean. Alternatively, consider using the UserDetailsService in a manually instantiated DaoAuthenticationProvider. If the current configuration is intentional, to turn off this warning, increase the logging level of 'org.springframework.security.config.annotation.authentication.configuration.InitializeUserDetailsBeanManagerConfigurer' to ERROR
2026-06-03T00:12:07.033-03:00  INFO 9268 --- [blog] [restartedMain] o.s.b.a.h2.H2ConsoleAutoConfiguration    : H2 console available at '/console'. Database available at 'jdbc:h2:mem:blogdb'
2026-06-03T00:12:07.175-03:00  INFO 9268 --- [blog] [restartedMain] o.s.b.d.a.OptionalLiveReloadServer       : LiveReload server is running on port 35729
2026-06-03T00:12:07.219-03:00  INFO 9268 --- [blog] [restartedMain] o.a.c.c.C.[Tomcat].[localhost].[/]       : Initializing Spring DispatcherServlet 'dispatcherServlet'
2026-06-03T00:12:07.219-03:00  INFO 9268 --- [blog] [restartedMain] o.s.web.servlet.DispatcherServlet        : Initializing Servlet 'dispatcherServlet'
2026-06-03T00:12:07.222-03:00  INFO 9268 --- [blog] [restartedMain] o.s.web.servlet.DispatcherServlet        : Completed initialization in 2 ms
2026-06-03T00:12:07.224-03:00  INFO 9268 --- [blog] [restartedMain] o.s.b.w.embedded.tomcat.TomcatWebServer  : Tomcat started on port 8080 (http) with context path '/'
2026-06-03T00:12:07.243-03:00  INFO 9268 --- [blog] [restartedMain] b.c.f.j.blog.backend.BackendApplication  : Started BackendApplication in 9.986 seconds (process running for 10.756)
2026-06-03T00:12:07.281-03:00 TRACE 9268 --- [blog] [restartedMain] o.s.t.i.TransactionInterceptor           : Getting transaction for [org.springframework.data.jpa.repository.support.SimpleJpaRepository.save]
2026-06-03T00:12:07.353-03:00 DEBUG 9268 --- [blog] [restartedMain] org.hibernate.SQL                        : 
    select
        d1_0.id,
        d1_0.nome_def,
        d1_0.tipo_def 
    from
        defensivo_terrabyte d1_0 
    where
        d1_0.id=?
2026-06-03T00:12:07.412-03:00 TRACE 9268 --- [blog] [restartedMain] o.s.t.i.TransactionInterceptor           : Completing transaction for [org.springframework.data.jpa.repository.support.SimpleJpaRepository.save]
2026-06-03T00:12:07.442-03:00 DEBUG 9268 --- [blog] [restartedMain] org.hibernate.SQL                        : 
    insert 
    into
        defensivo_terrabyte
        (nome_def, tipo_def, id) 
    values
        (?, ?, ?)
2026-06-03T00:12:07.577-03:00 TRACE 9268 --- [blog] [restartedMain] o.s.t.i.TransactionInterceptor           : Getting transaction for [org.springframework.data.jpa.repository.support.SimpleJpaRepository.save]
2026-06-03T00:12:07.581-03:00 DEBUG 9268 --- [blog] [restartedMain] org.hibernate.SQL                        : 
    select
        u1_0.id,
        u1_0.data_nasc_usu,
        u1_0.email_usu,
        u1_0.nome_usu,
        u1_0.senha_usu,
        u1_0.sexo_usu,
        u1_0.tel_usu,
        u1_0.url_img_usu 
    from
        usuario_terrabyte u1_0 
    where
        u1_0.id=?
2026-06-03T00:12:07.583-03:00 TRACE 9268 --- [blog] [restartedMain] o.s.t.i.TransactionInterceptor           : Completing transaction for [org.springframework.data.jpa.repository.support.SimpleJpaRepository.save]
2026-06-03T00:12:07.584-03:00 DEBUG 9268 --- [blog] [restartedMain] org.hibernate.SQL                        : 
    insert 
    into
        usuario_terrabyte
        (data_nasc_usu, email_usu, nome_usu, senha_usu, sexo_usu, tel_usu, url_img_usu, id) 
    values
        (?, ?, ?, ?, ?, ?, ?, ?)
2026-06-03T00:12:07.587-03:00 TRACE 9268 --- [blog] [restartedMain] o.s.t.i.TransactionInterceptor           : Getting transaction for [org.springframework.data.jpa.repository.support.SimpleJpaRepository.save]
2026-06-03T00:12:07.588-03:00 DEBUG 9268 --- [blog] [restartedMain] org.hibernate.SQL                        : 
    select
        p1_0.id,
        p1_0.agua_mm_plan,
        p1_0.epoca_plan,
        p1_0.nome_plan,
        p1_0.temp_max_plan,
        p1_0.temp_min_plan,
        p1_0.url_img_plan 
    from
        plantio_terrabyte p1_0 
    where
        p1_0.id=?
2026-06-03T00:12:07.591-03:00 TRACE 9268 --- [blog] [restartedMain] o.s.t.i.TransactionInterceptor           : Completing transaction for [org.springframework.data.jpa.repository.support.SimpleJpaRepository.save]
2026-06-03T00:12:07.593-03:00 DEBUG 9268 --- [blog] [restartedMain] org.hibernate.SQL                        : 
    insert 
    into
        plantio_terrabyte
        (agua_mm_plan, epoca_plan, nome_plan, temp_max_plan, temp_min_plan, url_img_plan, id) 
    values
        (?, ?, ?, ?, ?, ?, ?)
2026-06-03T00:12:07.597-03:00 TRACE 9268 --- [blog] [restartedMain] o.s.t.i.TransactionInterceptor           : Getting transaction for [org.springframework.data.jpa.repository.support.SimpleJpaRepository.save]
2026-06-03T00:12:07.598-03:00 DEBUG 9268 --- [blog] [restartedMain] org.hibernate.SQL                        : 
    select
        p1_0.id,
        p1_0.agua_mm_plan,
        p1_0.epoca_plan,
        p1_0.nome_plan,
        p1_0.temp_max_plan,
        p1_0.temp_min_plan,
        p1_0.url_img_plan 
    from
        plantio_terrabyte p1_0 
    where
        p1_0.id=?
2026-06-03T00:12:07.599-03:00 TRACE 9268 --- [blog] [restartedMain] o.s.t.i.TransactionInterceptor           : Completing transaction for [org.springframework.data.jpa.repository.support.SimpleJpaRepository.save]
2026-06-03T00:12:07.600-03:00 DEBUG 9268 --- [blog] [restartedMain] org.hibernate.SQL                        : 
    insert 
    into
        plantio_terrabyte
        (agua_mm_plan, epoca_plan, nome_plan, temp_max_plan, temp_min_plan, url_img_plan, id) 
    values
        (?, ?, ?, ?, ?, ?, ?)
2026-06-03T00:12:07.602-03:00 TRACE 9268 --- [blog] [restartedMain] o.s.t.i.TransactionInterceptor           : Getting transaction for [org.springframework.data.jpa.repository.support.SimpleJpaRepository.save]
2026-06-03T00:12:07.603-03:00 DEBUG 9268 --- [blog] [restartedMain] org.hibernate.SQL                        : 
    select
        ts1_0.id,
        ts1_0.nome_sol 
    from
        tipo_solo_terrabyte ts1_0 
    where
        ts1_0.id=?
2026-06-03T00:12:07.604-03:00 TRACE 9268 --- [blog] [restartedMain] o.s.t.i.TransactionInterceptor           : Completing transaction for [org.springframework.data.jpa.repository.support.SimpleJpaRepository.save]
2026-06-03T00:12:07.605-03:00 DEBUG 9268 --- [blog] [restartedMain] org.hibernate.SQL                        : 
    insert 
    into
        tipo_solo_terrabyte
        (nome_sol, id) 
    values
        (?, ?)
2026-06-03T00:12:07.606-03:00 TRACE 9268 --- [blog] [restartedMain] o.s.t.i.TransactionInterceptor           : Getting transaction for [org.springframework.data.jpa.repository.support.SimpleJpaRepository.save]
2026-06-03T00:12:07.606-03:00 DEBUG 9268 --- [blog] [restartedMain] org.hibernate.SQL                        : 
    select
        ts1_0.id,
        ts1_0.nome_sol 
    from
        tipo_solo_terrabyte ts1_0 
    where
        ts1_0.id=?
2026-06-03T00:12:07.607-03:00 TRACE 9268 --- [blog] [restartedMain] o.s.t.i.TransactionInterceptor           : Completing transaction for [org.springframework.data.jpa.repository.support.SimpleJpaRepository.save]
2026-06-03T00:12:07.607-03:00 DEBUG 9268 --- [blog] [restartedMain] org.hibernate.SQL                        : 
    insert 
    into
        tipo_solo_terrabyte
        (nome_sol, id) 
    values
        (?, ?)
2026-06-03T00:12:07.608-03:00 TRACE 9268 --- [blog] [restartedMain] o.s.t.i.TransactionInterceptor           : Getting transaction for [org.springframework.data.jpa.repository.support.SimpleJpaRepository.save]
2026-06-03T00:12:07.608-03:00 DEBUG 9268 --- [blog] [restartedMain] org.hibernate.SQL                        : 
    select
        ts1_0.id,
        ts1_0.nome_sol 
    from
        tipo_solo_terrabyte ts1_0 
    where
        ts1_0.id=?
2026-06-03T00:12:07.609-03:00 TRACE 9268 --- [blog] [restartedMain] o.s.t.i.TransactionInterceptor           : Completing transaction for [org.springframework.data.jpa.repository.support.SimpleJpaRepository.save]
2026-06-03T00:12:07.610-03:00 DEBUG 9268 --- [blog] [restartedMain] org.hibernate.SQL                        : 
    insert 
    into
        tipo_solo_terrabyte
        (nome_sol, id) 
    values
        (?, ?)
2026-06-03T00:12:07.611-03:00 TRACE 9268 --- [blog] [restartedMain] o.s.t.i.TransactionInterceptor           : Getting transaction for [org.springframework.data.jpa.repository.support.SimpleJpaRepository.save]
2026-06-03T00:12:07.611-03:00 DEBUG 9268 --- [blog] [restartedMain] org.hibernate.SQL                        : 
    select
        ts1_0.id,
        ts1_0.nome_sol 
    from
        tipo_solo_terrabyte ts1_0 
    where
        ts1_0.id=?
2026-06-03T00:12:07.612-03:00 TRACE 9268 --- [blog] [restartedMain] o.s.t.i.TransactionInterceptor           : Completing transaction for [org.springframework.data.jpa.repository.support.SimpleJpaRepository.save]
2026-06-03T00:12:07.613-03:00 DEBUG 9268 --- [blog] [restartedMain] org.hibernate.SQL                        : 
    insert 
    into
        tipo_solo_terrabyte
        (nome_sol, id) 
    values
        (?, ?)
2026-06-03T00:12:07.614-03:00 TRACE 9268 --- [blog] [restartedMain] o.s.t.i.TransactionInterceptor           : Getting transaction for [org.springframework.data.jpa.repository.support.SimpleJpaRepository.save]
2026-06-03T00:12:07.614-03:00 DEBUG 9268 --- [blog] [restartedMain] org.hibernate.SQL                        : 
    select
        ts1_0.id,
        ts1_0.nome_sol 
    from
        tipo_solo_terrabyte ts1_0 
    where
        ts1_0.id=?
2026-06-03T00:12:07.615-03:00 TRACE 9268 --- [blog] [restartedMain] o.s.t.i.TransactionInterceptor           : Completing transaction for [org.springframework.data.jpa.repository.support.SimpleJpaRepository.save]
2026-06-03T00:12:07.616-03:00 DEBUG 9268 --- [blog] [restartedMain] org.hibernate.SQL                        : 
    insert 
    into
        tipo_solo_terrabyte
        (nome_sol, id) 
    values
        (?, ?)
2026-06-03T00:12:07.617-03:00 TRACE 9268 --- [blog] [restartedMain] o.s.t.i.TransactionInterceptor           : Getting transaction for [org.springframework.data.jpa.repository.support.SimpleJpaRepository.save]
2026-06-03T00:12:07.617-03:00 DEBUG 9268 --- [blog] [restartedMain] org.hibernate.SQL                        : 
    select
        ts1_0.id,
        ts1_0.nome_sol 
    from
        tipo_solo_terrabyte ts1_0 
    where
        ts1_0.id=?
2026-06-03T00:12:07.618-03:00 TRACE 9268 --- [blog] [restartedMain] o.s.t.i.TransactionInterceptor           : Completing transaction for [org.springframework.data.jpa.repository.support.SimpleJpaRepository.save]
2026-06-03T00:12:07.619-03:00 DEBUG 9268 --- [blog] [restartedMain] org.hibernate.SQL                        : 
    insert 
    into
        tipo_solo_terrabyte
        (nome_sol, id) 
    values
        (?, ?)
2026-06-03T00:12:07.620-03:00 TRACE 9268 --- [blog] [restartedMain] o.s.t.i.TransactionInterceptor           : Getting transaction for [org.springframework.data.jpa.repository.support.SimpleJpaRepository.save]
2026-06-03T00:12:07.620-03:00 DEBUG 9268 --- [blog] [restartedMain] org.hibernate.SQL                        : 
    select
        ts1_0.id,
        ts1_0.nome_sol 
    from
        tipo_solo_terrabyte ts1_0 
    where
        ts1_0.id=?
2026-06-03T00:12:07.621-03:00 TRACE 9268 --- [blog] [restartedMain] o.s.t.i.TransactionInterceptor           : Completing transaction for [org.springframework.data.jpa.repository.support.SimpleJpaRepository.save]
2026-06-03T00:12:07.622-03:00 DEBUG 9268 --- [blog] [restartedMain] org.hibernate.SQL                        : 
    insert 
    into
        tipo_solo_terrabyte
        (nome_sol, id) 
    values
        (?, ?)
2026-06-03T00:12:07.622-03:00 TRACE 9268 --- [blog] [restartedMain] o.s.t.i.TransactionInterceptor           : Getting transaction for [org.springframework.data.jpa.repository.support.SimpleJpaRepository.save]
2026-06-03T00:12:07.623-03:00 DEBUG 9268 --- [blog] [restartedMain] org.hibernate.SQL                        : 
    select
        ts1_0.id,
        ts1_0.nome_sol 
    from
        tipo_solo_terrabyte ts1_0 
    where
        ts1_0.id=?
2026-06-03T00:12:07.623-03:00 TRACE 9268 --- [blog] [restartedMain] o.s.t.i.TransactionInterceptor           : Completing transaction for [org.springframework.data.jpa.repository.support.SimpleJpaRepository.save]
2026-06-03T00:12:07.624-03:00 DEBUG 9268 --- [blog] [restartedMain] org.hibernate.SQL                        : 
    insert 
    into
        tipo_solo_terrabyte
        (nome_sol, id) 
    values
        (?, ?)
2026-06-03T00:12:07.625-03:00 TRACE 9268 --- [blog] [restartedMain] o.s.t.i.TransactionInterceptor           : Getting transaction for [org.springframework.data.jpa.repository.support.SimpleJpaRepository.save]
2026-06-03T00:12:07.625-03:00 DEBUG 9268 --- [blog] [restartedMain] org.hibernate.SQL                        : 
    select
        ts1_0.id,
        ts1_0.nome_sol 
    from
        tipo_solo_terrabyte ts1_0 
    where
        ts1_0.id=?
2026-06-03T00:12:07.626-03:00 TRACE 9268 --- [blog] [restartedMain] o.s.t.i.TransactionInterceptor           : Completing transaction for [org.springframework.data.jpa.repository.support.SimpleJpaRepository.save]
2026-06-03T00:12:07.627-03:00 DEBUG 9268 --- [blog] [restartedMain] org.hibernate.SQL                        : 
    insert 
    into
        tipo_solo_terrabyte
        (nome_sol, id) 
    values
        (?, ?)
2026-06-03T00:12:07.629-03:00 TRACE 9268 --- [blog] [restartedMain] o.s.t.i.TransactionInterceptor           : Getting transaction for [org.springframework.data.jpa.repository.support.SimpleJpaRepository.save]
2026-06-03T00:12:07.630-03:00 DEBUG 9268 --- [blog] [restartedMain] org.hibernate.SQL                        : 
    select
        ts1_0.id,
        ts1_0.nome_sol 
    from
        tipo_solo_terrabyte ts1_0 
    where
        ts1_0.id=?
2026-06-03T00:12:07.631-03:00 TRACE 9268 --- [blog] [restartedMain] o.s.t.i.TransactionInterceptor           : Completing transaction for [org.springframework.data.jpa.repository.support.SimpleJpaRepository.save]
2026-06-03T00:12:07.632-03:00 DEBUG 9268 --- [blog] [restartedMain] org.hibernate.SQL                        : 
    insert 
    into
        tipo_solo_terrabyte
        (nome_sol, id) 
    values
        (?, ?)
2026-06-03T00:12:07.633-03:00 TRACE 9268 --- [blog] [restartedMain] o.s.t.i.TransactionInterceptor           : Getting transaction for [org.springframework.data.jpa.repository.support.SimpleJpaRepository.save]
2026-06-03T00:12:07.634-03:00 DEBUG 9268 --- [blog] [restartedMain] org.hibernate.SQL                        : 
    select
        ts1_0.id,
        ts1_0.nome_sol 
    from
        tipo_solo_terrabyte ts1_0 
    where
        ts1_0.id=?
2026-06-03T00:12:07.634-03:00 TRACE 9268 --- [blog] [restartedMain] o.s.t.i.TransactionInterceptor           : Completing transaction for [org.springframework.data.jpa.repository.support.SimpleJpaRepository.save]
2026-06-03T00:12:07.635-03:00 DEBUG 9268 --- [blog] [restartedMain] org.hibernate.SQL                        : 
    insert 
    into
        tipo_solo_terrabyte
        (nome_sol, id) 
    values
        (?, ?)
2026-06-03T00:12:07.636-03:00 TRACE 9268 --- [blog] [restartedMain] o.s.t.i.TransactionInterceptor           : Getting transaction for [org.springframework.data.jpa.repository.support.SimpleJpaRepository.save]
2026-06-03T00:12:07.636-03:00 DEBUG 9268 --- [blog] [restartedMain] org.hibernate.SQL                        : 
    select
        ts1_0.id,
        ts1_0.nome_sol 
    from
        tipo_solo_terrabyte ts1_0 
    where
        ts1_0.id=?
2026-06-03T00:12:07.637-03:00 TRACE 9268 --- [blog] [restartedMain] o.s.t.i.TransactionInterceptor           : Completing transaction for [org.springframework.data.jpa.repository.support.SimpleJpaRepository.save]
2026-06-03T00:12:07.638-03:00 DEBUG 9268 --- [blog] [restartedMain] org.hibernate.SQL                        : 
    insert 
    into
        tipo_solo_terrabyte
        (nome_sol, id) 
    values
        (?, ?)
2026-06-03T00:12:07.639-03:00 TRACE 9268 --- [blog] [restartedMain] o.s.t.i.TransactionInterceptor           : Getting transaction for [org.springframework.data.jpa.repository.support.SimpleJpaRepository.save]
2026-06-03T00:12:07.639-03:00 DEBUG 9268 --- [blog] [restartedMain] org.hibernate.SQL                        : 
    select
        ts1_0.id,
        ts1_0.nome_sol 
    from
        tipo_solo_terrabyte ts1_0 
    where
        ts1_0.id=?
2026-06-03T00:12:07.640-03:00 TRACE 9268 --- [blog] [restartedMain] o.s.t.i.TransactionInterceptor           : Completing transaction for [org.springframework.data.jpa.repository.support.SimpleJpaRepository.save]
2026-06-03T00:12:07.641-03:00 DEBUG 9268 --- [blog] [restartedMain] org.hibernate.SQL                        : 
    insert 
    into
        tipo_solo_terrabyte
        (nome_sol, id) 
    values
        (?, ?)
2026-06-03T00:12:07.642-03:00 TRACE 9268 --- [blog] [restartedMain] o.s.t.i.TransactionInterceptor           : Getting transaction for [org.springframework.data.jpa.repository.support.SimpleJpaRepository.save]
2026-06-03T00:12:07.642-03:00 DEBUG 9268 --- [blog] [restartedMain] org.hibernate.SQL                        : 
    select
        ts1_0.id,
        ts1_0.nome_sol 
    from
        tipo_solo_terrabyte ts1_0 
    where
        ts1_0.id=?
2026-06-03T00:12:07.643-03:00 TRACE 9268 --- [blog] [restartedMain] o.s.t.i.TransactionInterceptor           : Completing transaction for [org.springframework.data.jpa.repository.support.SimpleJpaRepository.save]
2026-06-03T00:12:07.643-03:00 DEBUG 9268 --- [blog] [restartedMain] org.hibernate.SQL                        : 
    insert 
    into
        tipo_solo_terrabyte
        (nome_sol, id) 
    values
        (?, ?)
2026-06-03T00:12:11.922-03:00  INFO 9268 --- [blog] [http-nio-8080-exec-9] o.springdoc.api.AbstractOpenApiResource  : Init duration for springdoc-openapi is: 797 ms
2026-06-03T00:12:24.537-03:00 TRACE 9268 --- [blog] [http-nio-8080-exec-10] o.s.t.i.TransactionInterceptor           : Getting transaction for [br.com.fiap.javaadv.blog.backend.services.EnderecoPlanServiceImp.create]
2026-06-03T00:12:43.072-03:00 TRACE 9268 --- [blog] [http-nio-8080-exec-10] o.s.t.i.TransactionInterceptor           : No need to create transaction for [org.springframework.data.jpa.repository.support.SimpleJpaRepository.findByNome]: This method is not transactional.
2026-06-03T00:12:43.218-03:00 DEBUG 9268 --- [blog] [http-nio-8080-exec-10] org.hibernate.SQL                        : 
    select
        ts1_0.id,
        ts1_0.nome_sol 
    from
        tipo_solo_terrabyte ts1_0 
    where
        ts1_0.nome_sol=?
2026-06-03T00:12:43.233-03:00 TRACE 9268 --- [blog] [http-nio-8080-exec-10] o.s.t.i.TransactionInterceptor           : Getting transaction for [org.springframework.data.jpa.repository.support.SimpleJpaRepository.save]
2026-06-03T00:12:43.236-03:00 TRACE 9268 --- [blog] [http-nio-8080-exec-10] o.s.t.i.TransactionInterceptor           : Completing transaction for [org.springframework.data.jpa.repository.support.SimpleJpaRepository.save]
2026-06-03T00:12:43.236-03:00 TRACE 9268 --- [blog] [http-nio-8080-exec-10] o.s.t.i.TransactionInterceptor           : Completing transaction for [br.com.fiap.javaadv.blog.backend.services.EnderecoPlanServiceImp.create]
2026-06-03T00:12:43.245-03:00 DEBUG 9268 --- [blog] [http-nio-8080-exec-10] org.hibernate.SQL                        : 
    insert 
    into
        endereco_plantio_terrabyte
        (areia_end, argila_end, bairro_end, cep_end, cidade_end, estado_end, lat_end, lograd_end, long_end, nome_end, raio_end, silto_end, id_solo_fk, id) 
    values
        (?, ?, ?, ?, ?, ?, ?, ?, ?, ?, ?, ?, ?, ?)
2026-06-03T00:12:49.841-03:00 TRACE 9268 --- [blog] [http-nio-8080-exec-1] o.s.t.i.TransactionInterceptor           : Getting transaction for [br.com.fiap.javaadv.blog.backend.services.EnderecoPlanServiceImp.fetchAll]
2026-06-03T00:12:49.842-03:00 TRACE 9268 --- [blog] [http-nio-8080-exec-1] o.s.t.i.TransactionInterceptor           : Getting transaction for [org.springframework.data.jpa.repository.support.SimpleJpaRepository.findAll]
2026-06-03T00:12:49.849-03:00 DEBUG 9268 --- [blog] [http-nio-8080-exec-1] org.hibernate.SQL                        : 
    select
        ep1_0.id,
        ep1_0.areia_end,
        ep1_0.argila_end,
        ep1_0.bairro_end,
        ep1_0.cep_end,
        ep1_0.cidade_end,
        ep1_0.estado_end,
        ep1_0.lat_end,
        ep1_0.lograd_end,
        ep1_0.long_end,
        ep1_0.nome_end,
        ep1_0.raio_end,
        ep1_0.silto_end,
        ep1_0.id_solo_fk 
    from
        endereco_plantio_terrabyte ep1_0 
    offset
        ? rows 
    fetch
        first ? rows only
2026-06-03T00:12:49.853-03:00 DEBUG 9268 --- [blog] [http-nio-8080-exec-1] org.hibernate.SQL                        : 
    select
        ts1_0.id,
        ts1_0.nome_sol 
    from
        tipo_solo_terrabyte ts1_0 
    where
        ts1_0.id=?
2026-06-03T00:12:49.856-03:00 TRACE 9268 --- [blog] [http-nio-8080-exec-1] o.s.t.i.TransactionInterceptor           : Completing transaction for [org.springframework.data.jpa.repository.support.SimpleJpaRepository.findAll]
2026-06-03T00:12:49.856-03:00 TRACE 9268 --- [blog] [http-nio-8080-exec-1] o.s.t.i.TransactionInterceptor           : Completing transaction for [br.com.fiap.javaadv.blog.backend.services.EnderecoPlanServiceImp.fetchAll]
2026-06-03T00:13:24.796-03:00 TRACE 9268 --- [blog] [http-nio-8080-exec-6] o.s.t.i.TransactionInterceptor           : Getting transaction for [br.com.fiap.javaadv.blog.backend.services.AnaliseServiceImp.create]
2026-06-03T00:13:25.539-03:00 TRACE 9268 --- [blog] [http-nio-8080-exec-6] o.s.t.i.TransactionInterceptor           : Completing transaction for [br.com.fiap.javaadv.blog.backend.services.AnaliseServiceImp.create] after exception: java.lang.NullPointerException: Cannot invoke "java.util.Set.contains(Object)" because the return value of "br.com.fiap.javaadv.blog.backend.domainmodel.entities.Plantio.getTiposSolo()" is null
2026-06-03T00:13:25.552-03:00  WARN 9268 --- [blog] [http-nio-8080-exec-6] .m.m.a.ExceptionHandlerExceptionResolver : Resolved [java.lang.NullPointerException: Cannot invoke "java.util.Set.contains(Object)" because the return value of "br.com.fiap.javaadv.blog.backend.domainmodel.entities.Plantio.getTiposSolo()" is null]
2026-06-03T00:20:39.086-03:00  INFO 9268 --- [blog] [SpringApplicationShutdownHook] o.s.b.w.e.tomcat.GracefulShutdown        : Commencing graceful shutdown. Waiting for active requests to complete
2026-06-03T00:20:39.091-03:00  INFO 9268 --- [blog] [tomcat-shutdown] o.s.b.w.e.tomcat.GracefulShutdown        : Graceful shutdown complete
2026-06-03T00:20:39.098-03:00  INFO 9268 --- [blog] [SpringApplicationShutdownHook] j.LocalContainerEntityManagerFactoryBean : Closing JPA EntityManagerFactory for persistence unit 'default'
2026-06-03T00:20:39.099-03:00 DEBUG 9268 --- [blog] [SpringApplicationShutdownHook] org.hibernate.SQL                        : 
    drop table if exists analise_plantio_terrabyte cascade 
2026-06-03T00:20:39.102-03:00 DEBUG 9268 --- [blog] [SpringApplicationShutdownHook] org.hibernate.SQL                        : 
    drop table if exists defensivo_terrabyte cascade 
2026-06-03T00:20:39.102-03:00 DEBUG 9268 --- [blog] [SpringApplicationShutdownHook] org.hibernate.SQL                        : 
    drop table if exists endereco_plantio_terrabyte cascade 
2026-06-03T00:20:39.103-03:00 DEBUG 9268 --- [blog] [SpringApplicationShutdownHook] org.hibernate.SQL                        : 
    drop table if exists plan_def_terrabyte cascade 
2026-06-03T00:20:39.103-03:00 DEBUG 9268 --- [blog] [SpringApplicationShutdownHook] org.hibernate.SQL                        : 
    drop table if exists plan_tp_terrabyte cascade 
2026-06-03T00:20:39.104-03:00 DEBUG 9268 --- [blog] [SpringApplicationShutdownHook] org.hibernate.SQL                        : 
    drop table if exists plantio_terrabyte cascade 
2026-06-03T00:20:39.104-03:00 DEBUG 9268 --- [blog] [SpringApplicationShutdownHook] org.hibernate.SQL                        : 
    drop table if exists tipo_solo_terrabyte cascade 
2026-06-03T00:20:39.104-03:00 DEBUG 9268 --- [blog] [SpringApplicationShutdownHook] org.hibernate.SQL                        : 
    drop table if exists usuario_terrabyte cascade 
2026-06-03T00:20:39.112-03:00  WARN 9268 --- [blog] [SpringApplicationShutdownHook] o.s.b.f.support.DisposableBeanAdapter    : Invocation of destroy method failed on bean with name 'inMemoryDatabaseShutdownExecutor': org.h2.jdbc.JdbcSQLNonTransientConnectionException: Database is already closed (to disable automatic closing at VM shutdown, add ";DB_CLOSE_ON_EXIT=FALSE" to the db URL) [90121-232]
2026-06-03T00:20:39.113-03:00  INFO 9268 --- [blog] [SpringApplicationShutdownHook] com.zaxxer.hikari.HikariDataSource       : blogHikariConnectionPool - Shutdown initiated...
2026-06-03T00:20:39.115-03:00  INFO 9268 --- [blog] [SpringApplicationShutdownHook] com.zaxxer.hikari.HikariDataSource       : blogHikariConnectionPool - Shutdown completed.
2026-06-03T00:20:46.666-03:00  INFO 20172 --- [blog] [restartedMain] b.c.f.j.blog.backend.BackendApplication  : Starting BackendApplication using Java 21.0.11 with PID 20172 (C:\Users\carol\OneDrive\Área de Trabalho\FIAP\Global - 1Sem\Java\backend\target\classes started by carol in C:\Users\carol\OneDrive\Área de Trabalho\FIAP\Global - 1Sem\Java\backend)
2026-06-03T00:20:46.668-03:00  INFO 20172 --- [blog] [restartedMain] b.c.f.j.blog.backend.BackendApplication  : No active profile set, falling back to 1 default profile: "default"
2026-06-03T00:20:46.734-03:00  INFO 20172 --- [blog] [restartedMain] o.s.b.devtools.restart.ChangeableUrls    : The Class-Path manifest attribute in C:\Users\carol\.m2\repository\com\oracle\database\jdbc\ojdbc11\23.7.0.25.01\ojdbc11-23.7.0.25.01.jar referenced one or more files that do not exist: file:/C:/Users/carol/.m2/repository/com/oracle/database/jdbc/ojdbc11/23.7.0.25.01/oraclepki.jar
2026-06-03T00:20:46.734-03:00  INFO 20172 --- [blog] [restartedMain] .e.DevToolsPropertyDefaultsPostProcessor : Devtools property defaults active! Set 'spring.devtools.add-properties' to 'false' to disable
2026-06-03T00:20:46.734-03:00  INFO 20172 --- [blog] [restartedMain] .e.DevToolsPropertyDefaultsPostProcessor : For additional web related logging consider setting the 'logging.level.web' property to 'DEBUG'
2026-06-03T00:20:48.122-03:00  INFO 20172 --- [blog] [restartedMain] .s.d.r.c.RepositoryConfigurationDelegate : Bootstrapping Spring Data JPA repositories in DEFAULT mode.
2026-06-03T00:20:48.226-03:00  INFO 20172 --- [blog] [restartedMain] .s.d.r.c.RepositoryConfigurationDelegate : Finished Spring Data repository scanning in 87 ms. Found 6 JPA repository interfaces.
2026-06-03T00:20:49.862-03:00  INFO 20172 --- [blog] [restartedMain] o.s.b.w.embedded.tomcat.TomcatWebServer  : Tomcat initialized with port 8080 (http)
2026-06-03T00:20:50.052-03:00  INFO 20172 --- [blog] [restartedMain] o.apache.catalina.core.StandardService   : Starting service [Tomcat]
2026-06-03T00:20:50.052-03:00  INFO 20172 --- [blog] [restartedMain] o.apache.catalina.core.StandardEngine    : Starting Servlet engine: [Apache Tomcat/10.1.41]
2026-06-03T00:20:50.506-03:00  INFO 20172 --- [blog] [restartedMain] o.a.c.c.C.[Tomcat].[localhost].[/]       : Initializing Spring embedded WebApplicationContext
2026-06-03T00:20:50.507-03:00  INFO 20172 --- [blog] [restartedMain] w.s.c.ServletWebServerApplicationContext : Root WebApplicationContext: initialization completed in 3771 ms
2026-06-03T00:20:50.927-03:00  INFO 20172 --- [blog] [restartedMain] o.hibernate.jpa.internal.util.LogHelper  : HHH000204: Processing PersistenceUnitInfo [name: default]
2026-06-03T00:20:51.088-03:00  INFO 20172 --- [blog] [restartedMain] org.hibernate.Version                    : HHH000412: Hibernate ORM core version 6.6.15.Final
2026-06-03T00:20:51.198-03:00  INFO 20172 --- [blog] [restartedMain] o.h.c.internal.RegionFactoryInitiator    : HHH000026: Second-level cache disabled
2026-06-03T00:20:51.767-03:00  INFO 20172 --- [blog] [restartedMain] o.s.o.j.p.SpringPersistenceUnitInfo      : No LoadTimeWeaver setup: ignoring JPA class transformer
2026-06-03T00:20:51.818-03:00  INFO 20172 --- [blog] [restartedMain] com.zaxxer.hikari.HikariDataSource       : blogHikariConnectionPool - Starting...
2026-06-03T00:20:52.314-03:00  INFO 20172 --- [blog] [restartedMain] com.zaxxer.hikari.pool.HikariPool        : blogHikariConnectionPool - Added connection conn0: url=jdbc:h2:mem:blogdb user=SA
2026-06-03T00:20:52.316-03:00  INFO 20172 --- [blog] [restartedMain] com.zaxxer.hikari.HikariDataSource       : blogHikariConnectionPool - Start completed.
2026-06-03T00:20:52.411-03:00  INFO 20172 --- [blog] [restartedMain] org.hibernate.orm.connections.pooling    : HHH10001005: Database info:
	Database JDBC URL [Connecting through datasource 'HikariDataSource (blogHikariConnectionPool)']
	Database driver: undefined/unknown
	Database version: 2.3.232
	Autocommit mode: undefined/unknown
	Isolation level: undefined/unknown
	Minimum pool size: undefined/unknown
	Maximum pool size: undefined/unknown
2026-06-03T00:20:54.104-03:00  INFO 20172 --- [blog] [restartedMain] o.h.e.t.j.p.i.JtaPlatformInitiator       : HHH000489: No JTA platform available (set 'hibernate.transaction.jta.platform' to enable JTA platform integration)
2026-06-03T00:20:54.127-03:00 DEBUG 20172 --- [blog] [restartedMain] org.hibernate.SQL                        : 
    drop table if exists analise_plantio_terrabyte cascade 
2026-06-03T00:20:54.131-03:00 DEBUG 20172 --- [blog] [restartedMain] org.hibernate.SQL                        : 
    drop table if exists defensivo_terrabyte cascade 
2026-06-03T00:20:54.132-03:00 DEBUG 20172 --- [blog] [restartedMain] org.hibernate.SQL                        : 
    drop table if exists endereco_plantio_terrabyte cascade 
2026-06-03T00:20:54.132-03:00 DEBUG 20172 --- [blog] [restartedMain] org.hibernate.SQL                        : 
    drop table if exists plan_def_terrabyte cascade 
2026-06-03T00:20:54.132-03:00 DEBUG 20172 --- [blog] [restartedMain] org.hibernate.SQL                        : 
    drop table if exists plan_tp_terrabyte cascade 
2026-06-03T00:20:54.132-03:00 DEBUG 20172 --- [blog] [restartedMain] org.hibernate.SQL                        : 
    drop table if exists plantio_terrabyte cascade 
2026-06-03T00:20:54.132-03:00 DEBUG 20172 --- [blog] [restartedMain] org.hibernate.SQL                        : 
    drop table if exists tipo_solo_terrabyte cascade 
2026-06-03T00:20:54.133-03:00 DEBUG 20172 --- [blog] [restartedMain] org.hibernate.SQL                        : 
    drop table if exists usuario_terrabyte cascade 
2026-06-03T00:20:54.138-03:00 DEBUG 20172 --- [blog] [restartedMain] org.hibernate.SQL                        : 
    create table analise_plantio_terrabyte (
        adeq_ana float(53),
        dt_ana date,
        temp_max_ana float(53),
        temp_min_ana float(53),
        umidade_med_ana float(53),
        id uuid not null,
        "id_end_(pk)" uuid,
        "id_plan_(pk)" uuid,
        "id_usu_(pk)" uuid,
        nvl_risc_ana varchar(255),
        rec_ana varchar(255),
        primary key (id)
    )
2026-06-03T00:20:54.146-03:00 DEBUG 20172 --- [blog] [restartedMain] org.hibernate.SQL                        : 
    create table defensivo_terrabyte (
        id uuid not null,
        nome_def varchar(100) not null,
        tipo_def varchar(100) not null,
        primary key (id)
    )
2026-06-03T00:20:54.148-03:00 DEBUG 20172 --- [blog] [restartedMain] org.hibernate.SQL                        : 
    create table endereco_plantio_terrabyte (
        areia_end float(53),
        argila_end float(53),
        lat_end float(53),
        long_end float(53),
        raio_end float(53),
        silto_end float(53),
        cep_end varchar(9) not null,
        id uuid not null,
        id_solo_fk uuid,
        bairro_end varchar(100),
        cidade_end varchar(100),
        estado_end varchar(100),
        lograd_end varchar(100),
        nome_end varchar(300),
        primary key (id)
    )
2026-06-03T00:20:54.149-03:00 DEBUG 20172 --- [blog] [restartedMain] org.hibernate.SQL                        : 
    create table plan_def_terrabyte (
        "id_def_(fk)" uuid not null,
        "id_plan_(fk)" uuid not null,
        primary key ("id_def_(fk)", "id_plan_(fk)")
    )
2026-06-03T00:20:54.150-03:00 DEBUG 20172 --- [blog] [restartedMain] org.hibernate.SQL                        : 
    create table plan_tp_terrabyte (
        "id_plan_(fk)" uuid not null,
        "id_solo_(fk)" uuid not null,
        primary key ("id_plan_(fk)", "id_solo_(fk)")
    )
2026-06-03T00:20:54.152-03:00 DEBUG 20172 --- [blog] [restartedMain] org.hibernate.SQL                        : 
    create table plantio_terrabyte (
        agua_mm_plan float(53) not null,
        temp_max_plan float(53) not null,
        temp_min_plan float(53) not null,
        id uuid not null,
        url_img_plan varchar(100),
        nome_plan varchar(150) not null,
        epoca_plan tinyint array not null,
        primary key (id)
    )
2026-06-03T00:20:54.153-03:00 DEBUG 20172 --- [blog] [restartedMain] org.hibernate.SQL                        : 
    create table tipo_solo_terrabyte (
        id uuid not null,
        nome_sol varchar(150) not null,
        primary key (id)
    )
2026-06-03T00:20:54.154-03:00 DEBUG 20172 --- [blog] [restartedMain] org.hibernate.SQL                        : 
    create table usuario_terrabyte (
        data_nasc_usu date not null,
        sexo_usu tinyint not null check (sexo_usu between 0 and 1),
        tel_usu varchar(11) not null,
        id uuid not null,
        email_usu varchar(100) not null,
        nome_usu varchar(100) not null,
        senha_usu varchar(100) not null,
        url_img_usu varchar(100),
        primary key (id)
    )
2026-06-03T00:20:54.166-03:00 DEBUG 20172 --- [blog] [restartedMain] org.hibernate.SQL                        : 
    alter table if exists analise_plantio_terrabyte 
       add constraint FKm2t7s0ieg1x7yq7d7b5hgg1qj 
       foreign key ("id_end_(pk)") 
       references endereco_plantio_terrabyte
2026-06-03T00:20:54.180-03:00 DEBUG 20172 --- [blog] [restartedMain] org.hibernate.SQL                        : 
    alter table if exists analise_plantio_terrabyte 
       add constraint FK7q2auth5aj4t4jm6n5y7svcfb 
       foreign key ("id_plan_(pk)") 
       references plantio_terrabyte
2026-06-03T00:20:54.181-03:00 DEBUG 20172 --- [blog] [restartedMain] org.hibernate.SQL                        : 
    alter table if exists analise_plantio_terrabyte 
       add constraint FK1vw0pr8bh1h2joy8b154di38s 
       foreign key ("id_usu_(pk)") 
       references usuario_terrabyte
2026-06-03T00:20:54.183-03:00 DEBUG 20172 --- [blog] [restartedMain] org.hibernate.SQL                        : 
    alter table if exists endereco_plantio_terrabyte 
       add constraint FKixee6jq0ndswkrhidf4x6djy5 
       foreign key (id_solo_fk) 
       references tipo_solo_terrabyte
2026-06-03T00:20:54.184-03:00 DEBUG 20172 --- [blog] [restartedMain] org.hibernate.SQL                        : 
    alter table if exists plan_def_terrabyte 
       add constraint FKp0xenvr5hdhfkyyvbqwuxk1oc 
       foreign key ("id_def_(fk)") 
       references defensivo_terrabyte
2026-06-03T00:20:54.186-03:00 DEBUG 20172 --- [blog] [restartedMain] org.hibernate.SQL                        : 
    alter table if exists plan_def_terrabyte 
       add constraint FKa0bqr2mgy5kt5mlbrc8xmbkii 
       foreign key ("id_plan_(fk)") 
       references plantio_terrabyte
2026-06-03T00:20:54.187-03:00 DEBUG 20172 --- [blog] [restartedMain] org.hibernate.SQL                        : 
    alter table if exists plan_tp_terrabyte 
       add constraint FK2favlmqtx395sy8jtphut1ge2 
       foreign key ("id_solo_(fk)") 
       references tipo_solo_terrabyte
2026-06-03T00:20:54.192-03:00 DEBUG 20172 --- [blog] [restartedMain] org.hibernate.SQL                        : 
    alter table if exists plan_tp_terrabyte 
       add constraint FKiebsj2yn45ohwc49alii3kfvo 
       foreign key ("id_plan_(fk)") 
       references plantio_terrabyte
2026-06-03T00:20:54.199-03:00  INFO 20172 --- [blog] [restartedMain] j.LocalContainerEntityManagerFactoryBean : Initialized JPA EntityManagerFactory for persistence unit 'default'
2026-06-03T00:20:55.139-03:00 TRACE 20172 --- [blog] [restartedMain] t.a.AnnotationTransactionAttributeSource : Adding transactional method 'br.com.fiap.javaadv.blog.backend.services.AnaliseServiceImp.delete' with attribute: PROPAGATION_REQUIRED,ISOLATION_DEFAULT
2026-06-03T00:20:55.149-03:00 TRACE 20172 --- [blog] [restartedMain] t.a.AnnotationTransactionAttributeSource : Adding transactional method 'br.com.fiap.javaadv.blog.backend.services.AnaliseServiceImp.create' with attribute: PROPAGATION_REQUIRED,ISOLATION_DEFAULT
2026-06-03T00:20:55.149-03:00 TRACE 20172 --- [blog] [restartedMain] t.a.AnnotationTransactionAttributeSource : Adding transactional method 'br.com.fiap.javaadv.blog.backend.services.AnaliseServiceImp.existsById' with attribute: PROPAGATION_NOT_SUPPORTED,ISOLATION_DEFAULT
2026-06-03T00:20:55.149-03:00 TRACE 20172 --- [blog] [restartedMain] t.a.AnnotationTransactionAttributeSource : Adding transactional method 'br.com.fiap.javaadv.blog.backend.services.AnaliseServiceImp.fetchAll' with attribute: PROPAGATION_REQUIRED,ISOLATION_DEFAULT
2026-06-03T00:20:55.149-03:00 TRACE 20172 --- [blog] [restartedMain] t.a.AnnotationTransactionAttributeSource : Adding transactional method 'br.com.fiap.javaadv.blog.backend.services.AnaliseServiceImp.fetchById' with attribute: PROPAGATION_NOT_SUPPORTED,ISOLATION_DEFAULT
2026-06-03T00:20:55.217-03:00 TRACE 20172 --- [blog] [restartedMain] t.a.AnnotationTransactionAttributeSource : Adding transactional method 'br.com.fiap.javaadv.blog.backend.services.DefensivoServiceImp.delete' with attribute: PROPAGATION_REQUIRED,ISOLATION_DEFAULT
2026-06-03T00:20:55.218-03:00 TRACE 20172 --- [blog] [restartedMain] t.a.AnnotationTransactionAttributeSource : Adding transactional method 'br.com.fiap.javaadv.blog.backend.services.DefensivoServiceImp.create' with attribute: PROPAGATION_REQUIRED,ISOLATION_DEFAULT
2026-06-03T00:20:55.219-03:00 TRACE 20172 --- [blog] [restartedMain] t.a.AnnotationTransactionAttributeSource : Adding transactional method 'br.com.fiap.javaadv.blog.backend.services.DefensivoServiceImp.existsById' with attribute: PROPAGATION_NOT_SUPPORTED,ISOLATION_DEFAULT
2026-06-03T00:20:55.219-03:00 TRACE 20172 --- [blog] [restartedMain] t.a.AnnotationTransactionAttributeSource : Adding transactional method 'br.com.fiap.javaadv.blog.backend.services.DefensivoServiceImp.fetchAll' with attribute: PROPAGATION_REQUIRED,ISOLATION_DEFAULT
2026-06-03T00:20:55.219-03:00 TRACE 20172 --- [blog] [restartedMain] t.a.AnnotationTransactionAttributeSource : Adding transactional method 'br.com.fiap.javaadv.blog.backend.services.DefensivoServiceImp.fetchById' with attribute: PROPAGATION_NOT_SUPPORTED,ISOLATION_DEFAULT
2026-06-03T00:20:55.248-03:00 TRACE 20172 --- [blog] [restartedMain] t.a.AnnotationTransactionAttributeSource : Adding transactional method 'br.com.fiap.javaadv.blog.backend.services.EnderecoPlanServiceImp.update' with attribute: PROPAGATION_REQUIRED,ISOLATION_DEFAULT
2026-06-03T00:20:55.249-03:00 TRACE 20172 --- [blog] [restartedMain] t.a.AnnotationTransactionAttributeSource : Adding transactional method 'br.com.fiap.javaadv.blog.backend.services.EnderecoPlanServiceImp.delete' with attribute: PROPAGATION_REQUIRED,ISOLATION_DEFAULT
2026-06-03T00:20:55.249-03:00 TRACE 20172 --- [blog] [restartedMain] t.a.AnnotationTransactionAttributeSource : Adding transactional method 'br.com.fiap.javaadv.blog.backend.services.EnderecoPlanServiceImp.create' with attribute: PROPAGATION_REQUIRED,ISOLATION_DEFAULT
2026-06-03T00:20:55.249-03:00 TRACE 20172 --- [blog] [restartedMain] t.a.AnnotationTransactionAttributeSource : Adding transactional method 'br.com.fiap.javaadv.blog.backend.services.EnderecoPlanServiceImp.existsById' with attribute: PROPAGATION_NOT_SUPPORTED,ISOLATION_DEFAULT
2026-06-03T00:20:55.249-03:00 TRACE 20172 --- [blog] [restartedMain] t.a.AnnotationTransactionAttributeSource : Adding transactional method 'br.com.fiap.javaadv.blog.backend.services.EnderecoPlanServiceImp.fetchAll' with attribute: PROPAGATION_REQUIRED,ISOLATION_DEFAULT
2026-06-03T00:20:55.250-03:00 TRACE 20172 --- [blog] [restartedMain] t.a.AnnotationTransactionAttributeSource : Adding transactional method 'br.com.fiap.javaadv.blog.backend.services.EnderecoPlanServiceImp.fetchById' with attribute: PROPAGATION_NOT_SUPPORTED,ISOLATION_DEFAULT
2026-06-03T00:20:55.261-03:00 TRACE 20172 --- [blog] [restartedMain] t.a.AnnotationTransactionAttributeSource : Adding transactional method 'br.com.fiap.javaadv.blog.backend.services.PlantioServiceImp.delete' with attribute: PROPAGATION_REQUIRED,ISOLATION_DEFAULT
2026-06-03T00:20:55.262-03:00 TRACE 20172 --- [blog] [restartedMain] t.a.AnnotationTransactionAttributeSource : Adding transactional method 'br.com.fiap.javaadv.blog.backend.services.PlantioServiceImp.create' with attribute: PROPAGATION_REQUIRED,ISOLATION_DEFAULT
2026-06-03T00:20:55.262-03:00 TRACE 20172 --- [blog] [restartedMain] t.a.AnnotationTransactionAttributeSource : Adding transactional method 'br.com.fiap.javaadv.blog.backend.services.PlantioServiceImp.existsById' with attribute: PROPAGATION_NOT_SUPPORTED,ISOLATION_DEFAULT
2026-06-03T00:20:55.262-03:00 TRACE 20172 --- [blog] [restartedMain] t.a.AnnotationTransactionAttributeSource : Adding transactional method 'br.com.fiap.javaadv.blog.backend.services.PlantioServiceImp.fetchAll' with attribute: PROPAGATION_REQUIRED,ISOLATION_DEFAULT
2026-06-03T00:20:55.263-03:00 TRACE 20172 --- [blog] [restartedMain] t.a.AnnotationTransactionAttributeSource : Adding transactional method 'br.com.fiap.javaadv.blog.backend.services.PlantioServiceImp.fetchById' with attribute: PROPAGATION_NOT_SUPPORTED,ISOLATION_DEFAULT
2026-06-03T00:20:55.269-03:00 TRACE 20172 --- [blog] [restartedMain] t.a.AnnotationTransactionAttributeSource : Adding transactional method 'br.com.fiap.javaadv.blog.backend.services.TipoSoloServiceImp.delete' with attribute: PROPAGATION_REQUIRED,ISOLATION_DEFAULT
2026-06-03T00:20:55.270-03:00 TRACE 20172 --- [blog] [restartedMain] t.a.AnnotationTransactionAttributeSource : Adding transactional method 'br.com.fiap.javaadv.blog.backend.services.TipoSoloServiceImp.create' with attribute: PROPAGATION_REQUIRED,ISOLATION_DEFAULT
2026-06-03T00:20:55.270-03:00 TRACE 20172 --- [blog] [restartedMain] t.a.AnnotationTransactionAttributeSource : Adding transactional method 'br.com.fiap.javaadv.blog.backend.services.TipoSoloServiceImp.existsById' with attribute: PROPAGATION_NOT_SUPPORTED,ISOLATION_DEFAULT
2026-06-03T00:20:55.270-03:00 TRACE 20172 --- [blog] [restartedMain] t.a.AnnotationTransactionAttributeSource : Adding transactional method 'br.com.fiap.javaadv.blog.backend.services.TipoSoloServiceImp.fetchAll' with attribute: PROPAGATION_REQUIRED,ISOLATION_DEFAULT
2026-06-03T00:20:55.270-03:00 TRACE 20172 --- [blog] [restartedMain] t.a.AnnotationTransactionAttributeSource : Adding transactional method 'br.com.fiap.javaadv.blog.backend.services.TipoSoloServiceImp.fetchById' with attribute: PROPAGATION_NOT_SUPPORTED,ISOLATION_DEFAULT
2026-06-03T00:20:55.280-03:00 TRACE 20172 --- [blog] [restartedMain] t.a.AnnotationTransactionAttributeSource : Adding transactional method 'br.com.fiap.javaadv.blog.backend.services.UsuarioServiceImp.update' with attribute: PROPAGATION_REQUIRED,ISOLATION_DEFAULT
2026-06-03T00:20:55.281-03:00 TRACE 20172 --- [blog] [restartedMain] t.a.AnnotationTransactionAttributeSource : Adding transactional method 'br.com.fiap.javaadv.blog.backend.services.UsuarioServiceImp.delete' with attribute: PROPAGATION_REQUIRED,ISOLATION_DEFAULT
2026-06-03T00:20:55.281-03:00 TRACE 20172 --- [blog] [restartedMain] t.a.AnnotationTransactionAttributeSource : Adding transactional method 'br.com.fiap.javaadv.blog.backend.services.UsuarioServiceImp.create' with attribute: PROPAGATION_REQUIRED,ISOLATION_DEFAULT
2026-06-03T00:20:55.281-03:00 TRACE 20172 --- [blog] [restartedMain] t.a.AnnotationTransactionAttributeSource : Adding transactional method 'br.com.fiap.javaadv.blog.backend.services.UsuarioServiceImp.existsById' with attribute: PROPAGATION_NOT_SUPPORTED,ISOLATION_DEFAULT
2026-06-03T00:20:55.281-03:00 TRACE 20172 --- [blog] [restartedMain] t.a.AnnotationTransactionAttributeSource : Adding transactional method 'br.com.fiap.javaadv.blog.backend.services.UsuarioServiceImp.fetchByEmail' with attribute: PROPAGATION_REQUIRED,ISOLATION_DEFAULT
2026-06-03T00:20:55.281-03:00 TRACE 20172 --- [blog] [restartedMain] t.a.AnnotationTransactionAttributeSource : Adding transactional method 'br.com.fiap.javaadv.blog.backend.services.UsuarioServiceImp.fetchAll' with attribute: PROPAGATION_REQUIRED,ISOLATION_DEFAULT
2026-06-03T00:20:55.281-03:00 TRACE 20172 --- [blog] [restartedMain] t.a.AnnotationTransactionAttributeSource : Adding transactional method 'br.com.fiap.javaadv.blog.backend.services.UsuarioServiceImp.fetchById' with attribute: PROPAGATION_NOT_SUPPORTED,ISOLATION_DEFAULT
2026-06-03T00:20:55.532-03:00  WARN 20172 --- [blog] [restartedMain] JpaBaseConfiguration$JpaWebConfiguration : spring.jpa.open-in-view is enabled by default. Therefore, database queries may be performed during view rendering. Explicitly configure spring.jpa.open-in-view to disable this warning
2026-06-03T00:20:55.576-03:00  INFO 20172 --- [blog] [restartedMain] eAuthenticationProviderManagerConfigurer : Global AuthenticationManager configured with AuthenticationProvider bean with name authenticationProvider
2026-06-03T00:20:55.576-03:00  WARN 20172 --- [blog] [restartedMain] r$InitializeUserDetailsManagerConfigurer : Global AuthenticationManager configured with an AuthenticationProvider bean. UserDetailsService beans will not be used by Spring Security for automatically configuring username/password login. Consider removing the AuthenticationProvider bean. Alternatively, consider using the UserDetailsService in a manually instantiated DaoAuthenticationProvider. If the current configuration is intentional, to turn off this warning, increase the logging level of 'org.springframework.security.config.annotation.authentication.configuration.InitializeUserDetailsBeanManagerConfigurer' to ERROR
2026-06-03T00:20:56.300-03:00  INFO 20172 --- [blog] [restartedMain] o.s.b.a.h2.H2ConsoleAutoConfiguration    : H2 console available at '/console'. Database available at 'jdbc:h2:mem:blogdb'
2026-06-03T00:20:56.463-03:00  INFO 20172 --- [blog] [restartedMain] o.s.b.d.a.OptionalLiveReloadServer       : LiveReload server is running on port 35729
2026-06-03T00:20:56.501-03:00  INFO 20172 --- [blog] [restartedMain] o.a.c.c.C.[Tomcat].[localhost].[/]       : Initializing Spring DispatcherServlet 'dispatcherServlet'
2026-06-03T00:20:56.502-03:00  INFO 20172 --- [blog] [restartedMain] o.s.web.servlet.DispatcherServlet        : Initializing Servlet 'dispatcherServlet'
2026-06-03T00:20:56.506-03:00  INFO 20172 --- [blog] [restartedMain] o.s.web.servlet.DispatcherServlet        : Completed initialization in 4 ms
2026-06-03T00:20:56.508-03:00  INFO 20172 --- [blog] [restartedMain] o.s.b.w.embedded.tomcat.TomcatWebServer  : Tomcat started on port 8080 (http) with context path '/'
2026-06-03T00:20:56.533-03:00  INFO 20172 --- [blog] [restartedMain] b.c.f.j.blog.backend.BackendApplication  : Started BackendApplication in 10.685 seconds (process running for 11.435)
2026-06-03T00:20:56.546-03:00 TRACE 20172 --- [blog] [restartedMain] o.s.t.i.TransactionInterceptor           : Getting transaction for [org.springframework.data.jpa.repository.support.SimpleJpaRepository.save]
2026-06-03T00:20:56.599-03:00 DEBUG 20172 --- [blog] [restartedMain] org.hibernate.SQL                        : 
    select
        d1_0.id,
        d1_0.nome_def,
        d1_0.tipo_def 
    from
        defensivo_terrabyte d1_0 
    where
        d1_0.id=?
2026-06-03T00:20:56.659-03:00 TRACE 20172 --- [blog] [restartedMain] o.s.t.i.TransactionInterceptor           : Completing transaction for [org.springframework.data.jpa.repository.support.SimpleJpaRepository.save]
2026-06-03T00:20:56.694-03:00 DEBUG 20172 --- [blog] [restartedMain] org.hibernate.SQL                        : 
    insert 
    into
        defensivo_terrabyte
        (nome_def, tipo_def, id) 
    values
        (?, ?, ?)
2026-06-03T00:20:56.812-03:00 TRACE 20172 --- [blog] [restartedMain] o.s.t.i.TransactionInterceptor           : Getting transaction for [org.springframework.data.jpa.repository.support.SimpleJpaRepository.save]
2026-06-03T00:20:56.814-03:00 DEBUG 20172 --- [blog] [restartedMain] org.hibernate.SQL                        : 
    select
        u1_0.id,
        u1_0.data_nasc_usu,
        u1_0.email_usu,
        u1_0.nome_usu,
        u1_0.senha_usu,
        u1_0.sexo_usu,
        u1_0.tel_usu,
        u1_0.url_img_usu 
    from
        usuario_terrabyte u1_0 
    where
        u1_0.id=?
2026-06-03T00:20:56.815-03:00 TRACE 20172 --- [blog] [restartedMain] o.s.t.i.TransactionInterceptor           : Completing transaction for [org.springframework.data.jpa.repository.support.SimpleJpaRepository.save]
2026-06-03T00:20:56.816-03:00 DEBUG 20172 --- [blog] [restartedMain] org.hibernate.SQL                        : 
    insert 
    into
        usuario_terrabyte
        (data_nasc_usu, email_usu, nome_usu, senha_usu, sexo_usu, tel_usu, url_img_usu, id) 
    values
        (?, ?, ?, ?, ?, ?, ?, ?)
2026-06-03T00:20:56.819-03:00 TRACE 20172 --- [blog] [restartedMain] o.s.t.i.TransactionInterceptor           : Getting transaction for [org.springframework.data.jpa.repository.support.SimpleJpaRepository.save]
2026-06-03T00:20:56.820-03:00 DEBUG 20172 --- [blog] [restartedMain] org.hibernate.SQL                        : 
    select
        p1_0.id,
        p1_0.agua_mm_plan,
        p1_0.epoca_plan,
        p1_0.nome_plan,
        p1_0.temp_max_plan,
        p1_0.temp_min_plan,
        p1_0.url_img_plan 
    from
        plantio_terrabyte p1_0 
    where
        p1_0.id=?
2026-06-03T00:20:56.832-03:00 TRACE 20172 --- [blog] [restartedMain] o.s.t.i.TransactionInterceptor           : Completing transaction for [org.springframework.data.jpa.repository.support.SimpleJpaRepository.save]
2026-06-03T00:20:56.833-03:00 DEBUG 20172 --- [blog] [restartedMain] org.hibernate.SQL                        : 
    insert 
    into
        plantio_terrabyte
        (agua_mm_plan, epoca_plan, nome_plan, temp_max_plan, temp_min_plan, url_img_plan, id) 
    values
        (?, ?, ?, ?, ?, ?, ?)
2026-06-03T00:20:56.837-03:00 TRACE 20172 --- [blog] [restartedMain] o.s.t.i.TransactionInterceptor           : Getting transaction for [org.springframework.data.jpa.repository.support.SimpleJpaRepository.save]
2026-06-03T00:20:56.837-03:00 DEBUG 20172 --- [blog] [restartedMain] org.hibernate.SQL                        : 
    select
        p1_0.id,
        p1_0.agua_mm_plan,
        p1_0.epoca_plan,
        p1_0.nome_plan,
        p1_0.temp_max_plan,
        p1_0.temp_min_plan,
        p1_0.url_img_plan 
    from
        plantio_terrabyte p1_0 
    where
        p1_0.id=?
2026-06-03T00:20:56.838-03:00 TRACE 20172 --- [blog] [restartedMain] o.s.t.i.TransactionInterceptor           : Completing transaction for [org.springframework.data.jpa.repository.support.SimpleJpaRepository.save]
2026-06-03T00:20:56.840-03:00 DEBUG 20172 --- [blog] [restartedMain] org.hibernate.SQL                        : 
    insert 
    into
        plantio_terrabyte
        (agua_mm_plan, epoca_plan, nome_plan, temp_max_plan, temp_min_plan, url_img_plan, id) 
    values
        (?, ?, ?, ?, ?, ?, ?)
2026-06-03T00:20:56.841-03:00 TRACE 20172 --- [blog] [restartedMain] o.s.t.i.TransactionInterceptor           : Getting transaction for [org.springframework.data.jpa.repository.support.SimpleJpaRepository.save]
2026-06-03T00:20:56.843-03:00 DEBUG 20172 --- [blog] [restartedMain] org.hibernate.SQL                        : 
    select
        ts1_0.id,
        ts1_0.nome_sol 
    from
        tipo_solo_terrabyte ts1_0 
    where
        ts1_0.id=?
2026-06-03T00:20:56.844-03:00 TRACE 20172 --- [blog] [restartedMain] o.s.t.i.TransactionInterceptor           : Completing transaction for [org.springframework.data.jpa.repository.support.SimpleJpaRepository.save]
2026-06-03T00:20:56.845-03:00 DEBUG 20172 --- [blog] [restartedMain] org.hibernate.SQL                        : 
    insert 
    into
        tipo_solo_terrabyte
        (nome_sol, id) 
    values
        (?, ?)
2026-06-03T00:20:56.846-03:00 TRACE 20172 --- [blog] [restartedMain] o.s.t.i.TransactionInterceptor           : Getting transaction for [org.springframework.data.jpa.repository.support.SimpleJpaRepository.save]
2026-06-03T00:20:56.846-03:00 DEBUG 20172 --- [blog] [restartedMain] org.hibernate.SQL                        : 
    select
        ts1_0.id,
        ts1_0.nome_sol 
    from
        tipo_solo_terrabyte ts1_0 
    where
        ts1_0.id=?
2026-06-03T00:20:56.847-03:00 TRACE 20172 --- [blog] [restartedMain] o.s.t.i.TransactionInterceptor           : Completing transaction for [org.springframework.data.jpa.repository.support.SimpleJpaRepository.save]
2026-06-03T00:20:56.847-03:00 DEBUG 20172 --- [blog] [restartedMain] org.hibernate.SQL                        : 
    insert 
    into
        tipo_solo_terrabyte
        (nome_sol, id) 
    values
        (?, ?)
2026-06-03T00:20:56.848-03:00 TRACE 20172 --- [blog] [restartedMain] o.s.t.i.TransactionInterceptor           : Getting transaction for [org.springframework.data.jpa.repository.support.SimpleJpaRepository.save]
2026-06-03T00:20:56.848-03:00 DEBUG 20172 --- [blog] [restartedMain] org.hibernate.SQL                        : 
    select
        ts1_0.id,
        ts1_0.nome_sol 
    from
        tipo_solo_terrabyte ts1_0 
    where
        ts1_0.id=?
2026-06-03T00:20:56.849-03:00 TRACE 20172 --- [blog] [restartedMain] o.s.t.i.TransactionInterceptor           : Completing transaction for [org.springframework.data.jpa.repository.support.SimpleJpaRepository.save]
2026-06-03T00:20:56.849-03:00 DEBUG 20172 --- [blog] [restartedMain] org.hibernate.SQL                        : 
    insert 
    into
        tipo_solo_terrabyte
        (nome_sol, id) 
    values
        (?, ?)
2026-06-03T00:20:56.850-03:00 TRACE 20172 --- [blog] [restartedMain] o.s.t.i.TransactionInterceptor           : Getting transaction for [org.springframework.data.jpa.repository.support.SimpleJpaRepository.save]
2026-06-03T00:20:56.851-03:00 DEBUG 20172 --- [blog] [restartedMain] org.hibernate.SQL                        : 
    select
        ts1_0.id,
        ts1_0.nome_sol 
    from
        tipo_solo_terrabyte ts1_0 
    where
        ts1_0.id=?
2026-06-03T00:20:56.852-03:00 TRACE 20172 --- [blog] [restartedMain] o.s.t.i.TransactionInterceptor           : Completing transaction for [org.springframework.data.jpa.repository.support.SimpleJpaRepository.save]
2026-06-03T00:20:56.852-03:00 DEBUG 20172 --- [blog] [restartedMain] org.hibernate.SQL                        : 
    insert 
    into
        tipo_solo_terrabyte
        (nome_sol, id) 
    values
        (?, ?)
2026-06-03T00:20:56.853-03:00 TRACE 20172 --- [blog] [restartedMain] o.s.t.i.TransactionInterceptor           : Getting transaction for [org.springframework.data.jpa.repository.support.SimpleJpaRepository.save]
2026-06-03T00:20:56.853-03:00 DEBUG 20172 --- [blog] [restartedMain] org.hibernate.SQL                        : 
    select
        ts1_0.id,
        ts1_0.nome_sol 
    from
        tipo_solo_terrabyte ts1_0 
    where
        ts1_0.id=?
2026-06-03T00:20:56.854-03:00 TRACE 20172 --- [blog] [restartedMain] o.s.t.i.TransactionInterceptor           : Completing transaction for [org.springframework.data.jpa.repository.support.SimpleJpaRepository.save]
2026-06-03T00:20:56.854-03:00 DEBUG 20172 --- [blog] [restartedMain] org.hibernate.SQL                        : 
    insert 
    into
        tipo_solo_terrabyte
        (nome_sol, id) 
    values
        (?, ?)
2026-06-03T00:20:56.858-03:00 TRACE 20172 --- [blog] [restartedMain] o.s.t.i.TransactionInterceptor           : Getting transaction for [org.springframework.data.jpa.repository.support.SimpleJpaRepository.save]
2026-06-03T00:20:56.860-03:00 DEBUG 20172 --- [blog] [restartedMain] org.hibernate.SQL                        : 
    select
        ts1_0.id,
        ts1_0.nome_sol 
    from
        tipo_solo_terrabyte ts1_0 
    where
        ts1_0.id=?
2026-06-03T00:20:56.862-03:00 TRACE 20172 --- [blog] [restartedMain] o.s.t.i.TransactionInterceptor           : Completing transaction for [org.springframework.data.jpa.repository.support.SimpleJpaRepository.save]
2026-06-03T00:20:56.863-03:00 DEBUG 20172 --- [blog] [restartedMain] org.hibernate.SQL                        : 
    insert 
    into
        tipo_solo_terrabyte
        (nome_sol, id) 
    values
        (?, ?)
2026-06-03T00:20:56.864-03:00 TRACE 20172 --- [blog] [restartedMain] o.s.t.i.TransactionInterceptor           : Getting transaction for [org.springframework.data.jpa.repository.support.SimpleJpaRepository.save]
2026-06-03T00:20:56.864-03:00 DEBUG 20172 --- [blog] [restartedMain] org.hibernate.SQL                        : 
    select
        ts1_0.id,
        ts1_0.nome_sol 
    from
        tipo_solo_terrabyte ts1_0 
    where
        ts1_0.id=?
2026-06-03T00:20:56.864-03:00 TRACE 20172 --- [blog] [restartedMain] o.s.t.i.TransactionInterceptor           : Completing transaction for [org.springframework.data.jpa.repository.support.SimpleJpaRepository.save]
2026-06-03T00:20:56.865-03:00 DEBUG 20172 --- [blog] [restartedMain] org.hibernate.SQL                        : 
    insert 
    into
        tipo_solo_terrabyte
        (nome_sol, id) 
    values
        (?, ?)
2026-06-03T00:20:56.866-03:00 TRACE 20172 --- [blog] [restartedMain] o.s.t.i.TransactionInterceptor           : Getting transaction for [org.springframework.data.jpa.repository.support.SimpleJpaRepository.save]
2026-06-03T00:20:56.867-03:00 DEBUG 20172 --- [blog] [restartedMain] org.hibernate.SQL                        : 
    select
        ts1_0.id,
        ts1_0.nome_sol 
    from
        tipo_solo_terrabyte ts1_0 
    where
        ts1_0.id=?
2026-06-03T00:20:56.868-03:00 TRACE 20172 --- [blog] [restartedMain] o.s.t.i.TransactionInterceptor           : Completing transaction for [org.springframework.data.jpa.repository.support.SimpleJpaRepository.save]
2026-06-03T00:20:56.868-03:00 DEBUG 20172 --- [blog] [restartedMain] org.hibernate.SQL                        : 
    insert 
    into
        tipo_solo_terrabyte
        (nome_sol, id) 
    values
        (?, ?)
2026-06-03T00:20:56.869-03:00 TRACE 20172 --- [blog] [restartedMain] o.s.t.i.TransactionInterceptor           : Getting transaction for [org.springframework.data.jpa.repository.support.SimpleJpaRepository.save]
2026-06-03T00:20:56.870-03:00 DEBUG 20172 --- [blog] [restartedMain] org.hibernate.SQL                        : 
    select
        ts1_0.id,
        ts1_0.nome_sol 
    from
        tipo_solo_terrabyte ts1_0 
    where
        ts1_0.id=?
2026-06-03T00:20:56.871-03:00 TRACE 20172 --- [blog] [restartedMain] o.s.t.i.TransactionInterceptor           : Completing transaction for [org.springframework.data.jpa.repository.support.SimpleJpaRepository.save]
2026-06-03T00:20:56.873-03:00 DEBUG 20172 --- [blog] [restartedMain] org.hibernate.SQL                        : 
    insert 
    into
        tipo_solo_terrabyte
        (nome_sol, id) 
    values
        (?, ?)
2026-06-03T00:20:56.875-03:00 TRACE 20172 --- [blog] [restartedMain] o.s.t.i.TransactionInterceptor           : Getting transaction for [org.springframework.data.jpa.repository.support.SimpleJpaRepository.save]
2026-06-03T00:20:56.875-03:00 DEBUG 20172 --- [blog] [restartedMain] org.hibernate.SQL                        : 
    select
        ts1_0.id,
        ts1_0.nome_sol 
    from
        tipo_solo_terrabyte ts1_0 
    where
        ts1_0.id=?
2026-06-03T00:20:56.876-03:00 TRACE 20172 --- [blog] [restartedMain] o.s.t.i.TransactionInterceptor           : Completing transaction for [org.springframework.data.jpa.repository.support.SimpleJpaRepository.save]
2026-06-03T00:20:56.877-03:00 DEBUG 20172 --- [blog] [restartedMain] org.hibernate.SQL                        : 
    insert 
    into
        tipo_solo_terrabyte
        (nome_sol, id) 
    values
        (?, ?)
2026-06-03T00:20:56.878-03:00 TRACE 20172 --- [blog] [restartedMain] o.s.t.i.TransactionInterceptor           : Getting transaction for [org.springframework.data.jpa.repository.support.SimpleJpaRepository.save]
2026-06-03T00:20:56.879-03:00 DEBUG 20172 --- [blog] [restartedMain] org.hibernate.SQL                        : 
    select
        ts1_0.id,
        ts1_0.nome_sol 
    from
        tipo_solo_terrabyte ts1_0 
    where
        ts1_0.id=?
2026-06-03T00:20:56.879-03:00 TRACE 20172 --- [blog] [restartedMain] o.s.t.i.TransactionInterceptor           : Completing transaction for [org.springframework.data.jpa.repository.support.SimpleJpaRepository.save]
2026-06-03T00:20:56.880-03:00 DEBUG 20172 --- [blog] [restartedMain] org.hibernate.SQL                        : 
    insert 
    into
        tipo_solo_terrabyte
        (nome_sol, id) 
    values
        (?, ?)
2026-06-03T00:20:56.882-03:00 TRACE 20172 --- [blog] [restartedMain] o.s.t.i.TransactionInterceptor           : Getting transaction for [org.springframework.data.jpa.repository.support.SimpleJpaRepository.save]
2026-06-03T00:20:56.883-03:00 DEBUG 20172 --- [blog] [restartedMain] org.hibernate.SQL                        : 
    select
        ts1_0.id,
        ts1_0.nome_sol 
    from
        tipo_solo_terrabyte ts1_0 
    where
        ts1_0.id=?
2026-06-03T00:20:56.885-03:00 TRACE 20172 --- [blog] [restartedMain] o.s.t.i.TransactionInterceptor           : Completing transaction for [org.springframework.data.jpa.repository.support.SimpleJpaRepository.save]
2026-06-03T00:20:56.886-03:00 DEBUG 20172 --- [blog] [restartedMain] org.hibernate.SQL                        : 
    insert 
    into
        tipo_solo_terrabyte
        (nome_sol, id) 
    values
        (?, ?)
2026-06-03T00:20:56.890-03:00 TRACE 20172 --- [blog] [restartedMain] o.s.t.i.TransactionInterceptor           : Getting transaction for [org.springframework.data.jpa.repository.support.SimpleJpaRepository.save]
2026-06-03T00:20:56.892-03:00 DEBUG 20172 --- [blog] [restartedMain] org.hibernate.SQL                        : 
    select
        ts1_0.id,
        ts1_0.nome_sol 
    from
        tipo_solo_terrabyte ts1_0 
    where
        ts1_0.id=?
2026-06-03T00:20:56.893-03:00 TRACE 20172 --- [blog] [restartedMain] o.s.t.i.TransactionInterceptor           : Completing transaction for [org.springframework.data.jpa.repository.support.SimpleJpaRepository.save]
2026-06-03T00:20:56.894-03:00 DEBUG 20172 --- [blog] [restartedMain] org.hibernate.SQL                        : 
    insert 
    into
        tipo_solo_terrabyte
        (nome_sol, id) 
    values
        (?, ?)
2026-06-03T00:20:56.896-03:00 TRACE 20172 --- [blog] [restartedMain] o.s.t.i.TransactionInterceptor           : Getting transaction for [org.springframework.data.jpa.repository.support.SimpleJpaRepository.save]
2026-06-03T00:20:56.896-03:00 DEBUG 20172 --- [blog] [restartedMain] org.hibernate.SQL                        : 
    select
        ts1_0.id,
        ts1_0.nome_sol 
    from
        tipo_solo_terrabyte ts1_0 
    where
        ts1_0.id=?
2026-06-03T00:20:56.897-03:00 TRACE 20172 --- [blog] [restartedMain] o.s.t.i.TransactionInterceptor           : Completing transaction for [org.springframework.data.jpa.repository.support.SimpleJpaRepository.save]
2026-06-03T00:20:56.898-03:00 DEBUG 20172 --- [blog] [restartedMain] org.hibernate.SQL                        : 
    insert 
    into
        tipo_solo_terrabyte
        (nome_sol, id) 
    values
        (?, ?)
2026-06-03T00:21:26.412-03:00  INFO 20172 --- [blog] [http-nio-8080-exec-8] o.springdoc.api.AbstractOpenApiResource  : Init duration for springdoc-openapi is: 1118 ms
2026-06-03T00:21:42.943-03:00 TRACE 20172 --- [blog] [http-nio-8080-exec-9] o.s.t.i.TransactionInterceptor           : Getting transaction for [br.com.fiap.javaadv.blog.backend.services.EnderecoPlanServiceImp.create]
2026-06-03T00:22:40.957-03:00 TRACE 20172 --- [blog] [http-nio-8080-exec-9] o.s.t.i.TransactionInterceptor           : No need to create transaction for [org.springframework.data.jpa.repository.support.SimpleJpaRepository.findByNome]: This method is not transactional.
2026-06-03T00:22:41.074-03:00 DEBUG 20172 --- [blog] [http-nio-8080-exec-9] org.hibernate.SQL                        : 
    select
        ts1_0.id,
        ts1_0.nome_sol 
    from
        tipo_solo_terrabyte ts1_0 
    where
        ts1_0.nome_sol=?
2026-06-03T00:22:41.086-03:00 TRACE 20172 --- [blog] [http-nio-8080-exec-9] o.s.t.i.TransactionInterceptor           : Getting transaction for [org.springframework.data.jpa.repository.support.SimpleJpaRepository.save]
2026-06-03T00:22:41.088-03:00 TRACE 20172 --- [blog] [http-nio-8080-exec-9] o.s.t.i.TransactionInterceptor           : Completing transaction for [org.springframework.data.jpa.repository.support.SimpleJpaRepository.save]
2026-06-03T00:22:41.088-03:00 TRACE 20172 --- [blog] [http-nio-8080-exec-9] o.s.t.i.TransactionInterceptor           : Completing transaction for [br.com.fiap.javaadv.blog.backend.services.EnderecoPlanServiceImp.create]
2026-06-03T00:22:41.096-03:00 DEBUG 20172 --- [blog] [http-nio-8080-exec-9] org.hibernate.SQL                        : 
    insert 
    into
        endereco_plantio_terrabyte
        (areia_end, argila_end, bairro_end, cep_end, cidade_end, estado_end, lat_end, lograd_end, long_end, nome_end, raio_end, silto_end, id_solo_fk, id) 
    values
        (?, ?, ?, ?, ?, ?, ?, ?, ?, ?, ?, ?, ?, ?)
2026-06-03T00:22:46.294-03:00 TRACE 20172 --- [blog] [http-nio-8080-exec-5] o.s.t.i.TransactionInterceptor           : Getting transaction for [br.com.fiap.javaadv.blog.backend.services.EnderecoPlanServiceImp.fetchAll]
2026-06-03T00:22:46.296-03:00 TRACE 20172 --- [blog] [http-nio-8080-exec-5] o.s.t.i.TransactionInterceptor           : Getting transaction for [org.springframework.data.jpa.repository.support.SimpleJpaRepository.findAll]
2026-06-03T00:22:46.308-03:00 DEBUG 20172 --- [blog] [http-nio-8080-exec-5] org.hibernate.SQL                        : 
    select
        ep1_0.id,
        ep1_0.areia_end,
        ep1_0.argila_end,
        ep1_0.bairro_end,
        ep1_0.cep_end,
        ep1_0.cidade_end,
        ep1_0.estado_end,
        ep1_0.lat_end,
        ep1_0.lograd_end,
        ep1_0.long_end,
        ep1_0.nome_end,
        ep1_0.raio_end,
        ep1_0.silto_end,
        ep1_0.id_solo_fk 
    from
        endereco_plantio_terrabyte ep1_0 
    offset
        ? rows 
    fetch
        first ? rows only
2026-06-03T00:22:46.314-03:00 DEBUG 20172 --- [blog] [http-nio-8080-exec-5] org.hibernate.SQL                        : 
    select
        ts1_0.id,
        ts1_0.nome_sol 
    from
        tipo_solo_terrabyte ts1_0 
    where
        ts1_0.id=?
2026-06-03T00:22:46.323-03:00 TRACE 20172 --- [blog] [http-nio-8080-exec-5] o.s.t.i.TransactionInterceptor           : Completing transaction for [org.springframework.data.jpa.repository.support.SimpleJpaRepository.findAll]
2026-06-03T00:22:46.324-03:00 TRACE 20172 --- [blog] [http-nio-8080-exec-5] o.s.t.i.TransactionInterceptor           : Completing transaction for [br.com.fiap.javaadv.blog.backend.services.EnderecoPlanServiceImp.fetchAll]
2026-06-03T00:23:34.985-03:00 TRACE 20172 --- [blog] [http-nio-8080-exec-3] o.s.t.i.TransactionInterceptor           : Getting transaction for [br.com.fiap.javaadv.blog.backend.services.AnaliseServiceImp.create]
2026-06-03T00:23:34.985-03:00 TRACE 20172 --- [blog] [http-nio-8080-exec-3] o.s.t.i.TransactionInterceptor           : Getting transaction for [org.springframework.data.jpa.repository.support.SimpleJpaRepository.findById]
2026-06-03T00:23:34.991-03:00 DEBUG 20172 --- [blog] [http-nio-8080-exec-3] org.hibernate.SQL                        : 
    select
        ep1_0.id,
        ep1_0.areia_end,
        ep1_0.argila_end,
        ep1_0.bairro_end,
        ep1_0.cep_end,
        ep1_0.cidade_end,
        ep1_0.estado_end,
        ep1_0.lat_end,
        ep1_0.lograd_end,
        ep1_0.long_end,
        ep1_0.nome_end,
        ep1_0.raio_end,
        ep1_0.silto_end,
        ts1_0.id,
        ts1_0.nome_sol 
    from
        endereco_plantio_terrabyte ep1_0 
    left join
        tipo_solo_terrabyte ts1_0 
            on ts1_0.id=ep1_0.id_solo_fk 
    where
        ep1_0.id=?
2026-06-03T00:23:35.002-03:00 TRACE 20172 --- [blog] [http-nio-8080-exec-3] o.s.t.i.TransactionInterceptor           : Completing transaction for [org.springframework.data.jpa.repository.support.SimpleJpaRepository.findById]
2026-06-03T00:23:35.004-03:00 TRACE 20172 --- [blog] [http-nio-8080-exec-3] o.s.t.i.TransactionInterceptor           : Getting transaction for [org.springframework.data.jpa.repository.support.SimpleJpaRepository.findById]
2026-06-03T00:23:35.006-03:00 DEBUG 20172 --- [blog] [http-nio-8080-exec-3] org.hibernate.SQL                        : 
    select
        p1_0.id,
        p1_0.agua_mm_plan,
        p1_0.epoca_plan,
        p1_0.nome_plan,
        p1_0.temp_max_plan,
        p1_0.temp_min_plan,
        p1_0.url_img_plan 
    from
        plantio_terrabyte p1_0 
    where
        p1_0.id=?
2026-06-03T00:23:35.009-03:00 TRACE 20172 --- [blog] [http-nio-8080-exec-3] o.s.t.i.TransactionInterceptor           : Completing transaction for [org.springframework.data.jpa.repository.support.SimpleJpaRepository.findById]
2026-06-03T00:23:35.020-03:00 TRACE 20172 --- [blog] [http-nio-8080-exec-3] o.s.t.i.TransactionInterceptor           : Completing transaction for [br.com.fiap.javaadv.blog.backend.services.AnaliseServiceImp.create] after exception: java.lang.RuntimeException: Plantio não encontrado
2026-06-03T00:23:35.074-03:00  WARN 20172 --- [blog] [http-nio-8080-exec-3] .m.m.a.ExceptionHandlerExceptionResolver : Resolved [java.lang.RuntimeException: Plantio não encontrado]
2026-06-03T00:23:59.356-03:00 TRACE 20172 --- [blog] [http-nio-8080-exec-7] o.s.t.i.TransactionInterceptor           : Getting transaction for [br.com.fiap.javaadv.blog.backend.services.PlantioServiceImp.fetchById]
2026-06-03T00:23:59.374-03:00 TRACE 20172 --- [blog] [http-nio-8080-exec-7] o.s.t.i.TransactionInterceptor           : Getting transaction for [org.springframework.data.jpa.repository.support.SimpleJpaRepository.findById]
2026-06-03T00:23:59.376-03:00 DEBUG 20172 --- [blog] [http-nio-8080-exec-7] org.hibernate.SQL                        : 
    select
        p1_0.id,
        p1_0.agua_mm_plan,
        p1_0.epoca_plan,
        p1_0.nome_plan,
        p1_0.temp_max_plan,
        p1_0.temp_min_plan,
        p1_0.url_img_plan 
    from
        plantio_terrabyte p1_0 
    where
        p1_0.id=?
2026-06-03T00:23:59.377-03:00 TRACE 20172 --- [blog] [http-nio-8080-exec-7] o.s.t.i.TransactionInterceptor           : Completing transaction for [org.springframework.data.jpa.repository.support.SimpleJpaRepository.findById]
2026-06-03T00:23:59.378-03:00 TRACE 20172 --- [blog] [http-nio-8080-exec-7] o.s.t.i.TransactionInterceptor           : Completing transaction for [br.com.fiap.javaadv.blog.backend.services.PlantioServiceImp.fetchById]
2026-06-03T00:24:03.350-03:00 TRACE 20172 --- [blog] [http-nio-8080-exec-6] o.s.t.i.TransactionInterceptor           : Getting transaction for [br.com.fiap.javaadv.blog.backend.services.PlantioServiceImp.fetchAll]
2026-06-03T00:24:03.350-03:00 TRACE 20172 --- [blog] [http-nio-8080-exec-6] o.s.t.i.TransactionInterceptor           : Getting transaction for [org.springframework.data.jpa.repository.support.SimpleJpaRepository.findAll]
2026-06-03T00:24:03.353-03:00 DEBUG 20172 --- [blog] [http-nio-8080-exec-6] org.hibernate.SQL                        : 
    select
        p1_0.id,
        p1_0.agua_mm_plan,
        p1_0.epoca_plan,
        p1_0.nome_plan,
        p1_0.temp_max_plan,
        p1_0.temp_min_plan,
        p1_0.url_img_plan 
    from
        plantio_terrabyte p1_0 
    offset
        ? rows 
    fetch
        first ? rows only
2026-06-03T00:24:03.358-03:00 TRACE 20172 --- [blog] [http-nio-8080-exec-6] o.s.t.i.TransactionInterceptor           : Completing transaction for [org.springframework.data.jpa.repository.support.SimpleJpaRepository.findAll]
2026-06-03T00:24:03.358-03:00 TRACE 20172 --- [blog] [http-nio-8080-exec-6] o.s.t.i.TransactionInterceptor           : Completing transaction for [br.com.fiap.javaadv.blog.backend.services.PlantioServiceImp.fetchAll]
2026-06-03T00:24:15.967-03:00 TRACE 20172 --- [blog] [http-nio-8080-exec-8] o.s.t.i.TransactionInterceptor           : Getting transaction for [br.com.fiap.javaadv.blog.backend.services.PlantioServiceImp.fetchById]
2026-06-03T00:24:15.967-03:00 TRACE 20172 --- [blog] [http-nio-8080-exec-8] o.s.t.i.TransactionInterceptor           : Getting transaction for [org.springframework.data.jpa.repository.support.SimpleJpaRepository.findById]
2026-06-03T00:24:15.968-03:00 DEBUG 20172 --- [blog] [http-nio-8080-exec-8] org.hibernate.SQL                        : 
    select
        p1_0.id,
        p1_0.agua_mm_plan,
        p1_0.epoca_plan,
        p1_0.nome_plan,
        p1_0.temp_max_plan,
        p1_0.temp_min_plan,
        p1_0.url_img_plan 
    from
        plantio_terrabyte p1_0 
    where
        p1_0.id=?
2026-06-03T00:24:15.969-03:00 TRACE 20172 --- [blog] [http-nio-8080-exec-8] o.s.t.i.TransactionInterceptor           : Completing transaction for [org.springframework.data.jpa.repository.support.SimpleJpaRepository.findById]
2026-06-03T00:24:15.969-03:00 TRACE 20172 --- [blog] [http-nio-8080-exec-8] o.s.t.i.TransactionInterceptor           : Completing transaction for [br.com.fiap.javaadv.blog.backend.services.PlantioServiceImp.fetchById]
2026-06-03T00:24:26.382-03:00 TRACE 20172 --- [blog] [http-nio-8080-exec-2] o.s.t.i.TransactionInterceptor           : Getting transaction for [br.com.fiap.javaadv.blog.backend.services.AnaliseServiceImp.create]
2026-06-03T00:24:26.382-03:00 TRACE 20172 --- [blog] [http-nio-8080-exec-2] o.s.t.i.TransactionInterceptor           : Getting transaction for [org.springframework.data.jpa.repository.support.SimpleJpaRepository.findById]
2026-06-03T00:24:26.382-03:00 DEBUG 20172 --- [blog] [http-nio-8080-exec-2] org.hibernate.SQL                        : 
    select
        ep1_0.id,
        ep1_0.areia_end,
        ep1_0.argila_end,
        ep1_0.bairro_end,
        ep1_0.cep_end,
        ep1_0.cidade_end,
        ep1_0.estado_end,
        ep1_0.lat_end,
        ep1_0.lograd_end,
        ep1_0.long_end,
        ep1_0.nome_end,
        ep1_0.raio_end,
        ep1_0.silto_end,
        ts1_0.id,
        ts1_0.nome_sol 
    from
        endereco_plantio_terrabyte ep1_0 
    left join
        tipo_solo_terrabyte ts1_0 
            on ts1_0.id=ep1_0.id_solo_fk 
    where
        ep1_0.id=?
2026-06-03T00:24:26.384-03:00 TRACE 20172 --- [blog] [http-nio-8080-exec-2] o.s.t.i.TransactionInterceptor           : Completing transaction for [org.springframework.data.jpa.repository.support.SimpleJpaRepository.findById]
2026-06-03T00:24:26.384-03:00 TRACE 20172 --- [blog] [http-nio-8080-exec-2] o.s.t.i.TransactionInterceptor           : Getting transaction for [org.springframework.data.jpa.repository.support.SimpleJpaRepository.findById]
2026-06-03T00:24:26.385-03:00 DEBUG 20172 --- [blog] [http-nio-8080-exec-2] org.hibernate.SQL                        : 
    select
        p1_0.id,
        p1_0.agua_mm_plan,
        p1_0.epoca_plan,
        p1_0.nome_plan,
        p1_0.temp_max_plan,
        p1_0.temp_min_plan,
        p1_0.url_img_plan 
    from
        plantio_terrabyte p1_0 
    where
        p1_0.id=?
2026-06-03T00:24:26.387-03:00 TRACE 20172 --- [blog] [http-nio-8080-exec-2] o.s.t.i.TransactionInterceptor           : Completing transaction for [org.springframework.data.jpa.repository.support.SimpleJpaRepository.findById]
2026-06-03T00:24:27.121-03:00 DEBUG 20172 --- [blog] [http-nio-8080-exec-2] org.hibernate.SQL                        : 
    select
        ts1_0."id_plan_(fk)",
        ts1_1.id,
        ts1_1.nome_sol 
    from
        plan_tp_terrabyte ts1_0 
    join
        tipo_solo_terrabyte ts1_1 
            on ts1_1.id=ts1_0."id_solo_(fk)" 
    where
        ts1_0."id_plan_(fk)"=?
2026-06-03T00:24:27.128-03:00 TRACE 20172 --- [blog] [http-nio-8080-exec-2] o.s.t.i.TransactionInterceptor           : Getting transaction for [org.springframework.data.jpa.repository.support.SimpleJpaRepository.save]
2026-06-03T00:24:27.129-03:00 TRACE 20172 --- [blog] [http-nio-8080-exec-2] o.s.t.i.TransactionInterceptor           : Completing transaction for [org.springframework.data.jpa.repository.support.SimpleJpaRepository.save]
2026-06-03T00:24:27.130-03:00 TRACE 20172 --- [blog] [http-nio-8080-exec-2] o.s.t.i.TransactionInterceptor           : Completing transaction for [br.com.fiap.javaadv.blog.backend.services.AnaliseServiceImp.create]
2026-06-03T00:24:27.137-03:00 DEBUG 20172 --- [blog] [http-nio-8080-exec-2] org.hibernate.SQL                        : 
    insert 
    into
        analise_plantio_terrabyte
        (adeq_ana, dt_ana, "id_end_(pk)", nvl_risc_ana, "id_plan_(pk)", rec_ana, temp_max_ana, temp_min_ana, umidade_med_ana, "id_usu_(pk)", id) 
    values
        (?, ?, ?, ?, ?, ?, ?, ?, ?, ?, ?)
2026-06-03T00:24:36.047-03:00 TRACE 20172 --- [blog] [http-nio-8080-exec-1] o.s.t.i.TransactionInterceptor           : Getting transaction for [br.com.fiap.javaadv.blog.backend.services.AnaliseServiceImp.fetchAll]
2026-06-03T00:24:36.048-03:00 TRACE 20172 --- [blog] [http-nio-8080-exec-1] o.s.t.i.TransactionInterceptor           : Getting transaction for [org.springframework.data.jpa.repository.support.SimpleJpaRepository.findAll]
2026-06-03T00:24:36.049-03:00 DEBUG 20172 --- [blog] [http-nio-8080-exec-1] org.hibernate.SQL                        : 
    select
        ap1_0.id,
        ap1_0.adeq_ana,
        ap1_0.dt_ana,
        ap1_0."id_end_(pk)",
        ap1_0.nvl_risc_ana,
        ap1_0."id_plan_(pk)",
        ap1_0.rec_ana,
        ap1_0.temp_max_ana,
        ap1_0.temp_min_ana,
        ap1_0.umidade_med_ana,
        ap1_0."id_usu_(pk)" 
    from
        analise_plantio_terrabyte ap1_0 
    offset
        ? rows 
    fetch
        first ? rows only
2026-06-03T00:24:36.051-03:00 DEBUG 20172 --- [blog] [http-nio-8080-exec-1] org.hibernate.SQL                        : 
    select
        ep1_0.id,
        ep1_0.areia_end,
        ep1_0.argila_end,
        ep1_0.bairro_end,
        ep1_0.cep_end,
        ep1_0.cidade_end,
        ep1_0.estado_end,
        ep1_0.lat_end,
        ep1_0.lograd_end,
        ep1_0.long_end,
        ep1_0.nome_end,
        ep1_0.raio_end,
        ep1_0.silto_end,
        ts1_0.id,
        ts1_0.nome_sol 
    from
        endereco_plantio_terrabyte ep1_0 
    left join
        tipo_solo_terrabyte ts1_0 
            on ts1_0.id=ep1_0.id_solo_fk 
    where
        ep1_0.id=?
2026-06-03T00:24:36.053-03:00 DEBUG 20172 --- [blog] [http-nio-8080-exec-1] org.hibernate.SQL                        : 
    select
        p1_0.id,
        p1_0.agua_mm_plan,
        p1_0.epoca_plan,
        p1_0.nome_plan,
        p1_0.temp_max_plan,
        p1_0.temp_min_plan,
        p1_0.url_img_plan 
    from
        plantio_terrabyte p1_0 
    where
        p1_0.id=?
2026-06-03T00:24:36.058-03:00 TRACE 20172 --- [blog] [http-nio-8080-exec-1] o.s.t.i.TransactionInterceptor           : Completing transaction for [org.springframework.data.jpa.repository.support.SimpleJpaRepository.findAll]
2026-06-03T00:24:36.058-03:00 TRACE 20172 --- [blog] [http-nio-8080-exec-1] o.s.t.i.TransactionInterceptor           : Completing transaction for [br.com.fiap.javaadv.blog.backend.services.AnaliseServiceImp.fetchAll]
2026-06-03T00:24:36.061-03:00 DEBUG 20172 --- [blog] [http-nio-8080-exec-1] org.hibernate.SQL                        : 
    select
        p1_0."id_solo_(fk)",
        p1_1.id,
        p1_1.agua_mm_plan,
        p1_1.epoca_plan,
        p1_1.nome_plan,
        p1_1.temp_max_plan,
        p1_1.temp_min_plan,
        p1_1.url_img_plan 
    from
        plan_tp_terrabyte p1_0 
    join
        plantio_terrabyte p1_1 
            on p1_1.id=p1_0."id_plan_(fk)" 
    where
        p1_0."id_solo_(fk)"=?
2026-06-03T00:24:36.070-03:00 DEBUG 20172 --- [blog] [http-nio-8080-exec-1] org.hibernate.SQL                        : 
    select
        e1_0.id_solo_fk,
        e1_0.id,
        e1_0.areia_end,
        e1_0.argila_end,
        e1_0.bairro_end,
        e1_0.cep_end,
        e1_0.cidade_end,
        e1_0.estado_end,
        e1_0.lat_end,
        e1_0.lograd_end,
        e1_0.long_end,
        e1_0.nome_end,
        e1_0.raio_end,
        e1_0.silto_end 
    from
        endereco_plantio_terrabyte e1_0 
    where
        e1_0.id_solo_fk=?
2026-06-03T00:24:36.079-03:00 ERROR 20172 --- [blog] [http-nio-8080-exec-1] o.a.c.c.C.[.[.[/].[dispatcherServlet]    : Servlet.service() for servlet [dispatcherServlet] in context with path [] threw exception [Handler dispatch failed: java.lang.StackOverflowError] with root cause

java.lang.StackOverflowError: null
	at java.base/java.lang.Long.fastUUID(Long.java:451) ~[na:na]
	at java.base/java.lang.System$2.fastUUID(System.java:2404) ~[na:na]
	at java.base/java.util.UUID.toString(UUID.java:466) ~[na:na]
	at java.base/java.lang.String.valueOf(String.java:4454) ~[na:na]
	at br.com.fiap.javaadv.blog.backend.domainmodel.entities.EnderecoPlantio.toString(EnderecoPlantio.java:16) ~[classes/:na]
	at java.base/java.lang.String.valueOf(String.java:4454) ~[na:na]
	at java.base/java.lang.StringBuilder.append(StringBuilder.java:173) ~[na:na]
	at java.base/java.util.AbstractCollection.toString(AbstractCollection.java:459) ~[na:na]
	at org.hibernate.collection.spi.PersistentSet.toString(PersistentSet.java:298) ~[hibernate-core-6.6.15.Final.jar:6.6.15.Final]
	at java.base/java.lang.String.valueOf(String.java:4454) ~[na:na]
	at br.com.fiap.javaadv.blog.backend.domainmodel.entities.TipoSolo.toString(TipoSolo.java:16) ~[classes/:na]
	at java.base/java.lang.String.valueOf(String.java:4454) ~[na:na]
	at br.com.fiap.javaadv.blog.backend.domainmodel.entities.EnderecoPlantio.toString(EnderecoPlantio.java:16) ~[classes/:na]
	at java.base/java.lang.String.valueOf(String.java:4454) ~[na:na]
	at java.base/java.lang.StringBuilder.append(StringBuilder.java:173) ~[na:na]
	at java.base/java.util.AbstractCollection.toString(AbstractCollection.java:459) ~[na:na]
	at org.hibernate.collection.spi.PersistentSet.toString(PersistentSet.java:298) ~[hibernate-core-6.6.15.Final.jar:6.6.15.Final]
	at java.base/java.lang.String.valueOf(String.java:4454) ~[na:na]
	at br.com.fiap.javaadv.blog.backend.domainmodel.entities.TipoSolo.toString(TipoSolo.java:16) ~[classes/:na]
	at java.base/java.lang.String.valueOf(String.java:4454) ~[na:na]
	at br.com.fiap.javaadv.blog.backend.domainmodel.entities.EnderecoPlantio.toString(EnderecoPlantio.java:16) ~[classes/:na]
	at java.base/java.lang.String.valueOf(String.java:4454) ~[na:na]
	at java.base/java.lang.StringBuilder.append(StringBuilder.java:173) ~[na:na]
	at java.base/java.util.AbstractCollection.toString(AbstractCollection.java:459) ~[na:na]
	at org.hibernate.collection.spi.PersistentSet.toString(PersistentSet.java:298) ~[hibernate-core-6.6.15.Final.jar:6.6.15.Final]
	at java.base/java.lang.String.valueOf(String.java:4454) ~[na:na]
	at br.com.fiap.javaadv.blog.backend.domainmodel.entities.TipoSolo.toString(TipoSolo.java:16) ~[classes/:na]
	at java.base/java.lang.String.valueOf(String.java:4454) ~[na:na]
	at br.com.fiap.javaadv.blog.backend.domainmodel.entities.EnderecoPlantio.toString(EnderecoPlantio.java:16) ~[classes/:na]
	at java.base/java.lang.String.valueOf(String.java:4454) ~[na:na]
	at java.base/java.lang.StringBuilder.append(StringBuilder.java:173) ~[na:na]
	at java.base/java.util.AbstractCollection.toString(AbstractCollection.java:459) ~[na:na]
	at org.hibernate.collection.spi.PersistentSet.toString(PersistentSet.java:298) ~[hibernate-core-6.6.15.Final.jar:6.6.15.Final]
	at java.base/java.lang.String.valueOf(String.java:4454) ~[na:na]
	at br.com.fiap.javaadv.blog.backend.domainmodel.entities.TipoSolo.toString(TipoSolo.java:16) ~[classes/:na]
	at java.base/java.lang.String.valueOf(String.java:4454) ~[na:na]
	at br.com.fiap.javaadv.blog.backend.domainmodel.entities.EnderecoPlantio.toString(EnderecoPlantio.java:16) ~[classes/:na]
	at java.base/java.lang.String.valueOf(String.java:4454) ~[na:na]
	at java.base/java.lang.StringBuilder.append(StringBuilder.java:173) ~[na:na]
	at java.base/java.util.AbstractCollection.toString(AbstractCollection.java:459) ~[na:na]
	at org.hibernate.collection.spi.PersistentSet.toString(PersistentSet.java:298) ~[hibernate-core-6.6.15.Final.jar:6.6.15.Final]
	at java.base/java.lang.String.valueOf(String.java:4454) ~[na:na]
	at br.com.fiap.javaadv.blog.backend.domainmodel.entities.TipoSolo.toString(TipoSolo.java:16) ~[classes/:na]
	at java.base/java.lang.String.valueOf(String.java:4454) ~[na:na]
	at br.com.fiap.javaadv.blog.backend.domainmodel.entities.EnderecoPlantio.toString(EnderecoPlantio.java:16) ~[classes/:na]
	at java.base/java.lang.String.valueOf(String.java:4454) ~[na:na]
	at java.base/java.lang.StringBuilder.append(StringBuilder.java:173) ~[na:na]
	at java.base/java.util.AbstractCollection.toString(AbstractCollection.java:459) ~[na:na]
	at org.hibernate.collection.spi.PersistentSet.toString(PersistentSet.java:298) ~[hibernate-core-6.6.15.Final.jar:6.6.15.Final]
	at java.base/java.lang.String.valueOf(String.java:4454) ~[na:na]
	at br.com.fiap.javaadv.blog.backend.domainmodel.entities.TipoSolo.toString(TipoSolo.java:16) ~[classes/:na]
	at java.base/java.lang.String.valueOf(String.java:4454) ~[na:na]
	at br.com.fiap.javaadv.blog.backend.domainmodel.entities.EnderecoPlantio.toString(EnderecoPlantio.java:16) ~[classes/:na]
	at java.base/java.lang.String.valueOf(String.java:4454) ~[na:na]
	at java.base/java.lang.StringBuilder.append(StringBuilder.java:173) ~[na:na]
	at java.base/java.util.AbstractCollection.toString(AbstractCollection.java:459) ~[na:na]
	at org.hibernate.collection.spi.PersistentSet.toString(PersistentSet.java:298) ~[hibernate-core-6.6.15.Final.jar:6.6.15.Final]
	at java.base/java.lang.String.valueOf(String.java:4454) ~[na:na]
	at br.com.fiap.javaadv.blog.backend.domainmodel.entities.TipoSolo.toString(TipoSolo.java:16) ~[classes/:na]
	at java.base/java.lang.String.valueOf(String.java:4454) ~[na:na]
	at br.com.fiap.javaadv.blog.backend.domainmodel.entities.EnderecoPlantio.toString(EnderecoPlantio.java:16) ~[classes/:na]
	at java.base/java.lang.String.valueOf(String.java:4454) ~[na:na]
	at java.base/java.lang.StringBuilder.append(StringBuilder.java:173) ~[na:na]
	at java.base/java.util.AbstractCollection.toString(AbstractCollection.java:459) ~[na:na]
	at org.hibernate.collection.spi.PersistentSet.toString(PersistentSet.java:298) ~[hibernate-core-6.6.15.Final.jar:6.6.15.Final]
	at java.base/java.lang.String.valueOf(String.java:4454) ~[na:na]
	at br.com.fiap.javaadv.blog.backend.domainmodel.entities.TipoSolo.toString(TipoSolo.java:16) ~[classes/:na]
	at java.base/java.lang.String.valueOf(String.java:4454) ~[na:na]
	at br.com.fiap.javaadv.blog.backend.domainmodel.entities.EnderecoPlantio.toString(EnderecoPlantio.java:16) ~[classes/:na]
	at java.base/java.lang.String.valueOf(String.java:4454) ~[na:na]
	at java.base/java.lang.StringBuilder.append(StringBuilder.java:173) ~[na:na]
	at java.base/java.util.AbstractCollection.toString(AbstractCollection.java:459) ~[na:na]
	at org.hibernate.collection.spi.PersistentSet.toString(PersistentSet.java:298) ~[hibernate-core-6.6.15.Final.jar:6.6.15.Final]
	at java.base/java.lang.String.valueOf(String.java:4454) ~[na:na]
	at br.com.fiap.javaadv.blog.backend.domainmodel.entities.TipoSolo.toString(TipoSolo.java:16) ~[classes/:na]
	at java.base/java.lang.String.valueOf(String.java:4454) ~[na:na]
	at br.com.fiap.javaadv.blog.backend.domainmodel.entities.EnderecoPlantio.toString(EnderecoPlantio.java:16) ~[classes/:na]
	at java.base/java.lang.String.valueOf(String.java:4454) ~[na:na]
	at java.base/java.lang.StringBuilder.append(StringBuilder.java:173) ~[na:na]
	at java.base/java.util.AbstractCollection.toString(AbstractCollection.java:459) ~[na:na]
	at org.hibernate.collection.spi.PersistentSet.toString(PersistentSet.java:298) ~[hibernate-core-6.6.15.Final.jar:6.6.15.Final]
	at java.base/java.lang.String.valueOf(String.java:4454) ~[na:na]
	at br.com.fiap.javaadv.blog.backend.domainmodel.entities.TipoSolo.toString(TipoSolo.java:16) ~[classes/:na]
	at java.base/java.lang.String.valueOf(String.java:4454) ~[na:na]
	at br.com.fiap.javaadv.blog.backend.domainmodel.entities.EnderecoPlantio.toString(EnderecoPlantio.java:16) ~[classes/:na]
	at java.base/java.lang.String.valueOf(String.java:4454) ~[na:na]
	at java.base/java.lang.StringBuilder.append(StringBuilder.java:173) ~[na:na]
	at java.base/java.util.AbstractCollection.toString(AbstractCollection.java:459) ~[na:na]
	at org.hibernate.collection.spi.PersistentSet.toString(PersistentSet.java:298) ~[hibernate-core-6.6.15.Final.jar:6.6.15.Final]
	at java.base/java.lang.String.valueOf(String.java:4454) ~[na:na]
	at br.com.fiap.javaadv.blog.backend.domainmodel.entities.TipoSolo.toString(TipoSolo.java:16) ~[classes/:na]
	at java.base/java.lang.String.valueOf(String.java:4454) ~[na:na]
	at br.com.fiap.javaadv.blog.backend.domainmodel.entities.EnderecoPlantio.toString(EnderecoPlantio.java:16) ~[classes/:na]
	at java.base/java.lang.String.valueOf(String.java:4454) ~[na:na]
	at java.base/java.lang.StringBuilder.append(StringBuilder.java:173) ~[na:na]
	at java.base/java.util.AbstractCollection.toString(AbstractCollection.java:459) ~[na:na]
	at org.hibernate.collection.spi.PersistentSet.toString(PersistentSet.java:298) ~[hibernate-core-6.6.15.Final.jar:6.6.15.Final]
	at java.base/java.lang.String.valueOf(String.java:4454) ~[na:na]
	at br.com.fiap.javaadv.blog.backend.domainmodel.entities.TipoSolo.toString(TipoSolo.java:16) ~[classes/:na]
	at java.base/java.lang.String.valueOf(String.java:4454) ~[na:na]
	at br.com.fiap.javaadv.blog.backend.domainmodel.entities.EnderecoPlantio.toString(EnderecoPlantio.java:16) ~[classes/:na]
	at java.base/java.lang.String.valueOf(String.java:4454) ~[na:na]
	at java.base/java.lang.StringBuilder.append(StringBuilder.java:173) ~[na:na]
	at java.base/java.util.AbstractCollection.toString(AbstractCollection.java:459) ~[na:na]
	at org.hibernate.collection.spi.PersistentSet.toString(PersistentSet.java:298) ~[hibernate-core-6.6.15.Final.jar:6.6.15.Final]
	at java.base/java.lang.String.valueOf(String.java:4454) ~[na:na]
	at br.com.fiap.javaadv.blog.backend.domainmodel.entities.TipoSolo.toString(TipoSolo.java:16) ~[classes/:na]
	at java.base/java.lang.String.valueOf(String.java:4454) ~[na:na]
	at br.com.fiap.javaadv.blog.backend.domainmodel.entities.EnderecoPlantio.toString(EnderecoPlantio.java:16) ~[classes/:na]
	at java.base/java.lang.String.valueOf(String.java:4454) ~[na:na]
	at java.base/java.lang.StringBuilder.append(StringBuilder.java:173) ~[na:na]
	at java.base/java.util.AbstractCollection.toString(AbstractCollection.java:459) ~[na:na]
	at org.hibernate.collection.spi.PersistentSet.toString(PersistentSet.java:298) ~[hibernate-core-6.6.15.Final.jar:6.6.15.Final]
	at java.base/java.lang.String.valueOf(String.java:4454) ~[na:na]
	at br.com.fiap.javaadv.blog.backend.domainmodel.entities.TipoSolo.toString(TipoSolo.java:16) ~[classes/:na]
	at java.base/java.lang.String.valueOf(String.java:4454) ~[na:na]
	at br.com.fiap.javaadv.blog.backend.domainmodel.entities.EnderecoPlantio.toString(EnderecoPlantio.java:16) ~[classes/:na]
	at java.base/java.lang.String.valueOf(String.java:4454) ~[na:na]
	at java.base/java.lang.StringBuilder.append(StringBuilder.java:173) ~[na:na]
	at java.base/java.util.AbstractCollection.toString(AbstractCollection.java:459) ~[na:na]
	at org.hibernate.collection.spi.PersistentSet.toString(PersistentSet.java:298) ~[hibernate-core-6.6.15.Final.jar:6.6.15.Final]
	at java.base/java.lang.String.valueOf(String.java:4454) ~[na:na]
	at br.com.fiap.javaadv.blog.backend.domainmodel.entities.TipoSolo.toString(TipoSolo.java:16) ~[classes/:na]
	at java.base/java.lang.String.valueOf(String.java:4454) ~[na:na]
	at br.com.fiap.javaadv.blog.backend.domainmodel.entities.EnderecoPlantio.toString(EnderecoPlantio.java:16) ~[classes/:na]
	at java.base/java.lang.String.valueOf(String.java:4454) ~[na:na]
	at java.base/java.lang.StringBuilder.append(StringBuilder.java:173) ~[na:na]
	at java.base/java.util.AbstractCollection.toString(AbstractCollection.java:459) ~[na:na]
	at org.hibernate.collection.spi.PersistentSet.toString(PersistentSet.java:298) ~[hibernate-core-6.6.15.Final.jar:6.6.15.Final]
	at java.base/java.lang.String.valueOf(String.java:4454) ~[na:na]
	at br.com.fiap.javaadv.blog.backend.domainmodel.entities.TipoSolo.toString(TipoSolo.java:16) ~[classes/:na]
	at java.base/java.lang.String.valueOf(String.java:4454) ~[na:na]
	at br.com.fiap.javaadv.blog.backend.domainmodel.entities.EnderecoPlantio.toString(EnderecoPlantio.java:16) ~[classes/:na]
	at java.base/java.lang.String.valueOf(String.java:4454) ~[na:na]
	at java.base/java.lang.StringBuilder.append(StringBuilder.java:173) ~[na:na]
	at java.base/java.util.AbstractCollection.toString(AbstractCollection.java:459) ~[na:na]
	at org.hibernate.collection.spi.PersistentSet.toString(PersistentSet.java:298) ~[hibernate-core-6.6.15.Final.jar:6.6.15.Final]
	at java.base/java.lang.String.valueOf(String.java:4454) ~[na:na]
	at br.com.fiap.javaadv.blog.backend.domainmodel.entities.TipoSolo.toString(TipoSolo.java:16) ~[classes/:na]
	at java.base/java.lang.String.valueOf(String.java:4454) ~[na:na]
	at br.com.fiap.javaadv.blog.backend.domainmodel.entities.EnderecoPlantio.toString(EnderecoPlantio.java:16) ~[classes/:na]
	at java.base/java.lang.String.valueOf(String.java:4454) ~[na:na]
	at java.base/java.lang.StringBuilder.append(StringBuilder.java:173) ~[na:na]
	at java.base/java.util.AbstractCollection.toString(AbstractCollection.java:459) ~[na:na]
	at org.hibernate.collection.spi.PersistentSet.toString(PersistentSet.java:298) ~[hibernate-core-6.6.15.Final.jar:6.6.15.Final]
	at java.base/java.lang.String.valueOf(String.java:4454) ~[na:na]
	at br.com.fiap.javaadv.blog.backend.domainmodel.entities.TipoSolo.toString(TipoSolo.java:16) ~[classes/:na]
	at java.base/java.lang.String.valueOf(String.java:4454) ~[na:na]
	at br.com.fiap.javaadv.blog.backend.domainmodel.entities.EnderecoPlantio.toString(EnderecoPlantio.java:16) ~[classes/:na]
	at java.base/java.lang.String.valueOf(String.java:4454) ~[na:na]
	at java.base/java.lang.StringBuilder.append(StringBuilder.java:173) ~[na:na]
	at java.base/java.util.AbstractCollection.toString(AbstractCollection.java:459) ~[na:na]
	at org.hibernate.collection.spi.PersistentSet.toString(PersistentSet.java:298) ~[hibernate-core-6.6.15.Final.jar:6.6.15.Final]
	at java.base/java.lang.String.valueOf(String.java:4454) ~[na:na]
	at br.com.fiap.javaadv.blog.backend.domainmodel.entities.TipoSolo.toString(TipoSolo.java:16) ~[classes/:na]
	at java.base/java.lang.String.valueOf(String.java:4454) ~[na:na]
	at br.com.fiap.javaadv.blog.backend.domainmodel.entities.EnderecoPlantio.toString(EnderecoPlantio.java:16) ~[classes/:na]
	at java.base/java.lang.String.valueOf(String.java:4454) ~[na:na]
	at java.base/java.lang.StringBuilder.append(StringBuilder.java:173) ~[na:na]
	at java.base/java.util.AbstractCollection.toString(AbstractCollection.java:459) ~[na:na]
	at org.hibernate.collection.spi.PersistentSet.toString(PersistentSet.java:298) ~[hibernate-core-6.6.15.Final.jar:6.6.15.Final]
	at java.base/java.lang.String.valueOf(String.java:4454) ~[na:na]
	at br.com.fiap.javaadv.blog.backend.domainmodel.entities.TipoSolo.toString(TipoSolo.java:16) ~[classes/:na]
	at java.base/java.lang.String.valueOf(String.java:4454) ~[na:na]
	at br.com.fiap.javaadv.blog.backend.domainmodel.entities.EnderecoPlantio.toString(EnderecoPlantio.java:16) ~[classes/:na]
	at java.base/java.lang.String.valueOf(String.java:4454) ~[na:na]
	at java.base/java.lang.StringBuilder.append(StringBuilder.java:173) ~[na:na]
	at java.base/java.util.AbstractCollection.toString(AbstractCollection.java:459) ~[na:na]
	at org.hibernate.collection.spi.PersistentSet.toString(PersistentSet.java:298) ~[hibernate-core-6.6.15.Final.jar:6.6.15.Final]
	at java.base/java.lang.String.valueOf(String.java:4454) ~[na:na]
	at br.com.fiap.javaadv.blog.backend.domainmodel.entities.TipoSolo.toString(TipoSolo.java:16) ~[classes/:na]
	at java.base/java.lang.String.valueOf(String.java:4454) ~[na:na]
	at br.com.fiap.javaadv.blog.backend.domainmodel.entities.EnderecoPlantio.toString(EnderecoPlantio.java:16) ~[classes/:na]
	at java.base/java.lang.String.valueOf(String.java:4454) ~[na:na]
	at java.base/java.lang.StringBuilder.append(StringBuilder.java:173) ~[na:na]
	at java.base/java.util.AbstractCollection.toString(AbstractCollection.java:459) ~[na:na]
	at org.hibernate.collection.spi.PersistentSet.toString(PersistentSet.java:298) ~[hibernate-core-6.6.15.Final.jar:6.6.15.Final]
	at java.base/java.lang.String.valueOf(String.java:4454) ~[na:na]
	at br.com.fiap.javaadv.blog.backend.domainmodel.entities.TipoSolo.toString(TipoSolo.java:16) ~[classes/:na]
	at java.base/java.lang.String.valueOf(String.java:4454) ~[na:na]
	at br.com.fiap.javaadv.blog.backend.domainmodel.entities.EnderecoPlantio.toString(EnderecoPlantio.java:16) ~[classes/:na]
	at java.base/java.lang.String.valueOf(String.java:4454) ~[na:na]
	at java.base/java.lang.StringBuilder.append(StringBuilder.java:173) ~[na:na]
	at java.base/java.util.AbstractCollection.toString(AbstractCollection.java:459) ~[na:na]
	at org.hibernate.collection.spi.PersistentSet.toString(PersistentSet.java:298) ~[hibernate-core-6.6.15.Final.jar:6.6.15.Final]
	at java.base/java.lang.String.valueOf(String.java:4454) ~[na:na]
	at br.com.fiap.javaadv.blog.backend.domainmodel.entities.TipoSolo.toString(TipoSolo.java:16) ~[classes/:na]
	at java.base/java.lang.String.valueOf(String.java:4454) ~[na:na]
	at br.com.fiap.javaadv.blog.backend.domainmodel.entities.EnderecoPlantio.toString(EnderecoPlantio.java:16) ~[classes/:na]
	at java.base/java.lang.String.valueOf(String.java:4454) ~[na:na]
	at java.base/java.lang.StringBuilder.append(StringBuilder.java:173) ~[na:na]
	at java.base/java.util.AbstractCollection.toString(AbstractCollection.java:459) ~[na:na]
	at org.hibernate.collection.spi.PersistentSet.toString(PersistentSet.java:298) ~[hibernate-core-6.6.15.Final.jar:6.6.15.Final]
	at java.base/java.lang.String.valueOf(String.java:4454) ~[na:na]
	at br.com.fiap.javaadv.blog.backend.domainmodel.entities.TipoSolo.toString(TipoSolo.java:16) ~[classes/:na]
	at java.base/java.lang.String.valueOf(String.java:4454) ~[na:na]
	at br.com.fiap.javaadv.blog.backend.domainmodel.entities.EnderecoPlantio.toString(EnderecoPlantio.java:16) ~[classes/:na]
	at java.base/java.lang.String.valueOf(String.java:4454) ~[na:na]
	at java.base/java.lang.StringBuilder.append(StringBuilder.java:173) ~[na:na]
	at java.base/java.util.AbstractCollection.toString(AbstractCollection.java:459) ~[na:na]
	at org.hibernate.collection.spi.PersistentSet.toString(PersistentSet.java:298) ~[hibernate-core-6.6.15.Final.jar:6.6.15.Final]
	at java.base/java.lang.String.valueOf(String.java:4454) ~[na:na]
	at br.com.fiap.javaadv.blog.backend.domainmodel.entities.TipoSolo.toString(TipoSolo.java:16) ~[classes/:na]
	at java.base/java.lang.String.valueOf(String.java:4454) ~[na:na]
	at br.com.fiap.javaadv.blog.backend.domainmodel.entities.EnderecoPlantio.toString(EnderecoPlantio.java:16) ~[classes/:na]
	at java.base/java.lang.String.valueOf(String.java:4454) ~[na:na]
	at java.base/java.lang.StringBuilder.append(StringBuilder.java:173) ~[na:na]
	at java.base/java.util.AbstractCollection.toString(AbstractCollection.java:459) ~[na:na]
	at org.hibernate.collection.spi.PersistentSet.toString(PersistentSet.java:298) ~[hibernate-core-6.6.15.Final.jar:6.6.15.Final]
	at java.base/java.lang.String.valueOf(String.java:4454) ~[na:na]
	at br.com.fiap.javaadv.blog.backend.domainmodel.entities.TipoSolo.toString(TipoSolo.java:16) ~[classes/:na]
	at java.base/java.lang.String.valueOf(String.java:4454) ~[na:na]
	at br.com.fiap.javaadv.blog.backend.domainmodel.entities.EnderecoPlantio.toString(EnderecoPlantio.java:16) ~[classes/:na]
	at java.base/java.lang.String.valueOf(String.java:4454) ~[na:na]
	at java.base/java.lang.StringBuilder.append(StringBuilder.java:173) ~[na:na]
	at java.base/java.util.AbstractCollection.toString(AbstractCollection.java:459) ~[na:na]
	at org.hibernate.collection.spi.PersistentSet.toString(PersistentSet.java:298) ~[hibernate-core-6.6.15.Final.jar:6.6.15.Final]
	at java.base/java.lang.String.valueOf(String.java:4454) ~[na:na]
	at br.com.fiap.javaadv.blog.backend.domainmodel.entities.TipoSolo.toString(TipoSolo.java:16) ~[classes/:na]
	at java.base/java.lang.String.valueOf(String.java:4454) ~[na:na]
	at br.com.fiap.javaadv.blog.backend.domainmodel.entities.EnderecoPlantio.toString(EnderecoPlantio.java:16) ~[classes/:na]
	at java.base/java.lang.String.valueOf(String.java:4454) ~[na:na]
	at java.base/java.lang.StringBuilder.append(StringBuilder.java:173) ~[na:na]
	at java.base/java.util.AbstractCollection.toString(AbstractCollection.java:459) ~[na:na]
	at org.hibernate.collection.spi.PersistentSet.toString(PersistentSet.java:298) ~[hibernate-core-6.6.15.Final.jar:6.6.15.Final]
	at java.base/java.lang.String.valueOf(String.java:4454) ~[na:na]
	at br.com.fiap.javaadv.blog.backend.domainmodel.entities.TipoSolo.toString(TipoSolo.java:16) ~[classes/:na]
	at java.base/java.lang.String.valueOf(String.java:4454) ~[na:na]
	at br.com.fiap.javaadv.blog.backend.domainmodel.entities.EnderecoPlantio.toString(EnderecoPlantio.java:16) ~[classes/:na]
	at java.base/java.lang.String.valueOf(String.java:4454) ~[na:na]
	at java.base/java.lang.StringBuilder.append(StringBuilder.java:173) ~[na:na]
	at java.base/java.util.AbstractCollection.toString(AbstractCollection.java:459) ~[na:na]
	at org.hibernate.collection.spi.PersistentSet.toString(PersistentSet.java:298) ~[hibernate-core-6.6.15.Final.jar:6.6.15.Final]
	at java.base/java.lang.String.valueOf(String.java:4454) ~[na:na]
	at br.com.fiap.javaadv.blog.backend.domainmodel.entities.TipoSolo.toString(TipoSolo.java:16) ~[classes/:na]
	at java.base/java.lang.String.valueOf(String.java:4454) ~[na:na]
	at br.com.fiap.javaadv.blog.backend.domainmodel.entities.EnderecoPlantio.toString(EnderecoPlantio.java:16) ~[classes/:na]
	at java.base/java.lang.String.valueOf(String.java:4454) ~[na:na]
	at java.base/java.lang.StringBuilder.append(StringBuilder.java:173) ~[na:na]
	at java.base/java.util.AbstractCollection.toString(AbstractCollection.java:459) ~[na:na]
	at org.hibernate.collection.spi.PersistentSet.toString(PersistentSet.java:298) ~[hibernate-core-6.6.15.Final.jar:6.6.15.Final]
	at java.base/java.lang.String.valueOf(String.java:4454) ~[na:na]
	at br.com.fiap.javaadv.blog.backend.domainmodel.entities.TipoSolo.toString(TipoSolo.java:16) ~[classes/:na]
	at java.base/java.lang.String.valueOf(String.java:4454) ~[na:na]
	at br.com.fiap.javaadv.blog.backend.domainmodel.entities.EnderecoPlantio.toString(EnderecoPlantio.java:16) ~[classes/:na]
	at java.base/java.lang.String.valueOf(String.java:4454) ~[na:na]
	at java.base/java.lang.StringBuilder.append(StringBuilder.java:173) ~[na:na]
	at java.base/java.util.AbstractCollection.toString(AbstractCollection.java:459) ~[na:na]
	at org.hibernate.collection.spi.PersistentSet.toString(PersistentSet.java:298) ~[hibernate-core-6.6.15.Final.jar:6.6.15.Final]
	at java.base/java.lang.String.valueOf(String.java:4454) ~[na:na]
	at br.com.fiap.javaadv.blog.backend.domainmodel.entities.TipoSolo.toString(TipoSolo.java:16) ~[classes/:na]
	at java.base/java.lang.String.valueOf(String.java:4454) ~[na:na]
	at br.com.fiap.javaadv.blog.backend.domainmodel.entities.EnderecoPlantio.toString(EnderecoPlantio.java:16) ~[classes/:na]
	at java.base/java.lang.String.valueOf(String.java:4454) ~[na:na]
	at java.base/java.lang.StringBuilder.append(StringBuilder.java:173) ~[na:na]
	at java.base/java.util.AbstractCollection.toString(AbstractCollection.java:459) ~[na:na]
	at org.hibernate.collection.spi.PersistentSet.toString(PersistentSet.java:298) ~[hibernate-core-6.6.15.Final.jar:6.6.15.Final]
	at java.base/java.lang.String.valueOf(String.java:4454) ~[na:na]
	at br.com.fiap.javaadv.blog.backend.domainmodel.entities.TipoSolo.toString(TipoSolo.java:16) ~[classes/:na]
	at java.base/java.lang.String.valueOf(String.java:4454) ~[na:na]
	at br.com.fiap.javaadv.blog.backend.domainmodel.entities.EnderecoPlantio.toString(EnderecoPlantio.java:16) ~[classes/:na]
	at java.base/java.lang.String.valueOf(String.java:4454) ~[na:na]
	at java.base/java.lang.StringBuilder.append(StringBuilder.java:173) ~[na:na]
	at java.base/java.util.AbstractCollection.toString(AbstractCollection.java:459) ~[na:na]
	at org.hibernate.collection.spi.PersistentSet.toString(PersistentSet.java:298) ~[hibernate-core-6.6.15.Final.jar:6.6.15.Final]
	at java.base/java.lang.String.valueOf(String.java:4454) ~[na:na]
	at br.com.fiap.javaadv.blog.backend.domainmodel.entities.TipoSolo.toString(TipoSolo.java:16) ~[classes/:na]
	at java.base/java.lang.String.valueOf(String.java:4454) ~[na:na]
	at br.com.fiap.javaadv.blog.backend.domainmodel.entities.EnderecoPlantio.toString(EnderecoPlantio.java:16) ~[classes/:na]
	at java.base/java.lang.String.valueOf(String.java:4454) ~[na:na]
	at java.base/java.lang.StringBuilder.append(StringBuilder.java:173) ~[na:na]
	at java.base/java.util.AbstractCollection.toString(AbstractCollection.java:459) ~[na:na]
	at org.hibernate.collection.spi.PersistentSet.toString(PersistentSet.java:298) ~[hibernate-core-6.6.15.Final.jar:6.6.15.Final]
	at java.base/java.lang.String.valueOf(String.java:4454) ~[na:na]
	at br.com.fiap.javaadv.blog.backend.domainmodel.entities.TipoSolo.toString(TipoSolo.java:16) ~[classes/:na]
	at java.base/java.lang.String.valueOf(String.java:4454) ~[na:na]
	at br.com.fiap.javaadv.blog.backend.domainmodel.entities.EnderecoPlantio.toString(EnderecoPlantio.java:16) ~[classes/:na]
	at java.base/java.lang.String.valueOf(String.java:4454) ~[na:na]
	at java.base/java.lang.StringBuilder.append(StringBuilder.java:173) ~[na:na]
	at java.base/java.util.AbstractCollection.toString(AbstractCollection.java:459) ~[na:na]
	at org.hibernate.collection.spi.PersistentSet.toString(PersistentSet.java:298) ~[hibernate-core-6.6.15.Final.jar:6.6.15.Final]
	at java.base/java.lang.String.valueOf(String.java:4454) ~[na:na]
	at br.com.fiap.javaadv.blog.backend.domainmodel.entities.TipoSolo.toString(TipoSolo.java:16) ~[classes/:na]
	at java.base/java.lang.String.valueOf(String.java:4454) ~[na:na]
	at br.com.fiap.javaadv.blog.backend.domainmodel.entities.EnderecoPlantio.toString(EnderecoPlantio.java:16) ~[classes/:na]
	at java.base/java.lang.String.valueOf(String.java:4454) ~[na:na]
	at java.base/java.lang.StringBuilder.append(StringBuilder.java:173) ~[na:na]
	at java.base/java.util.AbstractCollection.toString(AbstractCollection.java:459) ~[na:na]
	at org.hibernate.collection.spi.PersistentSet.toString(PersistentSet.java:298) ~[hibernate-core-6.6.15.Final.jar:6.6.15.Final]
	at java.base/java.lang.String.valueOf(String.java:4454) ~[na:na]
	at br.com.fiap.javaadv.blog.backend.domainmodel.entities.TipoSolo.toString(TipoSolo.java:16) ~[classes/:na]
	at java.base/java.lang.String.valueOf(String.java:4454) ~[na:na]
	at br.com.fiap.javaadv.blog.backend.domainmodel.entities.EnderecoPlantio.toString(EnderecoPlantio.java:16) ~[classes/:na]
	at java.base/java.lang.String.valueOf(String.java:4454) ~[na:na]
	at java.base/java.lang.StringBuilder.append(StringBuilder.java:173) ~[na:na]
	at java.base/java.util.AbstractCollection.toString(AbstractCollection.java:459) ~[na:na]
	at org.hibernate.collection.spi.PersistentSet.toString(PersistentSet.java:298) ~[hibernate-core-6.6.15.Final.jar:6.6.15.Final]
	at java.base/java.lang.String.valueOf(String.java:4454) ~[na:na]
	at br.com.fiap.javaadv.blog.backend.domainmodel.entities.TipoSolo.toString(TipoSolo.java:16) ~[classes/:na]
	at java.base/java.lang.String.valueOf(String.java:4454) ~[na:na]
	at br.com.fiap.javaadv.blog.backend.domainmodel.entities.EnderecoPlantio.toString(EnderecoPlantio.java:16) ~[classes/:na]
	at java.base/java.lang.String.valueOf(String.java:4454) ~[na:na]
	at java.base/java.lang.StringBuilder.append(StringBuilder.java:173) ~[na:na]
	at java.base/java.util.AbstractCollection.toString(AbstractCollection.java:459) ~[na:na]
	at org.hibernate.collection.spi.PersistentSet.toString(PersistentSet.java:298) ~[hibernate-core-6.6.15.Final.jar:6.6.15.Final]
	at java.base/java.lang.String.valueOf(String.java:4454) ~[na:na]
	at br.com.fiap.javaadv.blog.backend.domainmodel.entities.TipoSolo.toString(TipoSolo.java:16) ~[classes/:na]
	at java.base/java.lang.String.valueOf(String.java:4454) ~[na:na]
	at br.com.fiap.javaadv.blog.backend.domainmodel.entities.EnderecoPlantio.toString(EnderecoPlantio.java:16) ~[classes/:na]
	at java.base/java.lang.String.valueOf(String.java:4454) ~[na:na]
	at java.base/java.lang.StringBuilder.append(StringBuilder.java:173) ~[na:na]
	at java.base/java.util.AbstractCollection.toString(AbstractCollection.java:459) ~[na:na]
	at org.hibernate.collection.spi.PersistentSet.toString(PersistentSet.java:298) ~[hibernate-core-6.6.15.Final.jar:6.6.15.Final]
	at java.base/java.lang.String.valueOf(String.java:4454) ~[na:na]
	at br.com.fiap.javaadv.blog.backend.domainmodel.entities.TipoSolo.toString(TipoSolo.java:16) ~[classes/:na]
	at java.base/java.lang.String.valueOf(String.java:4454) ~[na:na]
	at br.com.fiap.javaadv.blog.backend.domainmodel.entities.EnderecoPlantio.toString(EnderecoPlantio.java:16) ~[classes/:na]
	at java.base/java.lang.String.valueOf(String.java:4454) ~[na:na]
	at java.base/java.lang.StringBuilder.append(StringBuilder.java:173) ~[na:na]
	at java.base/java.util.AbstractCollection.toString(AbstractCollection.java:459) ~[na:na]
	at org.hibernate.collection.spi.PersistentSet.toString(PersistentSet.java:298) ~[hibernate-core-6.6.15.Final.jar:6.6.15.Final]
	at java.base/java.lang.String.valueOf(String.java:4454) ~[na:na]
	at br.com.fiap.javaadv.blog.backend.domainmodel.entities.TipoSolo.toString(TipoSolo.java:16) ~[classes/:na]
	at java.base/java.lang.String.valueOf(String.java:4454) ~[na:na]
	at br.com.fiap.javaadv.blog.backend.domainmodel.entities.EnderecoPlantio.toString(EnderecoPlantio.java:16) ~[classes/:na]
	at java.base/java.lang.String.valueOf(String.java:4454) ~[na:na]
	at java.base/java.lang.StringBuilder.append(StringBuilder.java:173) ~[na:na]
	at java.base/java.util.AbstractCollection.toString(AbstractCollection.java:459) ~[na:na]
	at org.hibernate.collection.spi.PersistentSet.toString(PersistentSet.java:298) ~[hibernate-core-6.6.15.Final.jar:6.6.15.Final]
	at java.base/java.lang.String.valueOf(String.java:4454) ~[na:na]
	at br.com.fiap.javaadv.blog.backend.domainmodel.entities.TipoSolo.toString(TipoSolo.java:16) ~[classes/:na]
	at java.base/java.lang.String.valueOf(String.java:4454) ~[na:na]
	at br.com.fiap.javaadv.blog.backend.domainmodel.entities.EnderecoPlantio.toString(EnderecoPlantio.java:16) ~[classes/:na]
	at java.base/java.lang.String.valueOf(String.java:4454) ~[na:na]
	at java.base/java.lang.StringBuilder.append(StringBuilder.java:173) ~[na:na]
	at java.base/java.util.AbstractCollection.toString(AbstractCollection.java:459) ~[na:na]
	at org.hibernate.collection.spi.PersistentSet.toString(PersistentSet.java:298) ~[hibernate-core-6.6.15.Final.jar:6.6.15.Final]
	at java.base/java.lang.String.valueOf(String.java:4454) ~[na:na]
	at br.com.fiap.javaadv.blog.backend.domainmodel.entities.TipoSolo.toString(TipoSolo.java:16) ~[classes/:na]
	at java.base/java.lang.String.valueOf(String.java:4454) ~[na:na]
	at br.com.fiap.javaadv.blog.backend.domainmodel.entities.EnderecoPlantio.toString(EnderecoPlantio.java:16) ~[classes/:na]
	at java.base/java.lang.String.valueOf(String.java:4454) ~[na:na]
	at java.base/java.lang.StringBuilder.append(StringBuilder.java:173) ~[na:na]
	at java.base/java.util.AbstractCollection.toString(AbstractCollection.java:459) ~[na:na]
	at org.hibernate.collection.spi.PersistentSet.toString(PersistentSet.java:298) ~[hibernate-core-6.6.15.Final.jar:6.6.15.Final]
	at java.base/java.lang.String.valueOf(String.java:4454) ~[na:na]
	at br.com.fiap.javaadv.blog.backend.domainmodel.entities.TipoSolo.toString(TipoSolo.java:16) ~[classes/:na]
	at java.base/java.lang.String.valueOf(String.java:4454) ~[na:na]
	at br.com.fiap.javaadv.blog.backend.domainmodel.entities.EnderecoPlantio.toString(EnderecoPlantio.java:16) ~[classes/:na]
	at java.base/java.lang.String.valueOf(String.java:4454) ~[na:na]
	at java.base/java.lang.StringBuilder.append(StringBuilder.java:173) ~[na:na]
	at java.base/java.util.AbstractCollection.toString(AbstractCollection.java:459) ~[na:na]
	at org.hibernate.collection.spi.PersistentSet.toString(PersistentSet.java:298) ~[hibernate-core-6.6.15.Final.jar:6.6.15.Final]
	at java.base/java.lang.String.valueOf(String.java:4454) ~[na:na]
	at br.com.fiap.javaadv.blog.backend.domainmodel.entities.TipoSolo.toString(TipoSolo.java:16) ~[classes/:na]
	at java.base/java.lang.String.valueOf(String.java:4454) ~[na:na]
	at br.com.fiap.javaadv.blog.backend.domainmodel.entities.EnderecoPlantio.toString(EnderecoPlantio.java:16) ~[classes/:na]
	at java.base/java.lang.String.valueOf(String.java:4454) ~[na:na]
	at java.base/java.lang.StringBuilder.append(StringBuilder.java:173) ~[na:na]
	at java.base/java.util.AbstractCollection.toString(AbstractCollection.java:459) ~[na:na]
	at org.hibernate.collection.spi.PersistentSet.toString(PersistentSet.java:298) ~[hibernate-core-6.6.15.Final.jar:6.6.15.Final]
	at java.base/java.lang.String.valueOf(String.java:4454) ~[na:na]
	at br.com.fiap.javaadv.blog.backend.domainmodel.entities.TipoSolo.toString(TipoSolo.java:16) ~[classes/:na]
	at java.base/java.lang.String.valueOf(String.java:4454) ~[na:na]
	at br.com.fiap.javaadv.blog.backend.domainmodel.entities.EnderecoPlantio.toString(EnderecoPlantio.java:16) ~[classes/:na]
	at java.base/java.lang.String.valueOf(String.java:4454) ~[na:na]
	at java.base/java.lang.StringBuilder.append(StringBuilder.java:173) ~[na:na]
	at java.base/java.util.AbstractCollection.toString(AbstractCollection.java:459) ~[na:na]
	at org.hibernate.collection.spi.PersistentSet.toString(PersistentSet.java:298) ~[hibernate-core-6.6.15.Final.jar:6.6.15.Final]
	at java.base/java.lang.String.valueOf(String.java:4454) ~[na:na]
	at br.com.fiap.javaadv.blog.backend.domainmodel.entities.TipoSolo.toString(TipoSolo.java:16) ~[classes/:na]
	at java.base/java.lang.String.valueOf(String.java:4454) ~[na:na]
	at br.com.fiap.javaadv.blog.backend.domainmodel.entities.EnderecoPlantio.toString(EnderecoPlantio.java:16) ~[classes/:na]
	at java.base/java.lang.String.valueOf(String.java:4454) ~[na:na]
	at java.base/java.lang.StringBuilder.append(StringBuilder.java:173) ~[na:na]
	at java.base/java.util.AbstractCollection.toString(AbstractCollection.java:459) ~[na:na]
	at org.hibernate.collection.spi.PersistentSet.toString(PersistentSet.java:298) ~[hibernate-core-6.6.15.Final.jar:6.6.15.Final]
	at java.base/java.lang.String.valueOf(String.java:4454) ~[na:na]
	at br.com.fiap.javaadv.blog.backend.domainmodel.entities.TipoSolo.toString(TipoSolo.java:16) ~[classes/:na]
	at java.base/java.lang.String.valueOf(String.java:4454) ~[na:na]
	at br.com.fiap.javaadv.blog.backend.domainmodel.entities.EnderecoPlantio.toString(EnderecoPlantio.java:16) ~[classes/:na]
	at java.base/java.lang.String.valueOf(String.java:4454) ~[na:na]
	at java.base/java.lang.StringBuilder.append(StringBuilder.java:173) ~[na:na]
	at java.base/java.util.AbstractCollection.toString(AbstractCollection.java:459) ~[na:na]
	at org.hibernate.collection.spi.PersistentSet.toString(PersistentSet.java:298) ~[hibernate-core-6.6.15.Final.jar:6.6.15.Final]
	at java.base/java.lang.String.valueOf(String.java:4454) ~[na:na]
	at br.com.fiap.javaadv.blog.backend.domainmodel.entities.TipoSolo.toString(TipoSolo.java:16) ~[classes/:na]
	at java.base/java.lang.String.valueOf(String.java:4454) ~[na:na]
	at br.com.fiap.javaadv.blog.backend.domainmodel.entities.EnderecoPlantio.toString(EnderecoPlantio.java:16) ~[classes/:na]
	at java.base/java.lang.String.valueOf(String.java:4454) ~[na:na]
	at java.base/java.lang.StringBuilder.append(StringBuilder.java:173) ~[na:na]
	at java.base/java.util.AbstractCollection.toString(AbstractCollection.java:459) ~[na:na]
	at org.hibernate.collection.spi.PersistentSet.toString(PersistentSet.java:298) ~[hibernate-core-6.6.15.Final.jar:6.6.15.Final]
	at java.base/java.lang.String.valueOf(String.java:4454) ~[na:na]
	at br.com.fiap.javaadv.blog.backend.domainmodel.entities.TipoSolo.toString(TipoSolo.java:16) ~[classes/:na]
	at java.base/java.lang.String.valueOf(String.java:4454) ~[na:na]
	at br.com.fiap.javaadv.blog.backend.domainmodel.entities.EnderecoPlantio.toString(EnderecoPlantio.java:16) ~[classes/:na]
	at java.base/java.lang.String.valueOf(String.java:4454) ~[na:na]
	at java.base/java.lang.StringBuilder.append(StringBuilder.java:173) ~[na:na]
	at java.base/java.util.AbstractCollection.toString(AbstractCollection.java:459) ~[na:na]
	at org.hibernate.collection.spi.PersistentSet.toString(PersistentSet.java:298) ~[hibernate-core-6.6.15.Final.jar:6.6.15.Final]
	at java.base/java.lang.String.valueOf(String.java:4454) ~[na:na]
	at br.com.fiap.javaadv.blog.backend.domainmodel.entities.TipoSolo.toString(TipoSolo.java:16) ~[classes/:na]
	at java.base/java.lang.String.valueOf(String.java:4454) ~[na:na]
	at br.com.fiap.javaadv.blog.backend.domainmodel.entities.EnderecoPlantio.toString(EnderecoPlantio.java:16) ~[classes/:na]
	at java.base/java.lang.String.valueOf(String.java:4454) ~[na:na]
	at java.base/java.lang.StringBuilder.append(StringBuilder.java:173) ~[na:na]
	at java.base/java.util.AbstractCollection.toString(AbstractCollection.java:459) ~[na:na]
	at org.hibernate.collection.spi.PersistentSet.toString(PersistentSet.java:298) ~[hibernate-core-6.6.15.Final.jar:6.6.15.Final]
	at java.base/java.lang.String.valueOf(String.java:4454) ~[na:na]
	at br.com.fiap.javaadv.blog.backend.domainmodel.entities.TipoSolo.toString(TipoSolo.java:16) ~[classes/:na]
	at java.base/java.lang.String.valueOf(String.java:4454) ~[na:na]
	at br.com.fiap.javaadv.blog.backend.domainmodel.entities.EnderecoPlantio.toString(EnderecoPlantio.java:16) ~[classes/:na]
	at java.base/java.lang.String.valueOf(String.java:4454) ~[na:na]
	at java.base/java.lang.StringBuilder.append(StringBuilder.java:173) ~[na:na]
	at java.base/java.util.AbstractCollection.toString(AbstractCollection.java:459) ~[na:na]
	at org.hibernate.collection.spi.PersistentSet.toString(PersistentSet.java:298) ~[hibernate-core-6.6.15.Final.jar:6.6.15.Final]
	at java.base/java.lang.String.valueOf(String.java:4454) ~[na:na]
	at br.com.fiap.javaadv.blog.backend.domainmodel.entities.TipoSolo.toString(TipoSolo.java:16) ~[classes/:na]
	at java.base/java.lang.String.valueOf(String.java:4454) ~[na:na]
	at br.com.fiap.javaadv.blog.backend.domainmodel.entities.EnderecoPlantio.toString(EnderecoPlantio.java:16) ~[classes/:na]
	at java.base/java.lang.String.valueOf(String.java:4454) ~[na:na]
	at java.base/java.lang.StringBuilder.append(StringBuilder.java:173) ~[na:na]
	at java.base/java.util.AbstractCollection.toString(AbstractCollection.java:459) ~[na:na]
	at org.hibernate.collection.spi.PersistentSet.toString(PersistentSet.java:298) ~[hibernate-core-6.6.15.Final.jar:6.6.15.Final]
	at java.base/java.lang.String.valueOf(String.java:4454) ~[na:na]
	at br.com.fiap.javaadv.blog.backend.domainmodel.entities.TipoSolo.toString(TipoSolo.java:16) ~[classes/:na]
	at java.base/java.lang.String.valueOf(String.java:4454) ~[na:na]
	at br.com.fiap.javaadv.blog.backend.domainmodel.entities.EnderecoPlantio.toString(EnderecoPlantio.java:16) ~[classes/:na]
	at java.base/java.lang.String.valueOf(String.java:4454) ~[na:na]
	at java.base/java.lang.StringBuilder.append(StringBuilder.java:173) ~[na:na]
	at java.base/java.util.AbstractCollection.toString(AbstractCollection.java:459) ~[na:na]
	at org.hibernate.collection.spi.PersistentSet.toString(PersistentSet.java:298) ~[hibernate-core-6.6.15.Final.jar:6.6.15.Final]
	at java.base/java.lang.String.valueOf(String.java:4454) ~[na:na]
	at br.com.fiap.javaadv.blog.backend.domainmodel.entities.TipoSolo.toString(TipoSolo.java:16) ~[classes/:na]
	at java.base/java.lang.String.valueOf(String.java:4454) ~[na:na]
	at br.com.fiap.javaadv.blog.backend.domainmodel.entities.EnderecoPlantio.toString(EnderecoPlantio.java:16) ~[classes/:na]
	at java.base/java.lang.String.valueOf(String.java:4454) ~[na:na]
	at java.base/java.lang.StringBuilder.append(StringBuilder.java:173) ~[na:na]
	at java.base/java.util.AbstractCollection.toString(AbstractCollection.java:459) ~[na:na]
	at org.hibernate.collection.spi.PersistentSet.toString(PersistentSet.java:298) ~[hibernate-core-6.6.15.Final.jar:6.6.15.Final]
	at java.base/java.lang.String.valueOf(String.java:4454) ~[na:na]
	at br.com.fiap.javaadv.blog.backend.domainmodel.entities.TipoSolo.toString(TipoSolo.java:16) ~[classes/:na]
	at java.base/java.lang.String.valueOf(String.java:4454) ~[na:na]
	at br.com.fiap.javaadv.blog.backend.domainmodel.entities.EnderecoPlantio.toString(EnderecoPlantio.java:16) ~[classes/:na]
	at java.base/java.lang.String.valueOf(String.java:4454) ~[na:na]
	at java.base/java.lang.StringBuilder.append(StringBuilder.java:173) ~[na:na]
	at java.base/java.util.AbstractCollection.toString(AbstractCollection.java:459) ~[na:na]
	at org.hibernate.collection.spi.PersistentSet.toString(PersistentSet.java:298) ~[hibernate-core-6.6.15.Final.jar:6.6.15.Final]
	at java.base/java.lang.String.valueOf(String.java:4454) ~[na:na]
	at br.com.fiap.javaadv.blog.backend.domainmodel.entities.TipoSolo.toString(TipoSolo.java:16) ~[classes/:na]
	at java.base/java.lang.String.valueOf(String.java:4454) ~[na:na]
	at br.com.fiap.javaadv.blog.backend.domainmodel.entities.EnderecoPlantio.toString(EnderecoPlantio.java:16) ~[classes/:na]
	at java.base/java.lang.String.valueOf(String.java:4454) ~[na:na]
	at java.base/java.lang.StringBuilder.append(StringBuilder.java:173) ~[na:na]
	at java.base/java.util.AbstractCollection.toString(AbstractCollection.java:459) ~[na:na]
	at org.hibernate.collection.spi.PersistentSet.toString(PersistentSet.java:298) ~[hibernate-core-6.6.15.Final.jar:6.6.15.Final]
	at java.base/java.lang.String.valueOf(String.java:4454) ~[na:na]
	at br.com.fiap.javaadv.blog.backend.domainmodel.entities.TipoSolo.toString(TipoSolo.java:16) ~[classes/:na]
	at java.base/java.lang.String.valueOf(String.java:4454) ~[na:na]
	at br.com.fiap.javaadv.blog.backend.domainmodel.entities.EnderecoPlantio.toString(EnderecoPlantio.java:16) ~[classes/:na]
	at java.base/java.lang.String.valueOf(String.java:4454) ~[na:na]
	at java.base/java.lang.StringBuilder.append(StringBuilder.java:173) ~[na:na]
	at java.base/java.util.AbstractCollection.toString(AbstractCollection.java:459) ~[na:na]
	at org.hibernate.collection.spi.PersistentSet.toString(PersistentSet.java:298) ~[hibernate-core-6.6.15.Final.jar:6.6.15.Final]
	at java.base/java.lang.String.valueOf(String.java:4454) ~[na:na]
	at br.com.fiap.javaadv.blog.backend.domainmodel.entities.TipoSolo.toString(TipoSolo.java:16) ~[classes/:na]
	at java.base/java.lang.String.valueOf(String.java:4454) ~[na:na]
	at br.com.fiap.javaadv.blog.backend.domainmodel.entities.EnderecoPlantio.toString(EnderecoPlantio.java:16) ~[classes/:na]
	at java.base/java.lang.String.valueOf(String.java:4454) ~[na:na]
	at java.base/java.lang.StringBuilder.append(StringBuilder.java:173) ~[na:na]
	at java.base/java.util.AbstractCollection.toString(AbstractCollection.java:459) ~[na:na]
	at org.hibernate.collection.spi.PersistentSet.toString(PersistentSet.java:298) ~[hibernate-core-6.6.15.Final.jar:6.6.15.Final]
	at java.base/java.lang.String.valueOf(String.java:4454) ~[na:na]
	at br.com.fiap.javaadv.blog.backend.domainmodel.entities.TipoSolo.toString(TipoSolo.java:16) ~[classes/:na]
	at java.base/java.lang.String.valueOf(String.java:4454) ~[na:na]
	at br.com.fiap.javaadv.blog.backend.domainmodel.entities.EnderecoPlantio.toString(EnderecoPlantio.java:16) ~[classes/:na]
	at java.base/java.lang.String.valueOf(String.java:4454) ~[na:na]
	at java.base/java.lang.StringBuilder.append(StringBuilder.java:173) ~[na:na]
	at java.base/java.util.AbstractCollection.toString(AbstractCollection.java:459) ~[na:na]
	at org.hibernate.collection.spi.PersistentSet.toString(PersistentSet.java:298) ~[hibernate-core-6.6.15.Final.jar:6.6.15.Final]
	at java.base/java.lang.String.valueOf(String.java:4454) ~[na:na]
	at br.com.fiap.javaadv.blog.backend.domainmodel.entities.TipoSolo.toString(TipoSolo.java:16) ~[classes/:na]
	at java.base/java.lang.String.valueOf(String.java:4454) ~[na:na]
	at br.com.fiap.javaadv.blog.backend.domainmodel.entities.EnderecoPlantio.toString(EnderecoPlantio.java:16) ~[classes/:na]
	at java.base/java.lang.String.valueOf(String.java:4454) ~[na:na]
	at java.base/java.lang.StringBuilder.append(StringBuilder.java:173) ~[na:na]
	at java.base/java.util.AbstractCollection.toString(AbstractCollection.java:459) ~[na:na]
	at org.hibernate.collection.spi.PersistentSet.toString(PersistentSet.java:298) ~[hibernate-core-6.6.15.Final.jar:6.6.15.Final]
	at java.base/java.lang.String.valueOf(String.java:4454) ~[na:na]
	at br.com.fiap.javaadv.blog.backend.domainmodel.entities.TipoSolo.toString(TipoSolo.java:16) ~[classes/:na]
	at java.base/java.lang.String.valueOf(String.java:4454) ~[na:na]
	at br.com.fiap.javaadv.blog.backend.domainmodel.entities.EnderecoPlantio.toString(EnderecoPlantio.java:16) ~[classes/:na]
	at java.base/java.lang.String.valueOf(String.java:4454) ~[na:na]
	at java.base/java.lang.StringBuilder.append(StringBuilder.java:173) ~[na:na]
	at java.base/java.util.AbstractCollection.toString(AbstractCollection.java:459) ~[na:na]
	at org.hibernate.collection.spi.PersistentSet.toString(PersistentSet.java:298) ~[hibernate-core-6.6.15.Final.jar:6.6.15.Final]
	at java.base/java.lang.String.valueOf(String.java:4454) ~[na:na]
	at br.com.fiap.javaadv.blog.backend.domainmodel.entities.TipoSolo.toString(TipoSolo.java:16) ~[classes/:na]
	at java.base/java.lang.String.valueOf(String.java:4454) ~[na:na]
	at br.com.fiap.javaadv.blog.backend.domainmodel.entities.EnderecoPlantio.toString(EnderecoPlantio.java:16) ~[classes/:na]
	at java.base/java.lang.String.valueOf(String.java:4454) ~[na:na]
	at java.base/java.lang.StringBuilder.append(StringBuilder.java:173) ~[na:na]
	at java.base/java.util.AbstractCollection.toString(AbstractCollection.java:459) ~[na:na]
	at org.hibernate.collection.spi.PersistentSet.toString(PersistentSet.java:298) ~[hibernate-core-6.6.15.Final.jar:6.6.15.Final]
	at java.base/java.lang.String.valueOf(String.java:4454) ~[na:na]
	at br.com.fiap.javaadv.blog.backend.domainmodel.entities.TipoSolo.toString(TipoSolo.java:16) ~[classes/:na]
	at java.base/java.lang.String.valueOf(String.java:4454) ~[na:na]
	at br.com.fiap.javaadv.blog.backend.domainmodel.entities.EnderecoPlantio.toString(EnderecoPlantio.java:16) ~[classes/:na]
	at java.base/java.lang.String.valueOf(String.java:4454) ~[na:na]
	at java.base/java.lang.StringBuilder.append(StringBuilder.java:173) ~[na:na]
	at java.base/java.util.AbstractCollection.toString(AbstractCollection.java:459) ~[na:na]
	at org.hibernate.collection.spi.PersistentSet.toString(PersistentSet.java:298) ~[hibernate-core-6.6.15.Final.jar:6.6.15.Final]
	at java.base/java.lang.String.valueOf(String.java:4454) ~[na:na]
	at br.com.fiap.javaadv.blog.backend.domainmodel.entities.TipoSolo.toString(TipoSolo.java:16) ~[classes/:na]
	at java.base/java.lang.String.valueOf(String.java:4454) ~[na:na]
	at br.com.fiap.javaadv.blog.backend.domainmodel.entities.EnderecoPlantio.toString(EnderecoPlantio.java:16) ~[classes/:na]
	at java.base/java.lang.String.valueOf(String.java:4454) ~[na:na]
	at java.base/java.lang.StringBuilder.append(StringBuilder.java:173) ~[na:na]
	at java.base/java.util.AbstractCollection.toString(AbstractCollection.java:459) ~[na:na]
	at org.hibernate.collection.spi.PersistentSet.toString(PersistentSet.java:298) ~[hibernate-core-6.6.15.Final.jar:6.6.15.Final]
	at java.base/java.lang.String.valueOf(String.java:4454) ~[na:na]
	at br.com.fiap.javaadv.blog.backend.domainmodel.entities.TipoSolo.toString(TipoSolo.java:16) ~[classes/:na]
	at java.base/java.lang.String.valueOf(String.java:4454) ~[na:na]
	at br.com.fiap.javaadv.blog.backend.domainmodel.entities.EnderecoPlantio.toString(EnderecoPlantio.java:16) ~[classes/:na]
	at java.base/java.lang.String.valueOf(String.java:4454) ~[na:na]
	at java.base/java.lang.StringBuilder.append(StringBuilder.java:173) ~[na:na]
	at java.base/java.util.AbstractCollection.toString(AbstractCollection.java:459) ~[na:na]
	at org.hibernate.collection.spi.PersistentSet.toString(PersistentSet.java:298) ~[hibernate-core-6.6.15.Final.jar:6.6.15.Final]
	at java.base/java.lang.String.valueOf(String.java:4454) ~[na:na]
	at br.com.fiap.javaadv.blog.backend.domainmodel.entities.TipoSolo.toString(TipoSolo.java:16) ~[classes/:na]
	at java.base/java.lang.String.valueOf(String.java:4454) ~[na:na]
	at br.com.fiap.javaadv.blog.backend.domainmodel.entities.EnderecoPlantio.toString(EnderecoPlantio.java:16) ~[classes/:na]
	at java.base/java.lang.String.valueOf(String.java:4454) ~[na:na]
	at java.base/java.lang.StringBuilder.append(StringBuilder.java:173) ~[na:na]
	at java.base/java.util.AbstractCollection.toString(AbstractCollection.java:459) ~[na:na]
	at org.hibernate.collection.spi.PersistentSet.toString(PersistentSet.java:298) ~[hibernate-core-6.6.15.Final.jar:6.6.15.Final]
	at java.base/java.lang.String.valueOf(String.java:4454) ~[na:na]
	at br.com.fiap.javaadv.blog.backend.domainmodel.entities.TipoSolo.toString(TipoSolo.java:16) ~[classes/:na]
	at java.base/java.lang.String.valueOf(String.java:4454) ~[na:na]
	at br.com.fiap.javaadv.blog.backend.domainmodel.entities.EnderecoPlantio.toString(EnderecoPlantio.java:16) ~[classes/:na]
	at java.base/java.lang.String.valueOf(String.java:4454) ~[na:na]
	at java.base/java.lang.StringBuilder.append(StringBuilder.java:173) ~[na:na]
	at java.base/java.util.AbstractCollection.toString(AbstractCollection.java:459) ~[na:na]
	at org.hibernate.collection.spi.PersistentSet.toString(PersistentSet.java:298) ~[hibernate-core-6.6.15.Final.jar:6.6.15.Final]
	at java.base/java.lang.String.valueOf(String.java:4454) ~[na:na]
	at br.com.fiap.javaadv.blog.backend.domainmodel.entities.TipoSolo.toString(TipoSolo.java:16) ~[classes/:na]
	at java.base/java.lang.String.valueOf(String.java:4454) ~[na:na]
	at br.com.fiap.javaadv.blog.backend.domainmodel.entities.EnderecoPlantio.toString(EnderecoPlantio.java:16) ~[classes/:na]
	at java.base/java.lang.String.valueOf(String.java:4454) ~[na:na]
	at java.base/java.lang.StringBuilder.append(StringBuilder.java:173) ~[na:na]
	at java.base/java.util.AbstractCollection.toString(AbstractCollection.java:459) ~[na:na]
	at org.hibernate.collection.spi.PersistentSet.toString(PersistentSet.java:298) ~[hibernate-core-6.6.15.Final.jar:6.6.15.Final]
	at java.base/java.lang.String.valueOf(String.java:4454) ~[na:na]
	at br.com.fiap.javaadv.blog.backend.domainmodel.entities.TipoSolo.toString(TipoSolo.java:16) ~[classes/:na]
	at java.base/java.lang.String.valueOf(String.java:4454) ~[na:na]
	at br.com.fiap.javaadv.blog.backend.domainmodel.entities.EnderecoPlantio.toString(EnderecoPlantio.java:16) ~[classes/:na]
	at java.base/java.lang.String.valueOf(String.java:4454) ~[na:na]
	at java.base/java.lang.StringBuilder.append(StringBuilder.java:173) ~[na:na]
	at java.base/java.util.AbstractCollection.toString(AbstractCollection.java:459) ~[na:na]
	at org.hibernate.collection.spi.PersistentSet.toString(PersistentSet.java:298) ~[hibernate-core-6.6.15.Final.jar:6.6.15.Final]
	at java.base/java.lang.String.valueOf(String.java:4454) ~[na:na]
	at br.com.fiap.javaadv.blog.backend.domainmodel.entities.TipoSolo.toString(TipoSolo.java:16) ~[classes/:na]
	at java.base/java.lang.String.valueOf(String.java:4454) ~[na:na]
	at br.com.fiap.javaadv.blog.backend.domainmodel.entities.EnderecoPlantio.toString(EnderecoPlantio.java:16) ~[classes/:na]
	at java.base/java.lang.String.valueOf(String.java:4454) ~[na:na]
	at java.base/java.lang.StringBuilder.append(StringBuilder.java:173) ~[na:na]
	at java.base/java.util.AbstractCollection.toString(AbstractCollection.java:459) ~[na:na]
	at org.hibernate.collection.spi.PersistentSet.toString(PersistentSet.java:298) ~[hibernate-core-6.6.15.Final.jar:6.6.15.Final]
	at java.base/java.lang.String.valueOf(String.java:4454) ~[na:na]
	at br.com.fiap.javaadv.blog.backend.domainmodel.entities.TipoSolo.toString(TipoSolo.java:16) ~[classes/:na]
	at java.base/java.lang.String.valueOf(String.java:4454) ~[na:na]
	at br.com.fiap.javaadv.blog.backend.domainmodel.entities.EnderecoPlantio.toString(EnderecoPlantio.java:16) ~[classes/:na]
	at java.base/java.lang.String.valueOf(String.java:4454) ~[na:na]
	at java.base/java.lang.StringBuilder.append(StringBuilder.java:173) ~[na:na]
	at java.base/java.util.AbstractCollection.toString(AbstractCollection.java:459) ~[na:na]
	at org.hibernate.collection.spi.PersistentSet.toString(PersistentSet.java:298) ~[hibernate-core-6.6.15.Final.jar:6.6.15.Final]
	at java.base/java.lang.String.valueOf(String.java:4454) ~[na:na]
	at br.com.fiap.javaadv.blog.backend.domainmodel.entities.TipoSolo.toString(TipoSolo.java:16) ~[classes/:na]
	at java.base/java.lang.String.valueOf(String.java:4454) ~[na:na]
	at br.com.fiap.javaadv.blog.backend.domainmodel.entities.EnderecoPlantio.toString(EnderecoPlantio.java:16) ~[classes/:na]
	at java.base/java.lang.String.valueOf(String.java:4454) ~[na:na]
	at java.base/java.lang.StringBuilder.append(StringBuilder.java:173) ~[na:na]
	at java.base/java.util.AbstractCollection.toString(AbstractCollection.java:459) ~[na:na]
	at org.hibernate.collection.spi.PersistentSet.toString(PersistentSet.java:298) ~[hibernate-core-6.6.15.Final.jar:6.6.15.Final]
	at java.base/java.lang.String.valueOf(String.java:4454) ~[na:na]
	at br.com.fiap.javaadv.blog.backend.domainmodel.entities.TipoSolo.toString(TipoSolo.java:16) ~[classes/:na]
	at java.base/java.lang.String.valueOf(String.java:4454) ~[na:na]
	at br.com.fiap.javaadv.blog.backend.domainmodel.entities.EnderecoPlantio.toString(EnderecoPlantio.java:16) ~[classes/:na]
	at java.base/java.lang.String.valueOf(String.java:4454) ~[na:na]
	at java.base/java.lang.StringBuilder.append(StringBuilder.java:173) ~[na:na]
	at java.base/java.util.AbstractCollection.toString(AbstractCollection.java:459) ~[na:na]
	at org.hibernate.collection.spi.PersistentSet.toString(PersistentSet.java:298) ~[hibernate-core-6.6.15.Final.jar:6.6.15.Final]
	at java.base/java.lang.String.valueOf(String.java:4454) ~[na:na]
	at br.com.fiap.javaadv.blog.backend.domainmodel.entities.TipoSolo.toString(TipoSolo.java:16) ~[classes/:na]
	at java.base/java.lang.String.valueOf(String.java:4454) ~[na:na]
	at br.com.fiap.javaadv.blog.backend.domainmodel.entities.EnderecoPlantio.toString(EnderecoPlantio.java:16) ~[classes/:na]
	at java.base/java.lang.String.valueOf(String.java:4454) ~[na:na]
	at java.base/java.lang.StringBuilder.append(StringBuilder.java:173) ~[na:na]
	at java.base/java.util.AbstractCollection.toString(AbstractCollection.java:459) ~[na:na]
	at org.hibernate.collection.spi.PersistentSet.toString(PersistentSet.java:298) ~[hibernate-core-6.6.15.Final.jar:6.6.15.Final]
	at java.base/java.lang.String.valueOf(String.java:4454) ~[na:na]
	at br.com.fiap.javaadv.blog.backend.domainmodel.entities.TipoSolo.toString(TipoSolo.java:16) ~[classes/:na]
	at java.base/java.lang.String.valueOf(String.java:4454) ~[na:na]
	at br.com.fiap.javaadv.blog.backend.domainmodel.entities.EnderecoPlantio.toString(EnderecoPlantio.java:16) ~[classes/:na]
	at java.base/java.lang.String.valueOf(String.java:4454) ~[na:na]
	at java.base/java.lang.StringBuilder.append(StringBuilder.java:173) ~[na:na]
	at java.base/java.util.AbstractCollection.toString(AbstractCollection.java:459) ~[na:na]
	at org.hibernate.collection.spi.PersistentSet.toString(PersistentSet.java:298) ~[hibernate-core-6.6.15.Final.jar:6.6.15.Final]
	at java.base/java.lang.String.valueOf(String.java:4454) ~[na:na]
	at br.com.fiap.javaadv.blog.backend.domainmodel.entities.TipoSolo.toString(TipoSolo.java:16) ~[classes/:na]
	at java.base/java.lang.String.valueOf(String.java:4454) ~[na:na]
	at br.com.fiap.javaadv.blog.backend.domainmodel.entities.EnderecoPlantio.toString(EnderecoPlantio.java:16) ~[classes/:na]
	at java.base/java.lang.String.valueOf(String.java:4454) ~[na:na]
	at java.base/java.lang.StringBuilder.append(StringBuilder.java:173) ~[na:na]
	at java.base/java.util.AbstractCollection.toString(AbstractCollection.java:459) ~[na:na]
	at org.hibernate.collection.spi.PersistentSet.toString(PersistentSet.java:298) ~[hibernate-core-6.6.15.Final.jar:6.6.15.Final]
	at java.base/java.lang.String.valueOf(String.java:4454) ~[na:na]
	at br.com.fiap.javaadv.blog.backend.domainmodel.entities.TipoSolo.toString(TipoSolo.java:16) ~[classes/:na]
	at java.base/java.lang.String.valueOf(String.java:4454) ~[na:na]
	at br.com.fiap.javaadv.blog.backend.domainmodel.entities.EnderecoPlantio.toString(EnderecoPlantio.java:16) ~[classes/:na]
	at java.base/java.lang.String.valueOf(String.java:4454) ~[na:na]
	at java.base/java.lang.StringBuilder.append(StringBuilder.java:173) ~[na:na]
	at java.base/java.util.AbstractCollection.toString(AbstractCollection.java:459) ~[na:na]
	at org.hibernate.collection.spi.PersistentSet.toString(PersistentSet.java:298) ~[hibernate-core-6.6.15.Final.jar:6.6.15.Final]
	at java.base/java.lang.String.valueOf(String.java:4454) ~[na:na]
	at br.com.fiap.javaadv.blog.backend.domainmodel.entities.TipoSolo.toString(TipoSolo.java:16) ~[classes/:na]
	at java.base/java.lang.String.valueOf(String.java:4454) ~[na:na]
	at br.com.fiap.javaadv.blog.backend.domainmodel.entities.EnderecoPlantio.toString(EnderecoPlantio.java:16) ~[classes/:na]
	at java.base/java.lang.String.valueOf(String.java:4454) ~[na:na]
	at java.base/java.lang.StringBuilder.append(StringBuilder.java:173) ~[na:na]
	at java.base/java.util.AbstractCollection.toString(AbstractCollection.java:459) ~[na:na]
	at org.hibernate.collection.spi.PersistentSet.toString(PersistentSet.java:298) ~[hibernate-core-6.6.15.Final.jar:6.6.15.Final]
	at java.base/java.lang.String.valueOf(String.java:4454) ~[na:na]
	at br.com.fiap.javaadv.blog.backend.domainmodel.entities.TipoSolo.toString(TipoSolo.java:16) ~[classes/:na]
	at java.base/java.lang.String.valueOf(String.java:4454) ~[na:na]
	at br.com.fiap.javaadv.blog.backend.domainmodel.entities.EnderecoPlantio.toString(EnderecoPlantio.java:16) ~[classes/:na]
	at java.base/java.lang.String.valueOf(String.java:4454) ~[na:na]
	at java.base/java.lang.StringBuilder.append(StringBuilder.java:173) ~[na:na]
	at java.base/java.util.AbstractCollection.toString(AbstractCollection.java:459) ~[na:na]
	at org.hibernate.collection.spi.PersistentSet.toString(PersistentSet.java:298) ~[hibernate-core-6.6.15.Final.jar:6.6.15.Final]
	at java.base/java.lang.String.valueOf(String.java:4454) ~[na:na]
	at br.com.fiap.javaadv.blog.backend.domainmodel.entities.TipoSolo.toString(TipoSolo.java:16) ~[classes/:na]
	at java.base/java.lang.String.valueOf(String.java:4454) ~[na:na]
	at br.com.fiap.javaadv.blog.backend.domainmodel.entities.EnderecoPlantio.toString(EnderecoPlantio.java:16) ~[classes/:na]
	at java.base/java.lang.String.valueOf(String.java:4454) ~[na:na]
	at java.base/java.lang.StringBuilder.append(StringBuilder.java:173) ~[na:na]
	at java.base/java.util.AbstractCollection.toString(AbstractCollection.java:459) ~[na:na]
	at org.hibernate.collection.spi.PersistentSet.toString(PersistentSet.java:298) ~[hibernate-core-6.6.15.Final.jar:6.6.15.Final]
	at java.base/java.lang.String.valueOf(String.java:4454) ~[na:na]
	at br.com.fiap.javaadv.blog.backend.domainmodel.entities.TipoSolo.toString(TipoSolo.java:16) ~[classes/:na]
	at java.base/java.lang.String.valueOf(String.java:4454) ~[na:na]
	at br.com.fiap.javaadv.blog.backend.domainmodel.entities.EnderecoPlantio.toString(EnderecoPlantio.java:16) ~[classes/:na]
	at java.base/java.lang.String.valueOf(String.java:4454) ~[na:na]
	at java.base/java.lang.StringBuilder.append(StringBuilder.java:173) ~[na:na]
	at java.base/java.util.AbstractCollection.toString(AbstractCollection.java:459) ~[na:na]
	at org.hibernate.collection.spi.PersistentSet.toString(PersistentSet.java:298) ~[hibernate-core-6.6.15.Final.jar:6.6.15.Final]
	at java.base/java.lang.String.valueOf(String.java:4454) ~[na:na]
	at br.com.fiap.javaadv.blog.backend.domainmodel.entities.TipoSolo.toString(TipoSolo.java:16) ~[classes/:na]
	at java.base/java.lang.String.valueOf(String.java:4454) ~[na:na]
	at br.com.fiap.javaadv.blog.backend.domainmodel.entities.EnderecoPlantio.toString(EnderecoPlantio.java:16) ~[classes/:na]
	at java.base/java.lang.String.valueOf(String.java:4454) ~[na:na]
	at java.base/java.lang.StringBuilder.append(StringBuilder.java:173) ~[na:na]
	at java.base/java.util.AbstractCollection.toString(AbstractCollection.java:459) ~[na:na]
	at org.hibernate.collection.spi.PersistentSet.toString(PersistentSet.java:298) ~[hibernate-core-6.6.15.Final.jar:6.6.15.Final]
	at java.base/java.lang.String.valueOf(String.java:4454) ~[na:na]
	at br.com.fiap.javaadv.blog.backend.domainmodel.entities.TipoSolo.toString(TipoSolo.java:16) ~[classes/:na]
	at java.base/java.lang.String.valueOf(String.java:4454) ~[na:na]
	at br.com.fiap.javaadv.blog.backend.domainmodel.entities.EnderecoPlantio.toString(EnderecoPlantio.java:16) ~[classes/:na]
	at java.base/java.lang.String.valueOf(String.java:4454) ~[na:na]
	at java.base/java.lang.StringBuilder.append(StringBuilder.java:173) ~[na:na]
	at java.base/java.util.AbstractCollection.toString(AbstractCollection.java:459) ~[na:na]
	at org.hibernate.collection.spi.PersistentSet.toString(PersistentSet.java:298) ~[hibernate-core-6.6.15.Final.jar:6.6.15.Final]
	at java.base/java.lang.String.valueOf(String.java:4454) ~[na:na]
	at br.com.fiap.javaadv.blog.backend.domainmodel.entities.TipoSolo.toString(TipoSolo.java:16) ~[classes/:na]
	at java.base/java.lang.String.valueOf(String.java:4454) ~[na:na]
	at br.com.fiap.javaadv.blog.backend.domainmodel.entities.EnderecoPlantio.toString(EnderecoPlantio.java:16) ~[classes/:na]
	at java.base/java.lang.String.valueOf(String.java:4454) ~[na:na]
	at java.base/java.lang.StringBuilder.append(StringBuilder.java:173) ~[na:na]
	at java.base/java.util.AbstractCollection.toString(AbstractCollection.java:459) ~[na:na]
	at org.hibernate.collection.spi.PersistentSet.toString(PersistentSet.java:298) ~[hibernate-core-6.6.15.Final.jar:6.6.15.Final]
	at java.base/java.lang.String.valueOf(String.java:4454) ~[na:na]
	at br.com.fiap.javaadv.blog.backend.domainmodel.entities.TipoSolo.toString(TipoSolo.java:16) ~[classes/:na]
	at java.base/java.lang.String.valueOf(String.java:4454) ~[na:na]
	at br.com.fiap.javaadv.blog.backend.domainmodel.entities.EnderecoPlantio.toString(EnderecoPlantio.java:16) ~[classes/:na]
	at java.base/java.lang.String.valueOf(String.java:4454) ~[na:na]
	at java.base/java.lang.StringBuilder.append(StringBuilder.java:173) ~[na:na]
	at java.base/java.util.AbstractCollection.toString(AbstractCollection.java:459) ~[na:na]
	at org.hibernate.collection.spi.PersistentSet.toString(PersistentSet.java:298) ~[hibernate-core-6.6.15.Final.jar:6.6.15.Final]
	at java.base/java.lang.String.valueOf(String.java:4454) ~[na:na]
	at br.com.fiap.javaadv.blog.backend.domainmodel.entities.TipoSolo.toString(TipoSolo.java:16) ~[classes/:na]
	at java.base/java.lang.String.valueOf(String.java:4454) ~[na:na]
	at br.com.fiap.javaadv.blog.backend.domainmodel.entities.EnderecoPlantio.toString(EnderecoPlantio.java:16) ~[classes/:na]
	at java.base/java.lang.String.valueOf(String.java:4454) ~[na:na]
	at java.base/java.lang.StringBuilder.append(StringBuilder.java:173) ~[na:na]
	at java.base/java.util.AbstractCollection.toString(AbstractCollection.java:459) ~[na:na]
	at org.hibernate.collection.spi.PersistentSet.toString(PersistentSet.java:298) ~[hibernate-core-6.6.15.Final.jar:6.6.15.Final]
	at java.base/java.lang.String.valueOf(String.java:4454) ~[na:na]
	at br.com.fiap.javaadv.blog.backend.domainmodel.entities.TipoSolo.toString(TipoSolo.java:16) ~[classes/:na]
	at java.base/java.lang.String.valueOf(String.java:4454) ~[na:na]
	at br.com.fiap.javaadv.blog.backend.domainmodel.entities.EnderecoPlantio.toString(EnderecoPlantio.java:16) ~[classes/:na]
	at java.base/java.lang.String.valueOf(String.java:4454) ~[na:na]
	at java.base/java.lang.StringBuilder.append(StringBuilder.java:173) ~[na:na]
	at java.base/java.util.AbstractCollection.toString(AbstractCollection.java:459) ~[na:na]
	at org.hibernate.collection.spi.PersistentSet.toString(PersistentSet.java:298) ~[hibernate-core-6.6.15.Final.jar:6.6.15.Final]
	at java.base/java.lang.String.valueOf(String.java:4454) ~[na:na]
	at br.com.fiap.javaadv.blog.backend.domainmodel.entities.TipoSolo.toString(TipoSolo.java:16) ~[classes/:na]
	at java.base/java.lang.String.valueOf(String.java:4454) ~[na:na]
	at br.com.fiap.javaadv.blog.backend.domainmodel.entities.EnderecoPlantio.toString(EnderecoPlantio.java:16) ~[classes/:na]
	at java.base/java.lang.String.valueOf(String.java:4454) ~[na:na]
	at java.base/java.lang.StringBuilder.append(StringBuilder.java:173) ~[na:na]
	at java.base/java.util.AbstractCollection.toString(AbstractCollection.java:459) ~[na:na]
	at org.hibernate.collection.spi.PersistentSet.toString(PersistentSet.java:298) ~[hibernate-core-6.6.15.Final.jar:6.6.15.Final]
	at java.base/java.lang.String.valueOf(String.java:4454) ~[na:na]
	at br.com.fiap.javaadv.blog.backend.domainmodel.entities.TipoSolo.toString(TipoSolo.java:16) ~[classes/:na]
	at java.base/java.lang.String.valueOf(String.java:4454) ~[na:na]
	at br.com.fiap.javaadv.blog.backend.domainmodel.entities.EnderecoPlantio.toString(EnderecoPlantio.java:16) ~[classes/:na]
	at java.base/java.lang.String.valueOf(String.java:4454) ~[na:na]
	at java.base/java.lang.StringBuilder.append(StringBuilder.java:173) ~[na:na]
	at java.base/java.util.AbstractCollection.toString(AbstractCollection.java:459) ~[na:na]
	at org.hibernate.collection.spi.PersistentSet.toString(PersistentSet.java:298) ~[hibernate-core-6.6.15.Final.jar:6.6.15.Final]
	at java.base/java.lang.String.valueOf(String.java:4454) ~[na:na]
	at br.com.fiap.javaadv.blog.backend.domainmodel.entities.TipoSolo.toString(TipoSolo.java:16) ~[classes/:na]
	at java.base/java.lang.String.valueOf(String.java:4454) ~[na:na]
	at br.com.fiap.javaadv.blog.backend.domainmodel.entities.EnderecoPlantio.toString(EnderecoPlantio.java:16) ~[classes/:na]
	at java.base/java.lang.String.valueOf(String.java:4454) ~[na:na]
	at java.base/java.lang.StringBuilder.append(StringBuilder.java:173) ~[na:na]
	at java.base/java.util.AbstractCollection.toString(AbstractCollection.java:459) ~[na:na]
	at org.hibernate.collection.spi.PersistentSet.toString(PersistentSet.java:298) ~[hibernate-core-6.6.15.Final.jar:6.6.15.Final]
	at java.base/java.lang.String.valueOf(String.java:4454) ~[na:na]
	at br.com.fiap.javaadv.blog.backend.domainmodel.entities.TipoSolo.toString(TipoSolo.java:16) ~[classes/:na]
	at java.base/java.lang.String.valueOf(String.java:4454) ~[na:na]
	at br.com.fiap.javaadv.blog.backend.domainmodel.entities.EnderecoPlantio.toString(EnderecoPlantio.java:16) ~[classes/:na]
	at java.base/java.lang.String.valueOf(String.java:4454) ~[na:na]
	at java.base/java.lang.StringBuilder.append(StringBuilder.java:173) ~[na:na]
	at java.base/java.util.AbstractCollection.toString(AbstractCollection.java:459) ~[na:na]
	at org.hibernate.collection.spi.PersistentSet.toString(PersistentSet.java:298) ~[hibernate-core-6.6.15.Final.jar:6.6.15.Final]
	at java.base/java.lang.String.valueOf(String.java:4454) ~[na:na]
	at br.com.fiap.javaadv.blog.backend.domainmodel.entities.TipoSolo.toString(TipoSolo.java:16) ~[classes/:na]
	at java.base/java.lang.String.valueOf(String.java:4454) ~[na:na]
	at br.com.fiap.javaadv.blog.backend.domainmodel.entities.EnderecoPlantio.toString(EnderecoPlantio.java:16) ~[classes/:na]
	at java.base/java.lang.String.valueOf(String.java:4454) ~[na:na]
	at java.base/java.lang.StringBuilder.append(StringBuilder.java:173) ~[na:na]
	at java.base/java.util.AbstractCollection.toString(AbstractCollection.java:459) ~[na:na]
	at org.hibernate.collection.spi.PersistentSet.toString(PersistentSet.java:298) ~[hibernate-core-6.6.15.Final.jar:6.6.15.Final]
	at java.base/java.lang.String.valueOf(String.java:4454) ~[na:na]
	at br.com.fiap.javaadv.blog.backend.domainmodel.entities.TipoSolo.toString(TipoSolo.java:16) ~[classes/:na]
	at java.base/java.lang.String.valueOf(String.java:4454) ~[na:na]
	at br.com.fiap.javaadv.blog.backend.domainmodel.entities.EnderecoPlantio.toString(EnderecoPlantio.java:16) ~[classes/:na]
	at java.base/java.lang.String.valueOf(String.java:4454) ~[na:na]
	at java.base/java.lang.StringBuilder.append(StringBuilder.java:173) ~[na:na]
	at java.base/java.util.AbstractCollection.toString(AbstractCollection.java:459) ~[na:na]
	at org.hibernate.collection.spi.PersistentSet.toString(PersistentSet.java:298) ~[hibernate-core-6.6.15.Final.jar:6.6.15.Final]
	at java.base/java.lang.String.valueOf(String.java:4454) ~[na:na]
	at br.com.fiap.javaadv.blog.backend.domainmodel.entities.TipoSolo.toString(TipoSolo.java:16) ~[classes/:na]
	at java.base/java.lang.String.valueOf(String.java:4454) ~[na:na]
	at br.com.fiap.javaadv.blog.backend.domainmodel.entities.EnderecoPlantio.toString(EnderecoPlantio.java:16) ~[classes/:na]
	at java.base/java.lang.String.valueOf(String.java:4454) ~[na:na]
	at java.base/java.lang.StringBuilder.append(StringBuilder.java:173) ~[na:na]
	at java.base/java.util.AbstractCollection.toString(AbstractCollection.java:459) ~[na:na]
	at org.hibernate.collection.spi.PersistentSet.toString(PersistentSet.java:298) ~[hibernate-core-6.6.15.Final.jar:6.6.15.Final]
	at java.base/java.lang.String.valueOf(String.java:4454) ~[na:na]
	at br.com.fiap.javaadv.blog.backend.domainmodel.entities.TipoSolo.toString(TipoSolo.java:16) ~[classes/:na]
	at java.base/java.lang.String.valueOf(String.java:4454) ~[na:na]
	at br.com.fiap.javaadv.blog.backend.domainmodel.entities.EnderecoPlantio.toString(EnderecoPlantio.java:16) ~[classes/:na]
	at java.base/java.lang.String.valueOf(String.java:4454) ~[na:na]
	at java.base/java.lang.StringBuilder.append(StringBuilder.java:173) ~[na:na]
	at java.base/java.util.AbstractCollection.toString(AbstractCollection.java:459) ~[na:na]
	at org.hibernate.collection.spi.PersistentSet.toString(PersistentSet.java:298) ~[hibernate-core-6.6.15.Final.jar:6.6.15.Final]
	at java.base/java.lang.String.valueOf(String.java:4454) ~[na:na]
	at br.com.fiap.javaadv.blog.backend.domainmodel.entities.TipoSolo.toString(TipoSolo.java:16) ~[classes/:na]
	at java.base/java.lang.String.valueOf(String.java:4454) ~[na:na]
	at br.com.fiap.javaadv.blog.backend.domainmodel.entities.EnderecoPlantio.toString(EnderecoPlantio.java:16) ~[classes/:na]
	at java.base/java.lang.String.valueOf(String.java:4454) ~[na:na]
	at java.base/java.lang.StringBuilder.append(StringBuilder.java:173) ~[na:na]
	at java.base/java.util.AbstractCollection.toString(AbstractCollection.java:459) ~[na:na]
	at org.hibernate.collection.spi.PersistentSet.toString(PersistentSet.java:298) ~[hibernate-core-6.6.15.Final.jar:6.6.15.Final]
	at java.base/java.lang.String.valueOf(String.java:4454) ~[na:na]
	at br.com.fiap.javaadv.blog.backend.domainmodel.entities.TipoSolo.toString(TipoSolo.java:16) ~[classes/:na]
	at java.base/java.lang.String.valueOf(String.java:4454) ~[na:na]
	at br.com.fiap.javaadv.blog.backend.domainmodel.entities.EnderecoPlantio.toString(EnderecoPlantio.java:16) ~[classes/:na]
	at java.base/java.lang.String.valueOf(String.java:4454) ~[na:na]
	at java.base/java.lang.StringBuilder.append(StringBuilder.java:173) ~[na:na]
	at java.base/java.util.AbstractCollection.toString(AbstractCollection.java:459) ~[na:na]
	at org.hibernate.collection.spi.PersistentSet.toString(PersistentSet.java:298) ~[hibernate-core-6.6.15.Final.jar:6.6.15.Final]
	at java.base/java.lang.String.valueOf(String.java:4454) ~[na:na]
	at br.com.fiap.javaadv.blog.backend.domainmodel.entities.TipoSolo.toString(TipoSolo.java:16) ~[classes/:na]
	at java.base/java.lang.String.valueOf(String.java:4454) ~[na:na]
	at br.com.fiap.javaadv.blog.backend.domainmodel.entities.EnderecoPlantio.toString(EnderecoPlantio.java:16) ~[classes/:na]
	at java.base/java.lang.String.valueOf(String.java:4454) ~[na:na]
	at java.base/java.lang.StringBuilder.append(StringBuilder.java:173) ~[na:na]
	at java.base/java.util.AbstractCollection.toString(AbstractCollection.java:459) ~[na:na]
	at org.hibernate.collection.spi.PersistentSet.toString(PersistentSet.java:298) ~[hibernate-core-6.6.15.Final.jar:6.6.15.Final]
	at java.base/java.lang.String.valueOf(String.java:4454) ~[na:na]
	at br.com.fiap.javaadv.blog.backend.domainmodel.entities.TipoSolo.toString(TipoSolo.java:16) ~[classes/:na]
	at java.base/java.lang.String.valueOf(String.java:4454) ~[na:na]
	at br.com.fiap.javaadv.blog.backend.domainmodel.entities.EnderecoPlantio.toString(EnderecoPlantio.java:16) ~[classes/:na]
	at java.base/java.lang.String.valueOf(String.java:4454) ~[na:na]
	at java.base/java.lang.StringBuilder.append(StringBuilder.java:173) ~[na:na]
	at java.base/java.util.AbstractCollection.toString(AbstractCollection.java:459) ~[na:na]
	at org.hibernate.collection.spi.PersistentSet.toString(PersistentSet.java:298) ~[hibernate-core-6.6.15.Final.jar:6.6.15.Final]
	at java.base/java.lang.String.valueOf(String.java:4454) ~[na:na]
	at br.com.fiap.javaadv.blog.backend.domainmodel.entities.TipoSolo.toString(TipoSolo.java:16) ~[classes/:na]
	at java.base/java.lang.String.valueOf(String.java:4454) ~[na:na]
	at br.com.fiap.javaadv.blog.backend.domainmodel.entities.EnderecoPlantio.toString(EnderecoPlantio.java:16) ~[classes/:na]
	at java.base/java.lang.String.valueOf(String.java:4454) ~[na:na]
	at java.base/java.lang.StringBuilder.append(StringBuilder.java:173) ~[na:na]
	at java.base/java.util.AbstractCollection.toString(AbstractCollection.java:459) ~[na:na]
	at org.hibernate.collection.spi.PersistentSet.toString(PersistentSet.java:298) ~[hibernate-core-6.6.15.Final.jar:6.6.15.Final]
	at java.base/java.lang.String.valueOf(String.java:4454) ~[na:na]
	at br.com.fiap.javaadv.blog.backend.domainmodel.entities.TipoSolo.toString(TipoSolo.java:16) ~[classes/:na]
	at java.base/java.lang.String.valueOf(String.java:4454) ~[na:na]
	at br.com.fiap.javaadv.blog.backend.domainmodel.entities.EnderecoPlantio.toString(EnderecoPlantio.java:16) ~[classes/:na]
	at java.base/java.lang.String.valueOf(String.java:4454) ~[na:na]
	at java.base/java.lang.StringBuilder.append(StringBuilder.java:173) ~[na:na]
	at java.base/java.util.AbstractCollection.toString(AbstractCollection.java:459) ~[na:na]
	at org.hibernate.collection.spi.PersistentSet.toString(PersistentSet.java:298) ~[hibernate-core-6.6.15.Final.jar:6.6.15.Final]
	at java.base/java.lang.String.valueOf(String.java:4454) ~[na:na]
	at br.com.fiap.javaadv.blog.backend.domainmodel.entities.TipoSolo.toString(TipoSolo.java:16) ~[classes/:na]
	at java.base/java.lang.String.valueOf(String.java:4454) ~[na:na]
	at br.com.fiap.javaadv.blog.backend.domainmodel.entities.EnderecoPlantio.toString(EnderecoPlantio.java:16) ~[classes/:na]
	at java.base/java.lang.String.valueOf(String.java:4454) ~[na:na]
	at java.base/java.lang.StringBuilder.append(StringBuilder.java:173) ~[na:na]
	at java.base/java.util.AbstractCollection.toString(AbstractCollection.java:459) ~[na:na]
	at org.hibernate.collection.spi.PersistentSet.toString(PersistentSet.java:298) ~[hibernate-core-6.6.15.Final.jar:6.6.15.Final]
	at java.base/java.lang.String.valueOf(String.java:4454) ~[na:na]
	at br.com.fiap.javaadv.blog.backend.domainmodel.entities.TipoSolo.toString(TipoSolo.java:16) ~[classes/:na]
	at java.base/java.lang.String.valueOf(String.java:4454) ~[na:na]
	at br.com.fiap.javaadv.blog.backend.domainmodel.entities.EnderecoPlantio.toString(EnderecoPlantio.java:16) ~[classes/:na]
	at java.base/java.lang.String.valueOf(String.java:4454) ~[na:na]
	at java.base/java.lang.StringBuilder.append(StringBuilder.java:173) ~[na:na]
	at java.base/java.util.AbstractCollection.toString(AbstractCollection.java:459) ~[na:na]
	at org.hibernate.collection.spi.PersistentSet.toString(PersistentSet.java:298) ~[hibernate-core-6.6.15.Final.jar:6.6.15.Final]
	at java.base/java.lang.String.valueOf(String.java:4454) ~[na:na]
	at br.com.fiap.javaadv.blog.backend.domainmodel.entities.TipoSolo.toString(TipoSolo.java:16) ~[classes/:na]
	at java.base/java.lang.String.valueOf(String.java:4454) ~[na:na]
	at br.com.fiap.javaadv.blog.backend.domainmodel.entities.EnderecoPlantio.toString(EnderecoPlantio.java:16) ~[classes/:na]
	at java.base/java.lang.String.valueOf(String.java:4454) ~[na:na]
	at java.base/java.lang.StringBuilder.append(StringBuilder.java:173) ~[na:na]
	at java.base/java.util.AbstractCollection.toString(AbstractCollection.java:459) ~[na:na]
	at org.hibernate.collection.spi.PersistentSet.toString(PersistentSet.java:298) ~[hibernate-core-6.6.15.Final.jar:6.6.15.Final]
	at java.base/java.lang.String.valueOf(String.java:4454) ~[na:na]
	at br.com.fiap.javaadv.blog.backend.domainmodel.entities.TipoSolo.toString(TipoSolo.java:16) ~[classes/:na]
	at java.base/java.lang.String.valueOf(String.java:4454) ~[na:na]
	at br.com.fiap.javaadv.blog.backend.domainmodel.entities.EnderecoPlantio.toString(EnderecoPlantio.java:16) ~[classes/:na]
	at java.base/java.lang.String.valueOf(String.java:4454) ~[na:na]
	at java.base/java.lang.StringBuilder.append(StringBuilder.java:173) ~[na:na]
	at java.base/java.util.AbstractCollection.toString(AbstractCollection.java:459) ~[na:na]
	at org.hibernate.collection.spi.PersistentSet.toString(PersistentSet.java:298) ~[hibernate-core-6.6.15.Final.jar:6.6.15.Final]
	at java.base/java.lang.String.valueOf(String.java:4454) ~[na:na]
	at br.com.fiap.javaadv.blog.backend.domainmodel.entities.TipoSolo.toString(TipoSolo.java:16) ~[classes/:na]
	at java.base/java.lang.String.valueOf(String.java:4454) ~[na:na]
	at br.com.fiap.javaadv.blog.backend.domainmodel.entities.EnderecoPlantio.toString(EnderecoPlantio.java:16) ~[classes/:na]
	at java.base/java.lang.String.valueOf(String.java:4454) ~[na:na]
	at java.base/java.lang.StringBuilder.append(StringBuilder.java:173) ~[na:na]
	at java.base/java.util.AbstractCollection.toString(AbstractCollection.java:459) ~[na:na]
	at org.hibernate.collection.spi.PersistentSet.toString(PersistentSet.java:298) ~[hibernate-core-6.6.15.Final.jar:6.6.15.Final]
	at java.base/java.lang.String.valueOf(String.java:4454) ~[na:na]
	at br.com.fiap.javaadv.blog.backend.domainmodel.entities.TipoSolo.toString(TipoSolo.java:16) ~[classes/:na]
	at java.base/java.lang.String.valueOf(String.java:4454) ~[na:na]
	at br.com.fiap.javaadv.blog.backend.domainmodel.entities.EnderecoPlantio.toString(EnderecoPlantio.java:16) ~[classes/:na]
	at java.base/java.lang.String.valueOf(String.java:4454) ~[na:na]
	at java.base/java.lang.StringBuilder.append(StringBuilder.java:173) ~[na:na]
	at java.base/java.util.AbstractCollection.toString(AbstractCollection.java:459) ~[na:na]
	at org.hibernate.collection.spi.PersistentSet.toString(PersistentSet.java:298) ~[hibernate-core-6.6.15.Final.jar:6.6.15.Final]
	at java.base/java.lang.String.valueOf(String.java:4454) ~[na:na]
	at br.com.fiap.javaadv.blog.backend.domainmodel.entities.TipoSolo.toString(TipoSolo.java:16) ~[classes/:na]
	at java.base/java.lang.String.valueOf(String.java:4454) ~[na:na]
	at br.com.fiap.javaadv.blog.backend.domainmodel.entities.EnderecoPlantio.toString(EnderecoPlantio.java:16) ~[classes/:na]
	at java.base/java.lang.String.valueOf(String.java:4454) ~[na:na]
	at java.base/java.lang.StringBuilder.append(StringBuilder.java:173) ~[na:na]
	at java.base/java.util.AbstractCollection.toString(AbstractCollection.java:459) ~[na:na]
	at org.hibernate.collection.spi.PersistentSet.toString(PersistentSet.java:298) ~[hibernate-core-6.6.15.Final.jar:6.6.15.Final]
	at java.base/java.lang.String.valueOf(String.java:4454) ~[na:na]
	at br.com.fiap.javaadv.blog.backend.domainmodel.entities.TipoSolo.toString(TipoSolo.java:16) ~[classes/:na]
	at java.base/java.lang.String.valueOf(String.java:4454) ~[na:na]
	at br.com.fiap.javaadv.blog.backend.domainmodel.entities.EnderecoPlantio.toString(EnderecoPlantio.java:16) ~[classes/:na]
	at java.base/java.lang.String.valueOf(String.java:4454) ~[na:na]
	at java.base/java.lang.StringBuilder.append(StringBuilder.java:173) ~[na:na]
	at java.base/java.util.AbstractCollection.toString(AbstractCollection.java:459) ~[na:na]
	at org.hibernate.collection.spi.PersistentSet.toString(PersistentSet.java:298) ~[hibernate-core-6.6.15.Final.jar:6.6.15.Final]
	at java.base/java.lang.String.valueOf(String.java:4454) ~[na:na]
	at br.com.fiap.javaadv.blog.backend.domainmodel.entities.TipoSolo.toString(TipoSolo.java:16) ~[classes/:na]
	at java.base/java.lang.String.valueOf(String.java:4454) ~[na:na]
	at br.com.fiap.javaadv.blog.backend.domainmodel.entities.EnderecoPlantio.toString(EnderecoPlantio.java:16) ~[classes/:na]
	at java.base/java.lang.String.valueOf(String.java:4454) ~[na:na]
	at java.base/java.lang.StringBuilder.append(StringBuilder.java:173) ~[na:na]
	at java.base/java.util.AbstractCollection.toString(AbstractCollection.java:459) ~[na:na]
	at org.hibernate.collection.spi.PersistentSet.toString(PersistentSet.java:298) ~[hibernate-core-6.6.15.Final.jar:6.6.15.Final]
	at java.base/java.lang.String.valueOf(String.java:4454) ~[na:na]
	at br.com.fiap.javaadv.blog.backend.domainmodel.entities.TipoSolo.toString(TipoSolo.java:16) ~[classes/:na]
	at java.base/java.lang.String.valueOf(String.java:4454) ~[na:na]
	at br.com.fiap.javaadv.blog.backend.domainmodel.entities.EnderecoPlantio.toString(EnderecoPlantio.java:16) ~[classes/:na]
	at java.base/java.lang.String.valueOf(String.java:4454) ~[na:na]
	at java.base/java.lang.StringBuilder.append(StringBuilder.java:173) ~[na:na]
	at java.base/java.util.AbstractCollection.toString(AbstractCollection.java:459) ~[na:na]
	at org.hibernate.collection.spi.PersistentSet.toString(PersistentSet.java:298) ~[hibernate-core-6.6.15.Final.jar:6.6.15.Final]
	at java.base/java.lang.String.valueOf(String.java:4454) ~[na:na]
	at br.com.fiap.javaadv.blog.backend.domainmodel.entities.TipoSolo.toString(TipoSolo.java:16) ~[classes/:na]
	at java.base/java.lang.String.valueOf(String.java:4454) ~[na:na]
	at br.com.fiap.javaadv.blog.backend.domainmodel.entities.EnderecoPlantio.toString(EnderecoPlantio.java:16) ~[classes/:na]
	at java.base/java.lang.String.valueOf(String.java:4454) ~[na:na]
	at java.base/java.lang.StringBuilder.append(StringBuilder.java:173) ~[na:na]
	at java.base/java.util.AbstractCollection.toString(AbstractCollection.java:459) ~[na:na]
	at org.hibernate.collection.spi.PersistentSet.toString(PersistentSet.java:298) ~[hibernate-core-6.6.15.Final.jar:6.6.15.Final]
	at java.base/java.lang.String.valueOf(String.java:4454) ~[na:na]
	at br.com.fiap.javaadv.blog.backend.domainmodel.entities.TipoSolo.toString(TipoSolo.java:16) ~[classes/:na]
	at java.base/java.lang.String.valueOf(String.java:4454) ~[na:na]
	at br.com.fiap.javaadv.blog.backend.domainmodel.entities.EnderecoPlantio.toString(EnderecoPlantio.java:16) ~[classes/:na]
	at java.base/java.lang.String.valueOf(String.java:4454) ~[na:na]
	at java.base/java.lang.StringBuilder.append(StringBuilder.java:173) ~[na:na]
	at java.base/java.util.AbstractCollection.toString(AbstractCollection.java:459) ~[na:na]
	at org.hibernate.collection.spi.PersistentSet.toString(PersistentSet.java:298) ~[hibernate-core-6.6.15.Final.jar:6.6.15.Final]
	at java.base/java.lang.String.valueOf(String.java:4454) ~[na:na]
	at br.com.fiap.javaadv.blog.backend.domainmodel.entities.TipoSolo.toString(TipoSolo.java:16) ~[classes/:na]
	at java.base/java.lang.String.valueOf(String.java:4454) ~[na:na]
	at br.com.fiap.javaadv.blog.backend.domainmodel.entities.EnderecoPlantio.toString(EnderecoPlantio.java:16) ~[classes/:na]
	at java.base/java.lang.String.valueOf(String.java:4454) ~[na:na]
	at java.base/java.lang.StringBuilder.append(StringBuilder.java:173) ~[na:na]
	at java.base/java.util.AbstractCollection.toString(AbstractCollection.java:459) ~[na:na]
	at org.hibernate.collection.spi.PersistentSet.toString(PersistentSet.java:298) ~[hibernate-core-6.6.15.Final.jar:6.6.15.Final]
	at java.base/java.lang.String.valueOf(String.java:4454) ~[na:na]
	at br.com.fiap.javaadv.blog.backend.domainmodel.entities.TipoSolo.toString(TipoSolo.java:16) ~[classes/:na]
	at java.base/java.lang.String.valueOf(String.java:4454) ~[na:na]
	at br.com.fiap.javaadv.blog.backend.domainmodel.entities.EnderecoPlantio.toString(EnderecoPlantio.java:16) ~[classes/:na]
	at java.base/java.lang.String.valueOf(String.java:4454) ~[na:na]
	at java.base/java.lang.StringBuilder.append(StringBuilder.java:173) ~[na:na]
	at java.base/java.util.AbstractCollection.toString(AbstractCollection.java:459) ~[na:na]
	at org.hibernate.collection.spi.PersistentSet.toString(PersistentSet.java:298) ~[hibernate-core-6.6.15.Final.jar:6.6.15.Final]
	at java.base/java.lang.String.valueOf(String.java:4454) ~[na:na]
	at br.com.fiap.javaadv.blog.backend.domainmodel.entities.TipoSolo.toString(TipoSolo.java:16) ~[classes/:na]
	at java.base/java.lang.String.valueOf(String.java:4454) ~[na:na]
	at br.com.fiap.javaadv.blog.backend.domainmodel.entities.EnderecoPlantio.toString(EnderecoPlantio.java:16) ~[classes/:na]
	at java.base/java.lang.String.valueOf(String.java:4454) ~[na:na]
	at java.base/java.lang.StringBuilder.append(StringBuilder.java:173) ~[na:na]
	at java.base/java.util.AbstractCollection.toString(AbstractCollection.java:459) ~[na:na]
	at org.hibernate.collection.spi.PersistentSet.toString(PersistentSet.java:298) ~[hibernate-core-6.6.15.Final.jar:6.6.15.Final]
	at java.base/java.lang.String.valueOf(String.java:4454) ~[na:na]
	at br.com.fiap.javaadv.blog.backend.domainmodel.entities.TipoSolo.toString(TipoSolo.java:16) ~[classes/:na]
	at java.base/java.lang.String.valueOf(String.java:4454) ~[na:na]
	at br.com.fiap.javaadv.blog.backend.domainmodel.entities.EnderecoPlantio.toString(EnderecoPlantio.java:16) ~[classes/:na]
	at java.base/java.lang.String.valueOf(String.java:4454) ~[na:na]
	at java.base/java.lang.StringBuilder.append(StringBuilder.java:173) ~[na:na]
	at java.base/java.util.AbstractCollection.toString(AbstractCollection.java:459) ~[na:na]
	at org.hibernate.collection.spi.PersistentSet.toString(PersistentSet.java:298) ~[hibernate-core-6.6.15.Final.jar:6.6.15.Final]
	at java.base/java.lang.String.valueOf(String.java:4454) ~[na:na]
	at br.com.fiap.javaadv.blog.backend.domainmodel.entities.TipoSolo.toString(TipoSolo.java:16) ~[classes/:na]
	at java.base/java.lang.String.valueOf(String.java:4454) ~[na:na]
	at br.com.fiap.javaadv.blog.backend.domainmodel.entities.EnderecoPlantio.toString(EnderecoPlantio.java:16) ~[classes/:na]
	at java.base/java.lang.String.valueOf(String.java:4454) ~[na:na]
	at java.base/java.lang.StringBuilder.append(StringBuilder.java:173) ~[na:na]
	at java.base/java.util.AbstractCollection.toString(AbstractCollection.java:459) ~[na:na]
	at org.hibernate.collection.spi.PersistentSet.toString(PersistentSet.java:298) ~[hibernate-core-6.6.15.Final.jar:6.6.15.Final]
	at java.base/java.lang.String.valueOf(String.java:4454) ~[na:na]
	at br.com.fiap.javaadv.blog.backend.domainmodel.entities.TipoSolo.toString(TipoSolo.java:16) ~[classes/:na]
	at java.base/java.lang.String.valueOf(String.java:4454) ~[na:na]
	at br.com.fiap.javaadv.blog.backend.domainmodel.entities.EnderecoPlantio.toString(EnderecoPlantio.java:16) ~[classes/:na]
	at java.base/java.lang.String.valueOf(String.java:4454) ~[na:na]
	at java.base/java.lang.StringBuilder.append(StringBuilder.java:173) ~[na:na]
	at java.base/java.util.AbstractCollection.toString(AbstractCollection.java:459) ~[na:na]
	at org.hibernate.collection.spi.PersistentSet.toString(PersistentSet.java:298) ~[hibernate-core-6.6.15.Final.jar:6.6.15.Final]
	at java.base/java.lang.String.valueOf(String.java:4454) ~[na:na]
	at br.com.fiap.javaadv.blog.backend.domainmodel.entities.TipoSolo.toString(TipoSolo.java:16) ~[classes/:na]
	at java.base/java.lang.String.valueOf(String.java:4454) ~[na:na]
	at br.com.fiap.javaadv.blog.backend.domainmodel.entities.EnderecoPlantio.toString(EnderecoPlantio.java:16) ~[classes/:na]
	at java.base/java.lang.String.valueOf(String.java:4454) ~[na:na]
	at java.base/java.lang.StringBuilder.append(StringBuilder.java:173) ~[na:na]
	at java.base/java.util.AbstractCollection.toString(AbstractCollection.java:459) ~[na:na]
	at org.hibernate.collection.spi.PersistentSet.toString(PersistentSet.java:298) ~[hibernate-core-6.6.15.Final.jar:6.6.15.Final]
	at java.base/java.lang.String.valueOf(String.java:4454) ~[na:na]
	at br.com.fiap.javaadv.blog.backend.domainmodel.entities.TipoSolo.toString(TipoSolo.java:16) ~[classes/:na]
	at java.base/java.lang.String.valueOf(String.java:4454) ~[na:na]
	at br.com.fiap.javaadv.blog.backend.domainmodel.entities.EnderecoPlantio.toString(EnderecoPlantio.java:16) ~[classes/:na]
	at java.base/java.lang.String.valueOf(String.java:4454) ~[na:na]
	at java.base/java.lang.StringBuilder.append(StringBuilder.java:173) ~[na:na]
	at java.base/java.util.AbstractCollection.toString(AbstractCollection.java:459) ~[na:na]
	at org.hibernate.collection.spi.PersistentSet.toString(PersistentSet.java:298) ~[hibernate-core-6.6.15.Final.jar:6.6.15.Final]
	at java.base/java.lang.String.valueOf(String.java:4454) ~[na:na]
	at br.com.fiap.javaadv.blog.backend.domainmodel.entities.TipoSolo.toString(TipoSolo.java:16) ~[classes/:na]
	at java.base/java.lang.String.valueOf(String.java:4454) ~[na:na]
	at br.com.fiap.javaadv.blog.backend.domainmodel.entities.EnderecoPlantio.toString(EnderecoPlantio.java:16) ~[classes/:na]
	at java.base/java.lang.String.valueOf(String.java:4454) ~[na:na]
	at java.base/java.lang.StringBuilder.append(StringBuilder.java:173) ~[na:na]
	at java.base/java.util.AbstractCollection.toString(AbstractCollection.java:459) ~[na:na]
	at org.hibernate.collection.spi.PersistentSet.toString(PersistentSet.java:298) ~[hibernate-core-6.6.15.Final.jar:6.6.15.Final]
	at java.base/java.lang.String.valueOf(String.java:4454) ~[na:na]
	at br.com.fiap.javaadv.blog.backend.domainmodel.entities.TipoSolo.toString(TipoSolo.java:16) ~[classes/:na]
	at java.base/java.lang.String.valueOf(String.java:4454) ~[na:na]
	at br.com.fiap.javaadv.blog.backend.domainmodel.entities.EnderecoPlantio.toString(EnderecoPlantio.java:16) ~[classes/:na]
	at java.base/java.lang.String.valueOf(String.java:4454) ~[na:na]
	at java.base/java.lang.StringBuilder.append(StringBuilder.java:173) ~[na:na]
	at java.base/java.util.AbstractCollection.toString(AbstractCollection.java:459) ~[na:na]
	at org.hibernate.collection.spi.PersistentSet.toString(PersistentSet.java:298) ~[hibernate-core-6.6.15.Final.jar:6.6.15.Final]
	at java.base/java.lang.String.valueOf(String.java:4454) ~[na:na]
	at br.com.fiap.javaadv.blog.backend.domainmodel.entities.TipoSolo.toString(TipoSolo.java:16) ~[classes/:na]
	at java.base/java.lang.String.valueOf(String.java:4454) ~[na:na]
	at br.com.fiap.javaadv.blog.backend.domainmodel.entities.EnderecoPlantio.toString(EnderecoPlantio.java:16) ~[classes/:na]
	at java.base/java.lang.String.valueOf(String.java:4454) ~[na:na]
	at java.base/java.lang.StringBuilder.append(StringBuilder.java:173) ~[na:na]
	at java.base/java.util.AbstractCollection.toString(AbstractCollection.java:459) ~[na:na]
	at org.hibernate.collection.spi.PersistentSet.toString(PersistentSet.java:298) ~[hibernate-core-6.6.15.Final.jar:6.6.15.Final]
	at java.base/java.lang.String.valueOf(String.java:4454) ~[na:na]
	at br.com.fiap.javaadv.blog.backend.domainmodel.entities.TipoSolo.toString(TipoSolo.java:16) ~[classes/:na]
	at java.base/java.lang.String.valueOf(String.java:4454) ~[na:na]
	at br.com.fiap.javaadv.blog.backend.domainmodel.entities.EnderecoPlantio.toString(EnderecoPlantio.java:16) ~[classes/:na]
	at java.base/java.lang.String.valueOf(String.java:4454) ~[na:na]
	at java.base/java.lang.StringBuilder.append(StringBuilder.java:173) ~[na:na]
	at java.base/java.util.AbstractCollection.toString(AbstractCollection.java:459) ~[na:na]
	at org.hibernate.collection.spi.PersistentSet.toString(PersistentSet.java:298) ~[hibernate-core-6.6.15.Final.jar:6.6.15.Final]
	at java.base/java.lang.String.valueOf(String.java:4454) ~[na:na]
	at br.com.fiap.javaadv.blog.backend.domainmodel.entities.TipoSolo.toString(TipoSolo.java:16) ~[classes/:na]
	at java.base/java.lang.String.valueOf(String.java:4454) ~[na:na]
	at br.com.fiap.javaadv.blog.backend.domainmodel.entities.EnderecoPlantio.toString(EnderecoPlantio.java:16) ~[classes/:na]
	at java.base/java.lang.String.valueOf(String.java:4454) ~[na:na]
	at java.base/java.lang.StringBuilder.append(StringBuilder.java:173) ~[na:na]
	at java.base/java.util.AbstractCollection.toString(AbstractCollection.java:459) ~[na:na]
	at org.hibernate.collection.spi.PersistentSet.toString(PersistentSet.java:298) ~[hibernate-core-6.6.15.Final.jar:6.6.15.Final]
	at java.base/java.lang.String.valueOf(String.java:4454) ~[na:na]
	at br.com.fiap.javaadv.blog.backend.domainmodel.entities.TipoSolo.toString(TipoSolo.java:16) ~[classes/:na]
	at java.base/java.lang.String.valueOf(String.java:4454) ~[na:na]
	at br.com.fiap.javaadv.blog.backend.domainmodel.entities.EnderecoPlantio.toString(EnderecoPlantio.java:16) ~[classes/:na]
	at java.base/java.lang.String.valueOf(String.java:4454) ~[na:na]
	at java.base/java.lang.StringBuilder.append(StringBuilder.java:173) ~[na:na]
	at java.base/java.util.AbstractCollection.toString(AbstractCollection.java:459) ~[na:na]

2026-06-03T00:27:13.472-03:00  INFO 20172 --- [blog] [SpringApplicationShutdownHook] o.s.b.w.e.tomcat.GracefulShutdown        : Commencing graceful shutdown. Waiting for active requests to complete
2026-06-03T00:27:13.477-03:00  INFO 20172 --- [blog] [tomcat-shutdown] o.s.b.w.e.tomcat.GracefulShutdown        : Graceful shutdown complete
2026-06-03T00:27:13.483-03:00  INFO 20172 --- [blog] [SpringApplicationShutdownHook] j.LocalContainerEntityManagerFactoryBean : Closing JPA EntityManagerFactory for persistence unit 'default'
2026-06-03T00:27:13.484-03:00 DEBUG 20172 --- [blog] [SpringApplicationShutdownHook] org.hibernate.SQL                        : 
    drop table if exists analise_plantio_terrabyte cascade 
2026-06-03T00:27:13.486-03:00 DEBUG 20172 --- [blog] [SpringApplicationShutdownHook] org.hibernate.SQL                        : 
    drop table if exists defensivo_terrabyte cascade 
2026-06-03T00:27:13.486-03:00 DEBUG 20172 --- [blog] [SpringApplicationShutdownHook] org.hibernate.SQL                        : 
    drop table if exists endereco_plantio_terrabyte cascade 
2026-06-03T00:27:13.487-03:00 DEBUG 20172 --- [blog] [SpringApplicationShutdownHook] org.hibernate.SQL                        : 
    drop table if exists plan_def_terrabyte cascade 
2026-06-03T00:27:13.488-03:00 DEBUG 20172 --- [blog] [SpringApplicationShutdownHook] org.hibernate.SQL                        : 
    drop table if exists plan_tp_terrabyte cascade 
2026-06-03T00:27:13.488-03:00 DEBUG 20172 --- [blog] [SpringApplicationShutdownHook] org.hibernate.SQL                        : 
    drop table if exists plantio_terrabyte cascade 
2026-06-03T00:27:13.489-03:00 DEBUG 20172 --- [blog] [SpringApplicationShutdownHook] org.hibernate.SQL                        : 
    drop table if exists tipo_solo_terrabyte cascade 
2026-06-03T00:27:13.489-03:00 DEBUG 20172 --- [blog] [SpringApplicationShutdownHook] org.hibernate.SQL                        : 
    drop table if exists usuario_terrabyte cascade 
2026-06-03T00:27:13.495-03:00  WARN 20172 --- [blog] [SpringApplicationShutdownHook] o.s.b.f.support.DisposableBeanAdapter    : Invocation of destroy method failed on bean with name 'inMemoryDatabaseShutdownExecutor': org.h2.jdbc.JdbcSQLNonTransientConnectionException: Database is already closed (to disable automatic closing at VM shutdown, add ";DB_CLOSE_ON_EXIT=FALSE" to the db URL) [90121-232]
2026-06-03T00:27:13.495-03:00  INFO 20172 --- [blog] [SpringApplicationShutdownHook] com.zaxxer.hikari.HikariDataSource       : blogHikariConnectionPool - Shutdown initiated...
2026-06-03T00:27:13.496-03:00  INFO 20172 --- [blog] [SpringApplicationShutdownHook] com.zaxxer.hikari.HikariDataSource       : blogHikariConnectionPool - Shutdown completed.
2026-06-03T00:27:25.112-03:00  INFO 15876 --- [blog] [restartedMain] b.c.f.j.blog.backend.BackendApplication  : Starting BackendApplication using Java 21.0.11 with PID 15876 (C:\Users\carol\OneDrive\Área de Trabalho\FIAP\Global - 1Sem\Java\backend\target\classes started by carol in C:\Users\carol\OneDrive\Área de Trabalho\FIAP\Global - 1Sem\Java\backend)
2026-06-03T00:27:25.120-03:00  INFO 15876 --- [blog] [restartedMain] b.c.f.j.blog.backend.BackendApplication  : No active profile set, falling back to 1 default profile: "default"
2026-06-03T00:27:25.280-03:00  INFO 15876 --- [blog] [restartedMain] o.s.b.devtools.restart.ChangeableUrls    : The Class-Path manifest attribute in C:\Users\carol\.m2\repository\com\oracle\database\jdbc\ojdbc11\23.7.0.25.01\ojdbc11-23.7.0.25.01.jar referenced one or more files that do not exist: file:/C:/Users/carol/.m2/repository/com/oracle/database/jdbc/ojdbc11/23.7.0.25.01/oraclepki.jar
2026-06-03T00:27:25.281-03:00  INFO 15876 --- [blog] [restartedMain] .e.DevToolsPropertyDefaultsPostProcessor : Devtools property defaults active! Set 'spring.devtools.add-properties' to 'false' to disable
2026-06-03T00:27:25.281-03:00  INFO 15876 --- [blog] [restartedMain] .e.DevToolsPropertyDefaultsPostProcessor : For additional web related logging consider setting the 'logging.level.web' property to 'DEBUG'
2026-06-03T00:27:28.046-03:00  INFO 15876 --- [blog] [restartedMain] .s.d.r.c.RepositoryConfigurationDelegate : Bootstrapping Spring Data JPA repositories in DEFAULT mode.
2026-06-03T00:27:28.181-03:00  INFO 15876 --- [blog] [restartedMain] .s.d.r.c.RepositoryConfigurationDelegate : Finished Spring Data repository scanning in 119 ms. Found 6 JPA repository interfaces.
2026-06-03T00:27:29.070-03:00  INFO 15876 --- [blog] [restartedMain] o.s.b.w.embedded.tomcat.TomcatWebServer  : Tomcat initialized with port 8080 (http)
2026-06-03T00:27:29.091-03:00  INFO 15876 --- [blog] [restartedMain] o.apache.catalina.core.StandardService   : Starting service [Tomcat]
2026-06-03T00:27:29.091-03:00  INFO 15876 --- [blog] [restartedMain] o.apache.catalina.core.StandardEngine    : Starting Servlet engine: [Apache Tomcat/10.1.41]
2026-06-03T00:27:29.162-03:00  INFO 15876 --- [blog] [restartedMain] o.a.c.c.C.[Tomcat].[localhost].[/]       : Initializing Spring embedded WebApplicationContext
2026-06-03T00:27:29.162-03:00  INFO 15876 --- [blog] [restartedMain] w.s.c.ServletWebServerApplicationContext : Root WebApplicationContext: initialization completed in 3880 ms
2026-06-03T00:27:29.393-03:00  INFO 15876 --- [blog] [restartedMain] o.hibernate.jpa.internal.util.LogHelper  : HHH000204: Processing PersistenceUnitInfo [name: default]
2026-06-03T00:27:29.495-03:00  INFO 15876 --- [blog] [restartedMain] org.hibernate.Version                    : HHH000412: Hibernate ORM core version 6.6.15.Final
2026-06-03T00:27:29.561-03:00  INFO 15876 --- [blog] [restartedMain] o.h.c.internal.RegionFactoryInitiator    : HHH000026: Second-level cache disabled
2026-06-03T00:27:30.053-03:00  INFO 15876 --- [blog] [restartedMain] o.s.o.j.p.SpringPersistenceUnitInfo      : No LoadTimeWeaver setup: ignoring JPA class transformer
2026-06-03T00:27:30.102-03:00  INFO 15876 --- [blog] [restartedMain] com.zaxxer.hikari.HikariDataSource       : blogHikariConnectionPool - Starting...
2026-06-03T00:27:30.687-03:00  INFO 15876 --- [blog] [restartedMain] com.zaxxer.hikari.pool.HikariPool        : blogHikariConnectionPool - Added connection conn0: url=jdbc:h2:mem:blogdb user=SA
2026-06-03T00:27:30.691-03:00  INFO 15876 --- [blog] [restartedMain] com.zaxxer.hikari.HikariDataSource       : blogHikariConnectionPool - Start completed.
2026-06-03T00:27:30.808-03:00  INFO 15876 --- [blog] [restartedMain] org.hibernate.orm.connections.pooling    : HHH10001005: Database info:
	Database JDBC URL [Connecting through datasource 'HikariDataSource (blogHikariConnectionPool)']
	Database driver: undefined/unknown
	Database version: 2.3.232
	Autocommit mode: undefined/unknown
	Isolation level: undefined/unknown
	Minimum pool size: undefined/unknown
	Maximum pool size: undefined/unknown
2026-06-03T00:27:32.456-03:00  INFO 15876 --- [blog] [restartedMain] o.h.e.t.j.p.i.JtaPlatformInitiator       : HHH000489: No JTA platform available (set 'hibernate.transaction.jta.platform' to enable JTA platform integration)
2026-06-03T00:27:32.478-03:00 DEBUG 15876 --- [blog] [restartedMain] org.hibernate.SQL                        : 
    drop table if exists analise_plantio_terrabyte cascade 
2026-06-03T00:27:32.482-03:00 DEBUG 15876 --- [blog] [restartedMain] org.hibernate.SQL                        : 
    drop table if exists defensivo_terrabyte cascade 
2026-06-03T00:27:32.482-03:00 DEBUG 15876 --- [blog] [restartedMain] org.hibernate.SQL                        : 
    drop table if exists endereco_plantio_terrabyte cascade 
2026-06-03T00:27:32.482-03:00 DEBUG 15876 --- [blog] [restartedMain] org.hibernate.SQL                        : 
    drop table if exists plan_def_terrabyte cascade 
2026-06-03T00:27:32.482-03:00 DEBUG 15876 --- [blog] [restartedMain] org.hibernate.SQL                        : 
    drop table if exists plan_tp_terrabyte cascade 
2026-06-03T00:27:32.482-03:00 DEBUG 15876 --- [blog] [restartedMain] org.hibernate.SQL                        : 
    drop table if exists plantio_terrabyte cascade 
2026-06-03T00:27:32.483-03:00 DEBUG 15876 --- [blog] [restartedMain] org.hibernate.SQL                        : 
    drop table if exists tipo_solo_terrabyte cascade 
2026-06-03T00:27:32.483-03:00 DEBUG 15876 --- [blog] [restartedMain] org.hibernate.SQL                        : 
    drop table if exists usuario_terrabyte cascade 
2026-06-03T00:27:32.489-03:00 DEBUG 15876 --- [blog] [restartedMain] org.hibernate.SQL                        : 
    create table analise_plantio_terrabyte (
        adeq_ana float(53),
        dt_ana date,
        temp_max_ana float(53),
        temp_min_ana float(53),
        umidade_med_ana float(53),
        id uuid not null,
        "id_end_(pk)" uuid,
        "id_plan_(pk)" uuid,
        "id_usu_(pk)" uuid,
        nvl_risc_ana varchar(255),
        rec_ana varchar(255),
        primary key (id)
    )
2026-06-03T00:27:32.496-03:00 DEBUG 15876 --- [blog] [restartedMain] org.hibernate.SQL                        : 
    create table defensivo_terrabyte (
        id uuid not null,
        nome_def varchar(100) not null,
        tipo_def varchar(100) not null,
        primary key (id)
    )
2026-06-03T00:27:32.498-03:00 DEBUG 15876 --- [blog] [restartedMain] org.hibernate.SQL                        : 
    create table endereco_plantio_terrabyte (
        areia_end float(53),
        argila_end float(53),
        lat_end float(53),
        long_end float(53),
        raio_end float(53),
        silto_end float(53),
        cep_end varchar(9) not null,
        id uuid not null,
        id_solo_fk uuid,
        bairro_end varchar(100),
        cidade_end varchar(100),
        estado_end varchar(100),
        lograd_end varchar(100),
        nome_end varchar(300),
        primary key (id)
    )
2026-06-03T00:27:32.500-03:00 DEBUG 15876 --- [blog] [restartedMain] org.hibernate.SQL                        : 
    create table plan_def_terrabyte (
        "id_def_(fk)" uuid not null,
        "id_plan_(fk)" uuid not null,
        primary key ("id_def_(fk)", "id_plan_(fk)")
    )
2026-06-03T00:27:32.501-03:00 DEBUG 15876 --- [blog] [restartedMain] org.hibernate.SQL                        : 
    create table plan_tp_terrabyte (
        "id_plan_(fk)" uuid not null,
        "id_solo_(fk)" uuid not null,
        primary key ("id_plan_(fk)", "id_solo_(fk)")
    )
2026-06-03T00:27:32.502-03:00 DEBUG 15876 --- [blog] [restartedMain] org.hibernate.SQL                        : 
    create table plantio_terrabyte (
        agua_mm_plan float(53) not null,
        temp_max_plan float(53) not null,
        temp_min_plan float(53) not null,
        id uuid not null,
        url_img_plan varchar(100),
        nome_plan varchar(150) not null,
        epoca_plan tinyint array not null,
        primary key (id)
    )
2026-06-03T00:27:32.503-03:00 DEBUG 15876 --- [blog] [restartedMain] org.hibernate.SQL                        : 
    create table tipo_solo_terrabyte (
        id uuid not null,
        nome_sol varchar(150) not null,
        primary key (id)
    )
2026-06-03T00:27:32.506-03:00 DEBUG 15876 --- [blog] [restartedMain] org.hibernate.SQL                        : 
    create table usuario_terrabyte (
        data_nasc_usu date not null,
        sexo_usu tinyint not null check (sexo_usu between 0 and 1),
        tel_usu varchar(11) not null,
        id uuid not null,
        email_usu varchar(100) not null,
        nome_usu varchar(100) not null,
        senha_usu varchar(100) not null,
        url_img_usu varchar(100),
        primary key (id)
    )
2026-06-03T00:27:32.517-03:00 DEBUG 15876 --- [blog] [restartedMain] org.hibernate.SQL                        : 
    alter table if exists analise_plantio_terrabyte 
       add constraint FKm2t7s0ieg1x7yq7d7b5hgg1qj 
       foreign key ("id_end_(pk)") 
       references endereco_plantio_terrabyte
2026-06-03T00:27:32.535-03:00 DEBUG 15876 --- [blog] [restartedMain] org.hibernate.SQL                        : 
    alter table if exists analise_plantio_terrabyte 
       add constraint FK7q2auth5aj4t4jm6n5y7svcfb 
       foreign key ("id_plan_(pk)") 
       references plantio_terrabyte
2026-06-03T00:27:32.537-03:00 DEBUG 15876 --- [blog] [restartedMain] org.hibernate.SQL                        : 
    alter table if exists analise_plantio_terrabyte 
       add constraint FK1vw0pr8bh1h2joy8b154di38s 
       foreign key ("id_usu_(pk)") 
       references usuario_terrabyte
2026-06-03T00:27:32.539-03:00 DEBUG 15876 --- [blog] [restartedMain] org.hibernate.SQL                        : 
    alter table if exists endereco_plantio_terrabyte 
       add constraint FKixee6jq0ndswkrhidf4x6djy5 
       foreign key (id_solo_fk) 
       references tipo_solo_terrabyte
2026-06-03T00:27:32.545-03:00 DEBUG 15876 --- [blog] [restartedMain] org.hibernate.SQL                        : 
    alter table if exists plan_def_terrabyte 
       add constraint FKp0xenvr5hdhfkyyvbqwuxk1oc 
       foreign key ("id_def_(fk)") 
       references defensivo_terrabyte
2026-06-03T00:27:32.549-03:00 DEBUG 15876 --- [blog] [restartedMain] org.hibernate.SQL                        : 
    alter table if exists plan_def_terrabyte 
       add constraint FKa0bqr2mgy5kt5mlbrc8xmbkii 
       foreign key ("id_plan_(fk)") 
       references plantio_terrabyte
2026-06-03T00:27:32.551-03:00 DEBUG 15876 --- [blog] [restartedMain] org.hibernate.SQL                        : 
    alter table if exists plan_tp_terrabyte 
       add constraint FK2favlmqtx395sy8jtphut1ge2 
       foreign key ("id_solo_(fk)") 
       references tipo_solo_terrabyte
2026-06-03T00:27:32.553-03:00 DEBUG 15876 --- [blog] [restartedMain] org.hibernate.SQL                        : 
    alter table if exists plan_tp_terrabyte 
       add constraint FKiebsj2yn45ohwc49alii3kfvo 
       foreign key ("id_plan_(fk)") 
       references plantio_terrabyte
2026-06-03T00:27:32.559-03:00  INFO 15876 --- [blog] [restartedMain] j.LocalContainerEntityManagerFactoryBean : Initialized JPA EntityManagerFactory for persistence unit 'default'
2026-06-03T00:27:33.602-03:00 TRACE 15876 --- [blog] [restartedMain] t.a.AnnotationTransactionAttributeSource : Adding transactional method 'br.com.fiap.javaadv.blog.backend.services.AnaliseServiceImp.delete' with attribute: PROPAGATION_REQUIRED,ISOLATION_DEFAULT
2026-06-03T00:27:33.618-03:00 TRACE 15876 --- [blog] [restartedMain] t.a.AnnotationTransactionAttributeSource : Adding transactional method 'br.com.fiap.javaadv.blog.backend.services.AnaliseServiceImp.create' with attribute: PROPAGATION_REQUIRED,ISOLATION_DEFAULT
2026-06-03T00:27:33.618-03:00 TRACE 15876 --- [blog] [restartedMain] t.a.AnnotationTransactionAttributeSource : Adding transactional method 'br.com.fiap.javaadv.blog.backend.services.AnaliseServiceImp.existsById' with attribute: PROPAGATION_NOT_SUPPORTED,ISOLATION_DEFAULT
2026-06-03T00:27:33.618-03:00 TRACE 15876 --- [blog] [restartedMain] t.a.AnnotationTransactionAttributeSource : Adding transactional method 'br.com.fiap.javaadv.blog.backend.services.AnaliseServiceImp.fetchById' with attribute: PROPAGATION_NOT_SUPPORTED,ISOLATION_DEFAULT
2026-06-03T00:27:33.619-03:00 TRACE 15876 --- [blog] [restartedMain] t.a.AnnotationTransactionAttributeSource : Adding transactional method 'br.com.fiap.javaadv.blog.backend.services.AnaliseServiceImp.fetchAll' with attribute: PROPAGATION_REQUIRED,ISOLATION_DEFAULT
2026-06-03T00:27:33.682-03:00 TRACE 15876 --- [blog] [restartedMain] t.a.AnnotationTransactionAttributeSource : Adding transactional method 'br.com.fiap.javaadv.blog.backend.services.DefensivoServiceImp.delete' with attribute: PROPAGATION_REQUIRED,ISOLATION_DEFAULT
2026-06-03T00:27:33.683-03:00 TRACE 15876 --- [blog] [restartedMain] t.a.AnnotationTransactionAttributeSource : Adding transactional method 'br.com.fiap.javaadv.blog.backend.services.DefensivoServiceImp.create' with attribute: PROPAGATION_REQUIRED,ISOLATION_DEFAULT
2026-06-03T00:27:33.684-03:00 TRACE 15876 --- [blog] [restartedMain] t.a.AnnotationTransactionAttributeSource : Adding transactional method 'br.com.fiap.javaadv.blog.backend.services.DefensivoServiceImp.existsById' with attribute: PROPAGATION_NOT_SUPPORTED,ISOLATION_DEFAULT
2026-06-03T00:27:33.684-03:00 TRACE 15876 --- [blog] [restartedMain] t.a.AnnotationTransactionAttributeSource : Adding transactional method 'br.com.fiap.javaadv.blog.backend.services.DefensivoServiceImp.fetchById' with attribute: PROPAGATION_NOT_SUPPORTED,ISOLATION_DEFAULT
2026-06-03T00:27:33.684-03:00 TRACE 15876 --- [blog] [restartedMain] t.a.AnnotationTransactionAttributeSource : Adding transactional method 'br.com.fiap.javaadv.blog.backend.services.DefensivoServiceImp.fetchAll' with attribute: PROPAGATION_REQUIRED,ISOLATION_DEFAULT
2026-06-03T00:27:33.716-03:00 TRACE 15876 --- [blog] [restartedMain] t.a.AnnotationTransactionAttributeSource : Adding transactional method 'br.com.fiap.javaadv.blog.backend.services.EnderecoPlanServiceImp.update' with attribute: PROPAGATION_REQUIRED,ISOLATION_DEFAULT
2026-06-03T00:27:33.717-03:00 TRACE 15876 --- [blog] [restartedMain] t.a.AnnotationTransactionAttributeSource : Adding transactional method 'br.com.fiap.javaadv.blog.backend.services.EnderecoPlanServiceImp.delete' with attribute: PROPAGATION_REQUIRED,ISOLATION_DEFAULT
2026-06-03T00:27:33.717-03:00 TRACE 15876 --- [blog] [restartedMain] t.a.AnnotationTransactionAttributeSource : Adding transactional method 'br.com.fiap.javaadv.blog.backend.services.EnderecoPlanServiceImp.create' with attribute: PROPAGATION_REQUIRED,ISOLATION_DEFAULT
2026-06-03T00:27:33.717-03:00 TRACE 15876 --- [blog] [restartedMain] t.a.AnnotationTransactionAttributeSource : Adding transactional method 'br.com.fiap.javaadv.blog.backend.services.EnderecoPlanServiceImp.existsById' with attribute: PROPAGATION_NOT_SUPPORTED,ISOLATION_DEFAULT
2026-06-03T00:27:33.717-03:00 TRACE 15876 --- [blog] [restartedMain] t.a.AnnotationTransactionAttributeSource : Adding transactional method 'br.com.fiap.javaadv.blog.backend.services.EnderecoPlanServiceImp.fetchById' with attribute: PROPAGATION_NOT_SUPPORTED,ISOLATION_DEFAULT
2026-06-03T00:27:33.717-03:00 TRACE 15876 --- [blog] [restartedMain] t.a.AnnotationTransactionAttributeSource : Adding transactional method 'br.com.fiap.javaadv.blog.backend.services.EnderecoPlanServiceImp.fetchAll' with attribute: PROPAGATION_REQUIRED,ISOLATION_DEFAULT
2026-06-03T00:27:33.726-03:00 TRACE 15876 --- [blog] [restartedMain] t.a.AnnotationTransactionAttributeSource : Adding transactional method 'br.com.fiap.javaadv.blog.backend.services.PlantioServiceImp.delete' with attribute: PROPAGATION_REQUIRED,ISOLATION_DEFAULT
2026-06-03T00:27:33.726-03:00 TRACE 15876 --- [blog] [restartedMain] t.a.AnnotationTransactionAttributeSource : Adding transactional method 'br.com.fiap.javaadv.blog.backend.services.PlantioServiceImp.create' with attribute: PROPAGATION_REQUIRED,ISOLATION_DEFAULT
2026-06-03T00:27:33.727-03:00 TRACE 15876 --- [blog] [restartedMain] t.a.AnnotationTransactionAttributeSource : Adding transactional method 'br.com.fiap.javaadv.blog.backend.services.PlantioServiceImp.existsById' with attribute: PROPAGATION_NOT_SUPPORTED,ISOLATION_DEFAULT
2026-06-03T00:27:33.727-03:00 TRACE 15876 --- [blog] [restartedMain] t.a.AnnotationTransactionAttributeSource : Adding transactional method 'br.com.fiap.javaadv.blog.backend.services.PlantioServiceImp.fetchById' with attribute: PROPAGATION_NOT_SUPPORTED,ISOLATION_DEFAULT
2026-06-03T00:27:33.728-03:00 TRACE 15876 --- [blog] [restartedMain] t.a.AnnotationTransactionAttributeSource : Adding transactional method 'br.com.fiap.javaadv.blog.backend.services.PlantioServiceImp.fetchAll' with attribute: PROPAGATION_REQUIRED,ISOLATION_DEFAULT
2026-06-03T00:27:33.736-03:00 TRACE 15876 --- [blog] [restartedMain] t.a.AnnotationTransactionAttributeSource : Adding transactional method 'br.com.fiap.javaadv.blog.backend.services.TipoSoloServiceImp.delete' with attribute: PROPAGATION_REQUIRED,ISOLATION_DEFAULT
2026-06-03T00:27:33.737-03:00 TRACE 15876 --- [blog] [restartedMain] t.a.AnnotationTransactionAttributeSource : Adding transactional method 'br.com.fiap.javaadv.blog.backend.services.TipoSoloServiceImp.create' with attribute: PROPAGATION_REQUIRED,ISOLATION_DEFAULT
2026-06-03T00:27:33.737-03:00 TRACE 15876 --- [blog] [restartedMain] t.a.AnnotationTransactionAttributeSource : Adding transactional method 'br.com.fiap.javaadv.blog.backend.services.TipoSoloServiceImp.existsById' with attribute: PROPAGATION_NOT_SUPPORTED,ISOLATION_DEFAULT
2026-06-03T00:27:33.737-03:00 TRACE 15876 --- [blog] [restartedMain] t.a.AnnotationTransactionAttributeSource : Adding transactional method 'br.com.fiap.javaadv.blog.backend.services.TipoSoloServiceImp.fetchById' with attribute: PROPAGATION_NOT_SUPPORTED,ISOLATION_DEFAULT
2026-06-03T00:27:33.737-03:00 TRACE 15876 --- [blog] [restartedMain] t.a.AnnotationTransactionAttributeSource : Adding transactional method 'br.com.fiap.javaadv.blog.backend.services.TipoSoloServiceImp.fetchAll' with attribute: PROPAGATION_REQUIRED,ISOLATION_DEFAULT
2026-06-03T00:27:33.756-03:00 TRACE 15876 --- [blog] [restartedMain] t.a.AnnotationTransactionAttributeSource : Adding transactional method 'br.com.fiap.javaadv.blog.backend.services.UsuarioServiceImp.update' with attribute: PROPAGATION_REQUIRED,ISOLATION_DEFAULT
2026-06-03T00:27:33.757-03:00 TRACE 15876 --- [blog] [restartedMain] t.a.AnnotationTransactionAttributeSource : Adding transactional method 'br.com.fiap.javaadv.blog.backend.services.UsuarioServiceImp.delete' with attribute: PROPAGATION_REQUIRED,ISOLATION_DEFAULT
2026-06-03T00:27:33.757-03:00 TRACE 15876 --- [blog] [restartedMain] t.a.AnnotationTransactionAttributeSource : Adding transactional method 'br.com.fiap.javaadv.blog.backend.services.UsuarioServiceImp.create' with attribute: PROPAGATION_REQUIRED,ISOLATION_DEFAULT
2026-06-03T00:27:33.757-03:00 TRACE 15876 --- [blog] [restartedMain] t.a.AnnotationTransactionAttributeSource : Adding transactional method 'br.com.fiap.javaadv.blog.backend.services.UsuarioServiceImp.existsById' with attribute: PROPAGATION_NOT_SUPPORTED,ISOLATION_DEFAULT
2026-06-03T00:27:33.757-03:00 TRACE 15876 --- [blog] [restartedMain] t.a.AnnotationTransactionAttributeSource : Adding transactional method 'br.com.fiap.javaadv.blog.backend.services.UsuarioServiceImp.fetchByEmail' with attribute: PROPAGATION_REQUIRED,ISOLATION_DEFAULT
2026-06-03T00:27:33.757-03:00 TRACE 15876 --- [blog] [restartedMain] t.a.AnnotationTransactionAttributeSource : Adding transactional method 'br.com.fiap.javaadv.blog.backend.services.UsuarioServiceImp.fetchById' with attribute: PROPAGATION_NOT_SUPPORTED,ISOLATION_DEFAULT
2026-06-03T00:27:33.758-03:00 TRACE 15876 --- [blog] [restartedMain] t.a.AnnotationTransactionAttributeSource : Adding transactional method 'br.com.fiap.javaadv.blog.backend.services.UsuarioServiceImp.fetchAll' with attribute: PROPAGATION_REQUIRED,ISOLATION_DEFAULT
2026-06-03T00:27:34.058-03:00  WARN 15876 --- [blog] [restartedMain] JpaBaseConfiguration$JpaWebConfiguration : spring.jpa.open-in-view is enabled by default. Therefore, database queries may be performed during view rendering. Explicitly configure spring.jpa.open-in-view to disable this warning
2026-06-03T00:27:34.098-03:00  INFO 15876 --- [blog] [restartedMain] eAuthenticationProviderManagerConfigurer : Global AuthenticationManager configured with AuthenticationProvider bean with name authenticationProvider
2026-06-03T00:27:34.099-03:00  WARN 15876 --- [blog] [restartedMain] r$InitializeUserDetailsManagerConfigurer : Global AuthenticationManager configured with an AuthenticationProvider bean. UserDetailsService beans will not be used by Spring Security for automatically configuring username/password login. Consider removing the AuthenticationProvider bean. Alternatively, consider using the UserDetailsService in a manually instantiated DaoAuthenticationProvider. If the current configuration is intentional, to turn off this warning, increase the logging level of 'org.springframework.security.config.annotation.authentication.configuration.InitializeUserDetailsBeanManagerConfigurer' to ERROR
2026-06-03T00:27:34.826-03:00  INFO 15876 --- [blog] [restartedMain] o.s.b.a.h2.H2ConsoleAutoConfiguration    : H2 console available at '/console'. Database available at 'jdbc:h2:mem:blogdb'
2026-06-03T00:27:35.002-03:00  INFO 15876 --- [blog] [restartedMain] o.s.b.d.a.OptionalLiveReloadServer       : LiveReload server is running on port 35729
2026-06-03T00:27:35.097-03:00  INFO 15876 --- [blog] [restartedMain] o.a.c.c.C.[Tomcat].[localhost].[/]       : Initializing Spring DispatcherServlet 'dispatcherServlet'
2026-06-03T00:27:35.098-03:00  INFO 15876 --- [blog] [restartedMain] o.s.web.servlet.DispatcherServlet        : Initializing Servlet 'dispatcherServlet'
2026-06-03T00:27:35.099-03:00  INFO 15876 --- [blog] [restartedMain] o.s.web.servlet.DispatcherServlet        : Completed initialization in 1 ms
2026-06-03T00:27:35.101-03:00  INFO 15876 --- [blog] [restartedMain] o.s.b.w.embedded.tomcat.TomcatWebServer  : Tomcat started on port 8080 (http) with context path '/'
2026-06-03T00:27:35.118-03:00  INFO 15876 --- [blog] [restartedMain] b.c.f.j.blog.backend.BackendApplication  : Started BackendApplication in 11.008 seconds (process running for 12.701)
2026-06-03T00:27:35.131-03:00 TRACE 15876 --- [blog] [restartedMain] o.s.t.i.TransactionInterceptor           : Getting transaction for [org.springframework.data.jpa.repository.support.SimpleJpaRepository.save]
2026-06-03T00:27:35.170-03:00 DEBUG 15876 --- [blog] [restartedMain] org.hibernate.SQL                        : 
    select
        d1_0.id,
        d1_0.nome_def,
        d1_0.tipo_def 
    from
        defensivo_terrabyte d1_0 
    where
        d1_0.id=?
2026-06-03T00:27:35.240-03:00 TRACE 15876 --- [blog] [restartedMain] o.s.t.i.TransactionInterceptor           : Completing transaction for [org.springframework.data.jpa.repository.support.SimpleJpaRepository.save]
2026-06-03T00:27:35.271-03:00 DEBUG 15876 --- [blog] [restartedMain] org.hibernate.SQL                        : 
    insert 
    into
        defensivo_terrabyte
        (nome_def, tipo_def, id) 
    values
        (?, ?, ?)
2026-06-03T00:27:35.398-03:00 TRACE 15876 --- [blog] [restartedMain] o.s.t.i.TransactionInterceptor           : Getting transaction for [org.springframework.data.jpa.repository.support.SimpleJpaRepository.save]
2026-06-03T00:27:35.425-03:00 DEBUG 15876 --- [blog] [restartedMain] org.hibernate.SQL                        : 
    select
        u1_0.id,
        u1_0.data_nasc_usu,
        u1_0.email_usu,
        u1_0.nome_usu,
        u1_0.senha_usu,
        u1_0.sexo_usu,
        u1_0.tel_usu,
        u1_0.url_img_usu 
    from
        usuario_terrabyte u1_0 
    where
        u1_0.id=?
2026-06-03T00:27:35.427-03:00 TRACE 15876 --- [blog] [restartedMain] o.s.t.i.TransactionInterceptor           : Completing transaction for [org.springframework.data.jpa.repository.support.SimpleJpaRepository.save]
2026-06-03T00:27:35.428-03:00 DEBUG 15876 --- [blog] [restartedMain] org.hibernate.SQL                        : 
    insert 
    into
        usuario_terrabyte
        (data_nasc_usu, email_usu, nome_usu, senha_usu, sexo_usu, tel_usu, url_img_usu, id) 
    values
        (?, ?, ?, ?, ?, ?, ?, ?)
2026-06-03T00:27:35.431-03:00 TRACE 15876 --- [blog] [restartedMain] o.s.t.i.TransactionInterceptor           : Getting transaction for [org.springframework.data.jpa.repository.support.SimpleJpaRepository.save]
2026-06-03T00:27:35.432-03:00 DEBUG 15876 --- [blog] [restartedMain] org.hibernate.SQL                        : 
    select
        p1_0.id,
        p1_0.agua_mm_plan,
        p1_0.epoca_plan,
        p1_0.nome_plan,
        p1_0.temp_max_plan,
        p1_0.temp_min_plan,
        p1_0.url_img_plan 
    from
        plantio_terrabyte p1_0 
    where
        p1_0.id=?
2026-06-03T00:27:35.435-03:00 TRACE 15876 --- [blog] [restartedMain] o.s.t.i.TransactionInterceptor           : Completing transaction for [org.springframework.data.jpa.repository.support.SimpleJpaRepository.save]
2026-06-03T00:27:35.437-03:00 DEBUG 15876 --- [blog] [restartedMain] org.hibernate.SQL                        : 
    insert 
    into
        plantio_terrabyte
        (agua_mm_plan, epoca_plan, nome_plan, temp_max_plan, temp_min_plan, url_img_plan, id) 
    values
        (?, ?, ?, ?, ?, ?, ?)
2026-06-03T00:27:35.443-03:00 TRACE 15876 --- [blog] [restartedMain] o.s.t.i.TransactionInterceptor           : Getting transaction for [org.springframework.data.jpa.repository.support.SimpleJpaRepository.save]
2026-06-03T00:27:35.444-03:00 DEBUG 15876 --- [blog] [restartedMain] org.hibernate.SQL                        : 
    select
        p1_0.id,
        p1_0.agua_mm_plan,
        p1_0.epoca_plan,
        p1_0.nome_plan,
        p1_0.temp_max_plan,
        p1_0.temp_min_plan,
        p1_0.url_img_plan 
    from
        plantio_terrabyte p1_0 
    where
        p1_0.id=?
2026-06-03T00:27:35.446-03:00 TRACE 15876 --- [blog] [restartedMain] o.s.t.i.TransactionInterceptor           : Completing transaction for [org.springframework.data.jpa.repository.support.SimpleJpaRepository.save]
2026-06-03T00:27:35.447-03:00 DEBUG 15876 --- [blog] [restartedMain] org.hibernate.SQL                        : 
    insert 
    into
        plantio_terrabyte
        (agua_mm_plan, epoca_plan, nome_plan, temp_max_plan, temp_min_plan, url_img_plan, id) 
    values
        (?, ?, ?, ?, ?, ?, ?)
2026-06-03T00:27:35.449-03:00 TRACE 15876 --- [blog] [restartedMain] o.s.t.i.TransactionInterceptor           : Getting transaction for [org.springframework.data.jpa.repository.support.SimpleJpaRepository.save]
2026-06-03T00:27:35.450-03:00 DEBUG 15876 --- [blog] [restartedMain] org.hibernate.SQL                        : 
    select
        ts1_0.id,
        ts1_0.nome_sol 
    from
        tipo_solo_terrabyte ts1_0 
    where
        ts1_0.id=?
2026-06-03T00:27:35.451-03:00 TRACE 15876 --- [blog] [restartedMain] o.s.t.i.TransactionInterceptor           : Completing transaction for [org.springframework.data.jpa.repository.support.SimpleJpaRepository.save]
2026-06-03T00:27:35.452-03:00 DEBUG 15876 --- [blog] [restartedMain] org.hibernate.SQL                        : 
    insert 
    into
        tipo_solo_terrabyte
        (nome_sol, id) 
    values
        (?, ?)
2026-06-03T00:27:35.453-03:00 TRACE 15876 --- [blog] [restartedMain] o.s.t.i.TransactionInterceptor           : Getting transaction for [org.springframework.data.jpa.repository.support.SimpleJpaRepository.save]
2026-06-03T00:27:35.453-03:00 DEBUG 15876 --- [blog] [restartedMain] org.hibernate.SQL                        : 
    select
        ts1_0.id,
        ts1_0.nome_sol 
    from
        tipo_solo_terrabyte ts1_0 
    where
        ts1_0.id=?
2026-06-03T00:27:35.454-03:00 TRACE 15876 --- [blog] [restartedMain] o.s.t.i.TransactionInterceptor           : Completing transaction for [org.springframework.data.jpa.repository.support.SimpleJpaRepository.save]
2026-06-03T00:27:35.454-03:00 DEBUG 15876 --- [blog] [restartedMain] org.hibernate.SQL                        : 
    insert 
    into
        tipo_solo_terrabyte
        (nome_sol, id) 
    values
        (?, ?)
2026-06-03T00:27:35.455-03:00 TRACE 15876 --- [blog] [restartedMain] o.s.t.i.TransactionInterceptor           : Getting transaction for [org.springframework.data.jpa.repository.support.SimpleJpaRepository.save]
2026-06-03T00:27:35.456-03:00 DEBUG 15876 --- [blog] [restartedMain] org.hibernate.SQL                        : 
    select
        ts1_0.id,
        ts1_0.nome_sol 
    from
        tipo_solo_terrabyte ts1_0 
    where
        ts1_0.id=?
2026-06-03T00:27:35.457-03:00 TRACE 15876 --- [blog] [restartedMain] o.s.t.i.TransactionInterceptor           : Completing transaction for [org.springframework.data.jpa.repository.support.SimpleJpaRepository.save]
2026-06-03T00:27:35.457-03:00 DEBUG 15876 --- [blog] [restartedMain] org.hibernate.SQL                        : 
    insert 
    into
        tipo_solo_terrabyte
        (nome_sol, id) 
    values
        (?, ?)
2026-06-03T00:27:35.459-03:00 TRACE 15876 --- [blog] [restartedMain] o.s.t.i.TransactionInterceptor           : Getting transaction for [org.springframework.data.jpa.repository.support.SimpleJpaRepository.save]
2026-06-03T00:27:35.459-03:00 DEBUG 15876 --- [blog] [restartedMain] org.hibernate.SQL                        : 
    select
        ts1_0.id,
        ts1_0.nome_sol 
    from
        tipo_solo_terrabyte ts1_0 
    where
        ts1_0.id=?
2026-06-03T00:27:35.460-03:00 TRACE 15876 --- [blog] [restartedMain] o.s.t.i.TransactionInterceptor           : Completing transaction for [org.springframework.data.jpa.repository.support.SimpleJpaRepository.save]
2026-06-03T00:27:35.460-03:00 DEBUG 15876 --- [blog] [restartedMain] org.hibernate.SQL                        : 
    insert 
    into
        tipo_solo_terrabyte
        (nome_sol, id) 
    values
        (?, ?)
2026-06-03T00:27:35.461-03:00 TRACE 15876 --- [blog] [restartedMain] o.s.t.i.TransactionInterceptor           : Getting transaction for [org.springframework.data.jpa.repository.support.SimpleJpaRepository.save]
2026-06-03T00:27:35.461-03:00 DEBUG 15876 --- [blog] [restartedMain] org.hibernate.SQL                        : 
    select
        ts1_0.id,
        ts1_0.nome_sol 
    from
        tipo_solo_terrabyte ts1_0 
    where
        ts1_0.id=?
2026-06-03T00:27:35.462-03:00 TRACE 15876 --- [blog] [restartedMain] o.s.t.i.TransactionInterceptor           : Completing transaction for [org.springframework.data.jpa.repository.support.SimpleJpaRepository.save]
2026-06-03T00:27:35.462-03:00 DEBUG 15876 --- [blog] [restartedMain] org.hibernate.SQL                        : 
    insert 
    into
        tipo_solo_terrabyte
        (nome_sol, id) 
    values
        (?, ?)
2026-06-03T00:27:35.463-03:00 TRACE 15876 --- [blog] [restartedMain] o.s.t.i.TransactionInterceptor           : Getting transaction for [org.springframework.data.jpa.repository.support.SimpleJpaRepository.save]
2026-06-03T00:27:35.464-03:00 DEBUG 15876 --- [blog] [restartedMain] org.hibernate.SQL                        : 
    select
        ts1_0.id,
        ts1_0.nome_sol 
    from
        tipo_solo_terrabyte ts1_0 
    where
        ts1_0.id=?
2026-06-03T00:27:35.465-03:00 TRACE 15876 --- [blog] [restartedMain] o.s.t.i.TransactionInterceptor           : Completing transaction for [org.springframework.data.jpa.repository.support.SimpleJpaRepository.save]
2026-06-03T00:27:35.466-03:00 DEBUG 15876 --- [blog] [restartedMain] org.hibernate.SQL                        : 
    insert 
    into
        tipo_solo_terrabyte
        (nome_sol, id) 
    values
        (?, ?)
2026-06-03T00:27:35.466-03:00 TRACE 15876 --- [blog] [restartedMain] o.s.t.i.TransactionInterceptor           : Getting transaction for [org.springframework.data.jpa.repository.support.SimpleJpaRepository.save]
2026-06-03T00:27:35.467-03:00 DEBUG 15876 --- [blog] [restartedMain] org.hibernate.SQL                        : 
    select
        ts1_0.id,
        ts1_0.nome_sol 
    from
        tipo_solo_terrabyte ts1_0 
    where
        ts1_0.id=?
2026-06-03T00:27:35.467-03:00 TRACE 15876 --- [blog] [restartedMain] o.s.t.i.TransactionInterceptor           : Completing transaction for [org.springframework.data.jpa.repository.support.SimpleJpaRepository.save]
2026-06-03T00:27:35.468-03:00 DEBUG 15876 --- [blog] [restartedMain] org.hibernate.SQL                        : 
    insert 
    into
        tipo_solo_terrabyte
        (nome_sol, id) 
    values
        (?, ?)
2026-06-03T00:27:35.469-03:00 TRACE 15876 --- [blog] [restartedMain] o.s.t.i.TransactionInterceptor           : Getting transaction for [org.springframework.data.jpa.repository.support.SimpleJpaRepository.save]
2026-06-03T00:27:35.469-03:00 DEBUG 15876 --- [blog] [restartedMain] org.hibernate.SQL                        : 
    select
        ts1_0.id,
        ts1_0.nome_sol 
    from
        tipo_solo_terrabyte ts1_0 
    where
        ts1_0.id=?
2026-06-03T00:27:35.469-03:00 TRACE 15876 --- [blog] [restartedMain] o.s.t.i.TransactionInterceptor           : Completing transaction for [org.springframework.data.jpa.repository.support.SimpleJpaRepository.save]
2026-06-03T00:27:35.470-03:00 DEBUG 15876 --- [blog] [restartedMain] org.hibernate.SQL                        : 
    insert 
    into
        tipo_solo_terrabyte
        (nome_sol, id) 
    values
        (?, ?)
2026-06-03T00:27:35.471-03:00 TRACE 15876 --- [blog] [restartedMain] o.s.t.i.TransactionInterceptor           : Getting transaction for [org.springframework.data.jpa.repository.support.SimpleJpaRepository.save]
2026-06-03T00:27:35.471-03:00 DEBUG 15876 --- [blog] [restartedMain] org.hibernate.SQL                        : 
    select
        ts1_0.id,
        ts1_0.nome_sol 
    from
        tipo_solo_terrabyte ts1_0 
    where
        ts1_0.id=?
2026-06-03T00:27:35.475-03:00 TRACE 15876 --- [blog] [restartedMain] o.s.t.i.TransactionInterceptor           : Completing transaction for [org.springframework.data.jpa.repository.support.SimpleJpaRepository.save]
2026-06-03T00:27:35.477-03:00 DEBUG 15876 --- [blog] [restartedMain] org.hibernate.SQL                        : 
    insert 
    into
        tipo_solo_terrabyte
        (nome_sol, id) 
    values
        (?, ?)
2026-06-03T00:27:35.478-03:00 TRACE 15876 --- [blog] [restartedMain] o.s.t.i.TransactionInterceptor           : Getting transaction for [org.springframework.data.jpa.repository.support.SimpleJpaRepository.save]
2026-06-03T00:27:35.478-03:00 DEBUG 15876 --- [blog] [restartedMain] org.hibernate.SQL                        : 
    select
        ts1_0.id,
        ts1_0.nome_sol 
    from
        tipo_solo_terrabyte ts1_0 
    where
        ts1_0.id=?
2026-06-03T00:27:35.479-03:00 TRACE 15876 --- [blog] [restartedMain] o.s.t.i.TransactionInterceptor           : Completing transaction for [org.springframework.data.jpa.repository.support.SimpleJpaRepository.save]
2026-06-03T00:27:35.480-03:00 DEBUG 15876 --- [blog] [restartedMain] org.hibernate.SQL                        : 
    insert 
    into
        tipo_solo_terrabyte
        (nome_sol, id) 
    values
        (?, ?)
2026-06-03T00:27:35.481-03:00 TRACE 15876 --- [blog] [restartedMain] o.s.t.i.TransactionInterceptor           : Getting transaction for [org.springframework.data.jpa.repository.support.SimpleJpaRepository.save]
2026-06-03T00:27:35.481-03:00 DEBUG 15876 --- [blog] [restartedMain] org.hibernate.SQL                        : 
    select
        ts1_0.id,
        ts1_0.nome_sol 
    from
        tipo_solo_terrabyte ts1_0 
    where
        ts1_0.id=?
2026-06-03T00:27:35.481-03:00 TRACE 15876 --- [blog] [restartedMain] o.s.t.i.TransactionInterceptor           : Completing transaction for [org.springframework.data.jpa.repository.support.SimpleJpaRepository.save]
2026-06-03T00:27:35.482-03:00 DEBUG 15876 --- [blog] [restartedMain] org.hibernate.SQL                        : 
    insert 
    into
        tipo_solo_terrabyte
        (nome_sol, id) 
    values
        (?, ?)
2026-06-03T00:27:35.483-03:00 TRACE 15876 --- [blog] [restartedMain] o.s.t.i.TransactionInterceptor           : Getting transaction for [org.springframework.data.jpa.repository.support.SimpleJpaRepository.save]
2026-06-03T00:27:35.484-03:00 DEBUG 15876 --- [blog] [restartedMain] org.hibernate.SQL                        : 
    select
        ts1_0.id,
        ts1_0.nome_sol 
    from
        tipo_solo_terrabyte ts1_0 
    where
        ts1_0.id=?
2026-06-03T00:27:35.484-03:00 TRACE 15876 --- [blog] [restartedMain] o.s.t.i.TransactionInterceptor           : Completing transaction for [org.springframework.data.jpa.repository.support.SimpleJpaRepository.save]
2026-06-03T00:27:35.485-03:00 DEBUG 15876 --- [blog] [restartedMain] org.hibernate.SQL                        : 
    insert 
    into
        tipo_solo_terrabyte
        (nome_sol, id) 
    values
        (?, ?)
2026-06-03T00:27:35.486-03:00 TRACE 15876 --- [blog] [restartedMain] o.s.t.i.TransactionInterceptor           : Getting transaction for [org.springframework.data.jpa.repository.support.SimpleJpaRepository.save]
2026-06-03T00:27:35.486-03:00 DEBUG 15876 --- [blog] [restartedMain] org.hibernate.SQL                        : 
    select
        ts1_0.id,
        ts1_0.nome_sol 
    from
        tipo_solo_terrabyte ts1_0 
    where
        ts1_0.id=?
2026-06-03T00:27:35.486-03:00 TRACE 15876 --- [blog] [restartedMain] o.s.t.i.TransactionInterceptor           : Completing transaction for [org.springframework.data.jpa.repository.support.SimpleJpaRepository.save]
2026-06-03T00:27:35.486-03:00 DEBUG 15876 --- [blog] [restartedMain] org.hibernate.SQL                        : 
    insert 
    into
        tipo_solo_terrabyte
        (nome_sol, id) 
    values
        (?, ?)
2026-06-03T00:27:35.488-03:00 TRACE 15876 --- [blog] [restartedMain] o.s.t.i.TransactionInterceptor           : Getting transaction for [org.springframework.data.jpa.repository.support.SimpleJpaRepository.save]
2026-06-03T00:27:35.488-03:00 DEBUG 15876 --- [blog] [restartedMain] org.hibernate.SQL                        : 
    select
        ts1_0.id,
        ts1_0.nome_sol 
    from
        tipo_solo_terrabyte ts1_0 
    where
        ts1_0.id=?
2026-06-03T00:27:35.489-03:00 TRACE 15876 --- [blog] [restartedMain] o.s.t.i.TransactionInterceptor           : Completing transaction for [org.springframework.data.jpa.repository.support.SimpleJpaRepository.save]
2026-06-03T00:27:35.490-03:00 DEBUG 15876 --- [blog] [restartedMain] org.hibernate.SQL                        : 
    insert 
    into
        tipo_solo_terrabyte
        (nome_sol, id) 
    values
        (?, ?)
2026-06-03T00:27:43.968-03:00  INFO 15876 --- [blog] [http-nio-8080-exec-9] o.springdoc.api.AbstractOpenApiResource  : Init duration for springdoc-openapi is: 956 ms
2026-06-03T00:27:50.779-03:00 TRACE 15876 --- [blog] [http-nio-8080-exec-10] o.s.t.i.TransactionInterceptor           : Getting transaction for [br.com.fiap.javaadv.blog.backend.services.PlantioServiceImp.fetchAll]
2026-06-03T00:27:50.779-03:00 TRACE 15876 --- [blog] [http-nio-8080-exec-10] o.s.t.i.TransactionInterceptor           : Getting transaction for [org.springframework.data.jpa.repository.support.SimpleJpaRepository.findAll]
2026-06-03T00:27:50.920-03:00 DEBUG 15876 --- [blog] [http-nio-8080-exec-10] org.hibernate.SQL                        : 
    select
        p1_0.id,
        p1_0.agua_mm_plan,
        p1_0.epoca_plan,
        p1_0.nome_plan,
        p1_0.temp_max_plan,
        p1_0.temp_min_plan,
        p1_0.url_img_plan 
    from
        plantio_terrabyte p1_0 
    offset
        ? rows 
    fetch
        first ? rows only
2026-06-03T00:27:50.936-03:00 TRACE 15876 --- [blog] [http-nio-8080-exec-10] o.s.t.i.TransactionInterceptor           : Completing transaction for [org.springframework.data.jpa.repository.support.SimpleJpaRepository.findAll]
2026-06-03T00:27:50.936-03:00 TRACE 15876 --- [blog] [http-nio-8080-exec-10] o.s.t.i.TransactionInterceptor           : Completing transaction for [br.com.fiap.javaadv.blog.backend.services.PlantioServiceImp.fetchAll]
2026-06-03T00:28:09.474-03:00 TRACE 15876 --- [blog] [http-nio-8080-exec-2] o.s.t.i.TransactionInterceptor           : Getting transaction for [br.com.fiap.javaadv.blog.backend.services.EnderecoPlanServiceImp.create]
2026-06-03T00:31:48.718-03:00 TRACE 15876 --- [blog] [http-nio-8080-exec-4] o.s.t.i.TransactionInterceptor           : Getting transaction for [br.com.fiap.javaadv.blog.backend.services.EnderecoPlanServiceImp.create]
2026-06-03T00:32:39.044-03:00 TRACE 15876 --- [blog] [http-nio-8080-exec-3] o.s.t.i.TransactionInterceptor           : Getting transaction for [br.com.fiap.javaadv.blog.backend.services.EnderecoPlanServiceImp.create]
2026-06-03T00:32:51.655-03:00 TRACE 15876 --- [blog] [http-nio-8080-exec-4] o.s.t.i.TransactionInterceptor           : No need to create transaction for [org.springframework.data.jpa.repository.support.SimpleJpaRepository.findByNome]: This method is not transactional.
2026-06-03T00:32:51.679-03:00 DEBUG 15876 --- [blog] [http-nio-8080-exec-4] org.hibernate.SQL                        : 
    select
        ts1_0.id,
        ts1_0.nome_sol 
    from
        tipo_solo_terrabyte ts1_0 
    where
        ts1_0.nome_sol=?
2026-06-03T00:32:51.684-03:00 TRACE 15876 --- [blog] [http-nio-8080-exec-4] o.s.t.i.TransactionInterceptor           : Getting transaction for [org.springframework.data.jpa.repository.support.SimpleJpaRepository.save]
2026-06-03T00:32:51.688-03:00 TRACE 15876 --- [blog] [http-nio-8080-exec-4] o.s.t.i.TransactionInterceptor           : Completing transaction for [org.springframework.data.jpa.repository.support.SimpleJpaRepository.save]
2026-06-03T00:32:51.688-03:00 TRACE 15876 --- [blog] [http-nio-8080-exec-4] o.s.t.i.TransactionInterceptor           : Completing transaction for [br.com.fiap.javaadv.blog.backend.services.EnderecoPlanServiceImp.create]
2026-06-03T00:32:51.700-03:00 DEBUG 15876 --- [blog] [http-nio-8080-exec-4] org.hibernate.SQL                        : 
    insert 
    into
        endereco_plantio_terrabyte
        (areia_end, argila_end, bairro_end, cep_end, cidade_end, estado_end, lat_end, lograd_end, long_end, nome_end, raio_end, silto_end, id_solo_fk, id) 
    values
        (?, ?, ?, ?, ?, ?, ?, ?, ?, ?, ?, ?, ?, ?)
2026-06-03T00:34:37.534-03:00  INFO 15876 --- [blog] [SpringApplicationShutdownHook] o.s.b.w.e.tomcat.GracefulShutdown        : Commencing graceful shutdown. Waiting for active requests to complete
2026-06-03T00:34:57.145-03:00  INFO 19132 --- [blog] [restartedMain] b.c.f.j.blog.backend.BackendApplication  : Starting BackendApplication using Java 21.0.11 with PID 19132 (C:\Users\carol\OneDrive\Área de Trabalho\FIAP\Global - 1Sem\Java\backend\target\classes started by carol in C:\Users\carol\OneDrive\Área de Trabalho\FIAP\Global - 1Sem\Java\backend)
2026-06-03T00:34:57.148-03:00  INFO 19132 --- [blog] [restartedMain] b.c.f.j.blog.backend.BackendApplication  : No active profile set, falling back to 1 default profile: "default"
2026-06-03T00:34:57.234-03:00  INFO 19132 --- [blog] [restartedMain] o.s.b.devtools.restart.ChangeableUrls    : The Class-Path manifest attribute in C:\Users\carol\.m2\repository\com\oracle\database\jdbc\ojdbc11\23.7.0.25.01\ojdbc11-23.7.0.25.01.jar referenced one or more files that do not exist: file:/C:/Users/carol/.m2/repository/com/oracle/database/jdbc/ojdbc11/23.7.0.25.01/oraclepki.jar
2026-06-03T00:34:57.234-03:00  INFO 19132 --- [blog] [restartedMain] .e.DevToolsPropertyDefaultsPostProcessor : Devtools property defaults active! Set 'spring.devtools.add-properties' to 'false' to disable
2026-06-03T00:34:57.234-03:00  INFO 19132 --- [blog] [restartedMain] .e.DevToolsPropertyDefaultsPostProcessor : For additional web related logging consider setting the 'logging.level.web' property to 'DEBUG'
2026-06-03T00:34:59.117-03:00  INFO 19132 --- [blog] [restartedMain] .s.d.r.c.RepositoryConfigurationDelegate : Bootstrapping Spring Data JPA repositories in DEFAULT mode.
2026-06-03T00:34:59.318-03:00  INFO 19132 --- [blog] [restartedMain] .s.d.r.c.RepositoryConfigurationDelegate : Finished Spring Data repository scanning in 113 ms. Found 6 JPA repository interfaces.
2026-06-03T00:35:00.397-03:00  INFO 19132 --- [blog] [restartedMain] o.s.b.w.embedded.tomcat.TomcatWebServer  : Tomcat initialized with port 8080 (http)
2026-06-03T00:35:00.484-03:00  INFO 19132 --- [blog] [restartedMain] w.s.c.ServletWebServerApplicationContext : Root WebApplicationContext: initialization completed in 3248 ms
2026-06-03T00:35:00.691-03:00  INFO 19132 --- [blog] [restartedMain] o.hibernate.jpa.internal.util.LogHelper  : HHH000204: Processing PersistenceUnitInfo [name: default]
2026-06-03T00:35:00.751-03:00  INFO 19132 --- [blog] [restartedMain] org.hibernate.Version                    : HHH000412: Hibernate ORM core version 6.6.15.Final
2026-06-03T00:35:00.803-03:00  INFO 19132 --- [blog] [restartedMain] o.h.c.internal.RegionFactoryInitiator    : HHH000026: Second-level cache disabled
2026-06-03T00:35:01.173-03:00  INFO 19132 --- [blog] [restartedMain] o.s.o.j.p.SpringPersistenceUnitInfo      : No LoadTimeWeaver setup: ignoring JPA class transformer
2026-06-03T00:35:01.207-03:00  INFO 19132 --- [blog] [restartedMain] com.zaxxer.hikari.HikariDataSource       : blogHikariConnectionPool - Starting...
2026-06-03T00:35:01.714-03:00  INFO 19132 --- [blog] [restartedMain] com.zaxxer.hikari.pool.HikariPool        : blogHikariConnectionPool - Added connection conn0: url=jdbc:h2:mem:blogdb user=SA
2026-06-03T00:35:01.716-03:00  INFO 19132 --- [blog] [restartedMain] com.zaxxer.hikari.HikariDataSource       : blogHikariConnectionPool - Start completed.
2026-06-03T00:35:01.808-03:00  INFO 19132 --- [blog] [restartedMain] org.hibernate.orm.connections.pooling    : HHH10001005: Database info:
	Database JDBC URL [Connecting through datasource 'HikariDataSource (blogHikariConnectionPool)']
	Database driver: undefined/unknown
	Database version: 2.3.232
	Autocommit mode: undefined/unknown
	Isolation level: undefined/unknown
	Minimum pool size: undefined/unknown
	Maximum pool size: undefined/unknown
2026-06-03T00:35:08.221-03:00  INFO 11672 --- [blog] [restartedMain] b.c.f.j.blog.backend.BackendApplication  : Starting BackendApplication using Java 21.0.11 with PID 11672 (C:\Users\carol\OneDrive\Área de Trabalho\FIAP\Global - 1Sem\Java\backend\target\classes started by carol in C:\Users\carol\OneDrive\Área de Trabalho\FIAP\Global - 1Sem\Java\backend)
2026-06-03T00:35:08.224-03:00  INFO 11672 --- [blog] [restartedMain] b.c.f.j.blog.backend.BackendApplication  : No active profile set, falling back to 1 default profile: "default"
2026-06-03T00:35:08.293-03:00  INFO 11672 --- [blog] [restartedMain] o.s.b.devtools.restart.ChangeableUrls    : The Class-Path manifest attribute in C:\Users\carol\.m2\repository\com\oracle\database\jdbc\ojdbc11\23.7.0.25.01\ojdbc11-23.7.0.25.01.jar referenced one or more files that do not exist: file:/C:/Users/carol/.m2/repository/com/oracle/database/jdbc/ojdbc11/23.7.0.25.01/oraclepki.jar
2026-06-03T00:35:08.294-03:00  INFO 11672 --- [blog] [restartedMain] .e.DevToolsPropertyDefaultsPostProcessor : Devtools property defaults active! Set 'spring.devtools.add-properties' to 'false' to disable
2026-06-03T00:35:08.294-03:00  INFO 11672 --- [blog] [restartedMain] .e.DevToolsPropertyDefaultsPostProcessor : For additional web related logging consider setting the 'logging.level.web' property to 'DEBUG'
2026-06-03T00:35:10.930-03:00  INFO 11672 --- [blog] [restartedMain] .s.d.r.c.RepositoryConfigurationDelegate : Bootstrapping Spring Data JPA repositories in DEFAULT mode.
2026-06-03T00:35:11.163-03:00  INFO 11672 --- [blog] [restartedMain] .s.d.r.c.RepositoryConfigurationDelegate : Finished Spring Data repository scanning in 214 ms. Found 6 JPA repository interfaces.
2026-06-03T00:35:12.529-03:00  INFO 11672 --- [blog] [restartedMain] o.s.b.w.embedded.tomcat.TomcatWebServer  : Tomcat initialized with port 8080 (http)
2026-06-03T00:35:12.550-03:00  INFO 11672 --- [blog] [restartedMain] o.apache.catalina.core.StandardService   : Starting service [Tomcat]
2026-06-03T00:35:12.553-03:00  INFO 11672 --- [blog] [restartedMain] o.apache.catalina.core.StandardEngine    : Starting Servlet engine: [Apache Tomcat/10.1.41]
2026-06-03T00:35:12.626-03:00  INFO 11672 --- [blog] [restartedMain] o.a.c.c.C.[Tomcat].[localhost].[/]       : Initializing Spring embedded WebApplicationContext
2026-06-03T00:35:12.627-03:00  INFO 11672 --- [blog] [restartedMain] w.s.c.ServletWebServerApplicationContext : Root WebApplicationContext: initialization completed in 4332 ms
2026-06-03T00:35:12.858-03:00  INFO 11672 --- [blog] [restartedMain] o.hibernate.jpa.internal.util.LogHelper  : HHH000204: Processing PersistenceUnitInfo [name: default]
2026-06-03T00:35:12.922-03:00  INFO 11672 --- [blog] [restartedMain] org.hibernate.Version                    : HHH000412: Hibernate ORM core version 6.6.15.Final
2026-06-03T00:35:12.962-03:00  INFO 11672 --- [blog] [restartedMain] o.h.c.internal.RegionFactoryInitiator    : HHH000026: Second-level cache disabled
2026-06-03T00:35:13.393-03:00  INFO 11672 --- [blog] [restartedMain] o.s.o.j.p.SpringPersistenceUnitInfo      : No LoadTimeWeaver setup: ignoring JPA class transformer
2026-06-03T00:35:13.434-03:00  INFO 11672 --- [blog] [restartedMain] com.zaxxer.hikari.HikariDataSource       : blogHikariConnectionPool - Starting...
2026-06-03T00:35:13.809-03:00  INFO 11672 --- [blog] [restartedMain] com.zaxxer.hikari.pool.HikariPool        : blogHikariConnectionPool - Added connection conn0: url=jdbc:h2:mem:blogdb user=SA
2026-06-03T00:35:13.811-03:00  INFO 11672 --- [blog] [restartedMain] com.zaxxer.hikari.HikariDataSource       : blogHikariConnectionPool - Start completed.
2026-06-03T00:35:13.929-03:00  INFO 11672 --- [blog] [restartedMain] org.hibernate.orm.connections.pooling    : HHH10001005: Database info:
	Database JDBC URL [Connecting through datasource 'HikariDataSource (blogHikariConnectionPool)']
	Database driver: undefined/unknown
	Database version: 2.3.232
	Autocommit mode: undefined/unknown
	Isolation level: undefined/unknown
	Minimum pool size: undefined/unknown
	Maximum pool size: undefined/unknown
2026-06-03T00:35:15.665-03:00  INFO 11672 --- [blog] [restartedMain] o.h.e.t.j.p.i.JtaPlatformInitiator       : HHH000489: No JTA platform available (set 'hibernate.transaction.jta.platform' to enable JTA platform integration)
2026-06-03T00:35:15.687-03:00 DEBUG 11672 --- [blog] [restartedMain] org.hibernate.SQL                        : 
    drop table if exists analise_plantio_terrabyte cascade 
2026-06-03T00:35:15.690-03:00 DEBUG 11672 --- [blog] [restartedMain] org.hibernate.SQL                        : 
    drop table if exists defensivo_terrabyte cascade 
2026-06-03T00:35:15.691-03:00 DEBUG 11672 --- [blog] [restartedMain] org.hibernate.SQL                        : 
    drop table if exists endereco_plantio_terrabyte cascade 
2026-06-03T00:35:15.691-03:00 DEBUG 11672 --- [blog] [restartedMain] org.hibernate.SQL                        : 
    drop table if exists plan_def_terrabyte cascade 
2026-06-03T00:35:15.691-03:00 DEBUG 11672 --- [blog] [restartedMain] org.hibernate.SQL                        : 
    drop table if exists plan_tp_terrabyte cascade 
2026-06-03T00:35:15.691-03:00 DEBUG 11672 --- [blog] [restartedMain] org.hibernate.SQL                        : 
    drop table if exists plantio_terrabyte cascade 
2026-06-03T00:35:15.692-03:00 DEBUG 11672 --- [blog] [restartedMain] org.hibernate.SQL                        : 
    drop table if exists tipo_solo_terrabyte cascade 
2026-06-03T00:35:15.692-03:00 DEBUG 11672 --- [blog] [restartedMain] org.hibernate.SQL                        : 
    drop table if exists usuario_terrabyte cascade 
2026-06-03T00:35:15.696-03:00 DEBUG 11672 --- [blog] [restartedMain] org.hibernate.SQL                        : 
    create table analise_plantio_terrabyte (
        adeq_ana float(53),
        dt_ana date,
        temp_max_ana float(53),
        temp_min_ana float(53),
        umidade_med_ana float(53),
        id uuid not null,
        "id_end_(pk)" uuid,
        "id_plan_(pk)" uuid,
        "id_usu_(pk)" uuid,
        nvl_risc_ana varchar(255),
        rec_ana varchar(255),
        primary key (id)
    )
2026-06-03T00:35:15.707-03:00 DEBUG 11672 --- [blog] [restartedMain] org.hibernate.SQL                        : 
    create table defensivo_terrabyte (
        id uuid not null,
        nome_def varchar(100) not null,
        tipo_def varchar(100) not null,
        primary key (id)
    )
2026-06-03T00:35:15.709-03:00 DEBUG 11672 --- [blog] [restartedMain] org.hibernate.SQL                        : 
    create table endereco_plantio_terrabyte (
        areia_end float(53),
        argila_end float(53),
        lat_end float(53),
        long_end float(53),
        raio_end float(53),
        silto_end float(53),
        cep_end varchar(9) not null,
        id uuid not null,
        id_solo_fk uuid,
        bairro_end varchar(100),
        cidade_end varchar(100),
        estado_end varchar(100),
        lograd_end varchar(100),
        nome_end varchar(300),
        primary key (id)
    )
2026-06-03T00:35:15.710-03:00 DEBUG 11672 --- [blog] [restartedMain] org.hibernate.SQL                        : 
    create table plan_def_terrabyte (
        "id_def_(fk)" uuid not null,
        "id_plan_(fk)" uuid not null,
        primary key ("id_def_(fk)", "id_plan_(fk)")
    )
2026-06-03T00:35:15.712-03:00 DEBUG 11672 --- [blog] [restartedMain] org.hibernate.SQL                        : 
    create table plan_tp_terrabyte (
        "id_plan_(fk)" uuid not null,
        "id_solo_(fk)" uuid not null,
        primary key ("id_plan_(fk)", "id_solo_(fk)")
    )
2026-06-03T00:35:15.713-03:00 DEBUG 11672 --- [blog] [restartedMain] org.hibernate.SQL                        : 
    create table plantio_terrabyte (
        agua_mm_plan float(53) not null,
        temp_max_plan float(53) not null,
        temp_min_plan float(53) not null,
        id uuid not null,
        url_img_plan varchar(100),
        nome_plan varchar(150) not null,
        epoca_plan tinyint array not null,
        primary key (id)
    )
2026-06-03T00:35:15.714-03:00 DEBUG 11672 --- [blog] [restartedMain] org.hibernate.SQL                        : 
    create table tipo_solo_terrabyte (
        id uuid not null,
        nome_sol varchar(150) not null,
        primary key (id)
    )
2026-06-03T00:35:15.715-03:00 DEBUG 11672 --- [blog] [restartedMain] org.hibernate.SQL                        : 
    create table usuario_terrabyte (
        data_nasc_usu date not null,
        sexo_usu tinyint not null check (sexo_usu between 0 and 1),
        tel_usu varchar(11) not null,
        id uuid not null,
        email_usu varchar(100) not null,
        nome_usu varchar(100) not null,
        senha_usu varchar(100) not null,
        url_img_usu varchar(100),
        primary key (id)
    )
2026-06-03T00:35:15.721-03:00 DEBUG 11672 --- [blog] [restartedMain] org.hibernate.SQL                        : 
    alter table if exists analise_plantio_terrabyte 
       add constraint FKm2t7s0ieg1x7yq7d7b5hgg1qj 
       foreign key ("id_end_(pk)") 
       references endereco_plantio_terrabyte
2026-06-03T00:35:15.732-03:00 DEBUG 11672 --- [blog] [restartedMain] org.hibernate.SQL                        : 
    alter table if exists analise_plantio_terrabyte 
       add constraint FK7q2auth5aj4t4jm6n5y7svcfb 
       foreign key ("id_plan_(pk)") 
       references plantio_terrabyte
2026-06-03T00:35:15.734-03:00 DEBUG 11672 --- [blog] [restartedMain] org.hibernate.SQL                        : 
    alter table if exists analise_plantio_terrabyte 
       add constraint FK1vw0pr8bh1h2joy8b154di38s 
       foreign key ("id_usu_(pk)") 
       references usuario_terrabyte
2026-06-03T00:35:15.738-03:00 DEBUG 11672 --- [blog] [restartedMain] org.hibernate.SQL                        : 
    alter table if exists endereco_plantio_terrabyte 
       add constraint FKixee6jq0ndswkrhidf4x6djy5 
       foreign key (id_solo_fk) 
       references tipo_solo_terrabyte
2026-06-03T00:35:15.739-03:00 DEBUG 11672 --- [blog] [restartedMain] org.hibernate.SQL                        : 
    alter table if exists plan_def_terrabyte 
       add constraint FKp0xenvr5hdhfkyyvbqwuxk1oc 
       foreign key ("id_def_(fk)") 
       references defensivo_terrabyte
2026-06-03T00:35:15.741-03:00 DEBUG 11672 --- [blog] [restartedMain] org.hibernate.SQL                        : 
    alter table if exists plan_def_terrabyte 
       add constraint FKa0bqr2mgy5kt5mlbrc8xmbkii 
       foreign key ("id_plan_(fk)") 
       references plantio_terrabyte
2026-06-03T00:35:15.743-03:00 DEBUG 11672 --- [blog] [restartedMain] org.hibernate.SQL                        : 
    alter table if exists plan_tp_terrabyte 
       add constraint FK2favlmqtx395sy8jtphut1ge2 
       foreign key ("id_solo_(fk)") 
       references tipo_solo_terrabyte
2026-06-03T00:35:15.744-03:00 DEBUG 11672 --- [blog] [restartedMain] org.hibernate.SQL                        : 
    alter table if exists plan_tp_terrabyte 
       add constraint FKiebsj2yn45ohwc49alii3kfvo 
       foreign key ("id_plan_(fk)") 
       references plantio_terrabyte
2026-06-03T00:35:15.750-03:00  INFO 11672 --- [blog] [restartedMain] j.LocalContainerEntityManagerFactoryBean : Initialized JPA EntityManagerFactory for persistence unit 'default'
2026-06-03T00:35:16.761-03:00 TRACE 11672 --- [blog] [restartedMain] t.a.AnnotationTransactionAttributeSource : Adding transactional method 'br.com.fiap.javaadv.blog.backend.services.AnaliseServiceImp.delete' with attribute: PROPAGATION_REQUIRED,ISOLATION_DEFAULT
2026-06-03T00:35:16.775-03:00 TRACE 11672 --- [blog] [restartedMain] t.a.AnnotationTransactionAttributeSource : Adding transactional method 'br.com.fiap.javaadv.blog.backend.services.AnaliseServiceImp.create' with attribute: PROPAGATION_REQUIRED,ISOLATION_DEFAULT
2026-06-03T00:35:16.775-03:00 TRACE 11672 --- [blog] [restartedMain] t.a.AnnotationTransactionAttributeSource : Adding transactional method 'br.com.fiap.javaadv.blog.backend.services.AnaliseServiceImp.existsById' with attribute: PROPAGATION_NOT_SUPPORTED,ISOLATION_DEFAULT
2026-06-03T00:35:16.775-03:00 TRACE 11672 --- [blog] [restartedMain] t.a.AnnotationTransactionAttributeSource : Adding transactional method 'br.com.fiap.javaadv.blog.backend.services.AnaliseServiceImp.fetchAll' with attribute: PROPAGATION_REQUIRED,ISOLATION_DEFAULT
2026-06-03T00:35:16.775-03:00 TRACE 11672 --- [blog] [restartedMain] t.a.AnnotationTransactionAttributeSource : Adding transactional method 'br.com.fiap.javaadv.blog.backend.services.AnaliseServiceImp.fetchById' with attribute: PROPAGATION_NOT_SUPPORTED,ISOLATION_DEFAULT
2026-06-03T00:35:16.829-03:00 TRACE 11672 --- [blog] [restartedMain] t.a.AnnotationTransactionAttributeSource : Adding transactional method 'br.com.fiap.javaadv.blog.backend.services.DefensivoServiceImp.delete' with attribute: PROPAGATION_REQUIRED,ISOLATION_DEFAULT
2026-06-03T00:35:16.831-03:00 TRACE 11672 --- [blog] [restartedMain] t.a.AnnotationTransactionAttributeSource : Adding transactional method 'br.com.fiap.javaadv.blog.backend.services.DefensivoServiceImp.create' with attribute: PROPAGATION_REQUIRED,ISOLATION_DEFAULT
2026-06-03T00:35:16.831-03:00 TRACE 11672 --- [blog] [restartedMain] t.a.AnnotationTransactionAttributeSource : Adding transactional method 'br.com.fiap.javaadv.blog.backend.services.DefensivoServiceImp.existsById' with attribute: PROPAGATION_NOT_SUPPORTED,ISOLATION_DEFAULT
2026-06-03T00:35:16.831-03:00 TRACE 11672 --- [blog] [restartedMain] t.a.AnnotationTransactionAttributeSource : Adding transactional method 'br.com.fiap.javaadv.blog.backend.services.DefensivoServiceImp.fetchAll' with attribute: PROPAGATION_REQUIRED,ISOLATION_DEFAULT
2026-06-03T00:35:16.831-03:00 TRACE 11672 --- [blog] [restartedMain] t.a.AnnotationTransactionAttributeSource : Adding transactional method 'br.com.fiap.javaadv.blog.backend.services.DefensivoServiceImp.fetchById' with attribute: PROPAGATION_NOT_SUPPORTED,ISOLATION_DEFAULT
2026-06-03T00:35:16.878-03:00 TRACE 11672 --- [blog] [restartedMain] t.a.AnnotationTransactionAttributeSource : Adding transactional method 'br.com.fiap.javaadv.blog.backend.services.EnderecoPlanServiceImp.update' with attribute: PROPAGATION_REQUIRED,ISOLATION_DEFAULT
2026-06-03T00:35:16.888-03:00 TRACE 11672 --- [blog] [restartedMain] t.a.AnnotationTransactionAttributeSource : Adding transactional method 'br.com.fiap.javaadv.blog.backend.services.EnderecoPlanServiceImp.delete' with attribute: PROPAGATION_REQUIRED,ISOLATION_DEFAULT
2026-06-03T00:35:16.888-03:00 TRACE 11672 --- [blog] [restartedMain] t.a.AnnotationTransactionAttributeSource : Adding transactional method 'br.com.fiap.javaadv.blog.backend.services.EnderecoPlanServiceImp.create' with attribute: PROPAGATION_REQUIRED,ISOLATION_DEFAULT
2026-06-03T00:35:16.888-03:00 TRACE 11672 --- [blog] [restartedMain] t.a.AnnotationTransactionAttributeSource : Adding transactional method 'br.com.fiap.javaadv.blog.backend.services.EnderecoPlanServiceImp.existsById' with attribute: PROPAGATION_NOT_SUPPORTED,ISOLATION_DEFAULT
2026-06-03T00:35:16.889-03:00 TRACE 11672 --- [blog] [restartedMain] t.a.AnnotationTransactionAttributeSource : Adding transactional method 'br.com.fiap.javaadv.blog.backend.services.EnderecoPlanServiceImp.fetchAll' with attribute: PROPAGATION_REQUIRED,ISOLATION_DEFAULT
2026-06-03T00:35:16.889-03:00 TRACE 11672 --- [blog] [restartedMain] t.a.AnnotationTransactionAttributeSource : Adding transactional method 'br.com.fiap.javaadv.blog.backend.services.EnderecoPlanServiceImp.fetchById' with attribute: PROPAGATION_NOT_SUPPORTED,ISOLATION_DEFAULT
2026-06-03T00:35:16.899-03:00 TRACE 11672 --- [blog] [restartedMain] t.a.AnnotationTransactionAttributeSource : Adding transactional method 'br.com.fiap.javaadv.blog.backend.services.PlantioServiceImp.delete' with attribute: PROPAGATION_REQUIRED,ISOLATION_DEFAULT
2026-06-03T00:35:16.900-03:00 TRACE 11672 --- [blog] [restartedMain] t.a.AnnotationTransactionAttributeSource : Adding transactional method 'br.com.fiap.javaadv.blog.backend.services.PlantioServiceImp.create' with attribute: PROPAGATION_REQUIRED,ISOLATION_DEFAULT
2026-06-03T00:35:16.901-03:00 TRACE 11672 --- [blog] [restartedMain] t.a.AnnotationTransactionAttributeSource : Adding transactional method 'br.com.fiap.javaadv.blog.backend.services.PlantioServiceImp.existsById' with attribute: PROPAGATION_NOT_SUPPORTED,ISOLATION_DEFAULT
2026-06-03T00:35:16.901-03:00 TRACE 11672 --- [blog] [restartedMain] t.a.AnnotationTransactionAttributeSource : Adding transactional method 'br.com.fiap.javaadv.blog.backend.services.PlantioServiceImp.fetchAll' with attribute: PROPAGATION_REQUIRED,ISOLATION_DEFAULT
2026-06-03T00:35:16.901-03:00 TRACE 11672 --- [blog] [restartedMain] t.a.AnnotationTransactionAttributeSource : Adding transactional method 'br.com.fiap.javaadv.blog.backend.services.PlantioServiceImp.fetchById' with attribute: PROPAGATION_NOT_SUPPORTED,ISOLATION_DEFAULT
2026-06-03T00:35:16.913-03:00 TRACE 11672 --- [blog] [restartedMain] t.a.AnnotationTransactionAttributeSource : Adding transactional method 'br.com.fiap.javaadv.blog.backend.services.TipoSoloServiceImp.delete' with attribute: PROPAGATION_REQUIRED,ISOLATION_DEFAULT
2026-06-03T00:35:16.914-03:00 TRACE 11672 --- [blog] [restartedMain] t.a.AnnotationTransactionAttributeSource : Adding transactional method 'br.com.fiap.javaadv.blog.backend.services.TipoSoloServiceImp.create' with attribute: PROPAGATION_REQUIRED,ISOLATION_DEFAULT
2026-06-03T00:35:16.914-03:00 TRACE 11672 --- [blog] [restartedMain] t.a.AnnotationTransactionAttributeSource : Adding transactional method 'br.com.fiap.javaadv.blog.backend.services.TipoSoloServiceImp.existsById' with attribute: PROPAGATION_NOT_SUPPORTED,ISOLATION_DEFAULT
2026-06-03T00:35:16.914-03:00 TRACE 11672 --- [blog] [restartedMain] t.a.AnnotationTransactionAttributeSource : Adding transactional method 'br.com.fiap.javaadv.blog.backend.services.TipoSoloServiceImp.fetchAll' with attribute: PROPAGATION_REQUIRED,ISOLATION_DEFAULT
2026-06-03T00:35:16.914-03:00 TRACE 11672 --- [blog] [restartedMain] t.a.AnnotationTransactionAttributeSource : Adding transactional method 'br.com.fiap.javaadv.blog.backend.services.TipoSoloServiceImp.fetchById' with attribute: PROPAGATION_NOT_SUPPORTED,ISOLATION_DEFAULT
2026-06-03T00:35:16.926-03:00 TRACE 11672 --- [blog] [restartedMain] t.a.AnnotationTransactionAttributeSource : Adding transactional method 'br.com.fiap.javaadv.blog.backend.services.UsuarioServiceImp.update' with attribute: PROPAGATION_REQUIRED,ISOLATION_DEFAULT
2026-06-03T00:35:16.927-03:00 TRACE 11672 --- [blog] [restartedMain] t.a.AnnotationTransactionAttributeSource : Adding transactional method 'br.com.fiap.javaadv.blog.backend.services.UsuarioServiceImp.delete' with attribute: PROPAGATION_REQUIRED,ISOLATION_DEFAULT
2026-06-03T00:35:16.927-03:00 TRACE 11672 --- [blog] [restartedMain] t.a.AnnotationTransactionAttributeSource : Adding transactional method 'br.com.fiap.javaadv.blog.backend.services.UsuarioServiceImp.create' with attribute: PROPAGATION_REQUIRED,ISOLATION_DEFAULT
2026-06-03T00:35:16.927-03:00 TRACE 11672 --- [blog] [restartedMain] t.a.AnnotationTransactionAttributeSource : Adding transactional method 'br.com.fiap.javaadv.blog.backend.services.UsuarioServiceImp.existsById' with attribute: PROPAGATION_NOT_SUPPORTED,ISOLATION_DEFAULT
2026-06-03T00:35:16.927-03:00 TRACE 11672 --- [blog] [restartedMain] t.a.AnnotationTransactionAttributeSource : Adding transactional method 'br.com.fiap.javaadv.blog.backend.services.UsuarioServiceImp.fetchByEmail' with attribute: PROPAGATION_REQUIRED,ISOLATION_DEFAULT
2026-06-03T00:35:16.927-03:00 TRACE 11672 --- [blog] [restartedMain] t.a.AnnotationTransactionAttributeSource : Adding transactional method 'br.com.fiap.javaadv.blog.backend.services.UsuarioServiceImp.fetchAll' with attribute: PROPAGATION_REQUIRED,ISOLATION_DEFAULT
2026-06-03T00:35:16.927-03:00 TRACE 11672 --- [blog] [restartedMain] t.a.AnnotationTransactionAttributeSource : Adding transactional method 'br.com.fiap.javaadv.blog.backend.services.UsuarioServiceImp.fetchById' with attribute: PROPAGATION_NOT_SUPPORTED,ISOLATION_DEFAULT
2026-06-03T00:35:17.209-03:00  WARN 11672 --- [blog] [restartedMain] JpaBaseConfiguration$JpaWebConfiguration : spring.jpa.open-in-view is enabled by default. Therefore, database queries may be performed during view rendering. Explicitly configure spring.jpa.open-in-view to disable this warning
2026-06-03T00:35:17.249-03:00  INFO 11672 --- [blog] [restartedMain] eAuthenticationProviderManagerConfigurer : Global AuthenticationManager configured with AuthenticationProvider bean with name authenticationProvider
2026-06-03T00:35:17.250-03:00  WARN 11672 --- [blog] [restartedMain] r$InitializeUserDetailsManagerConfigurer : Global AuthenticationManager configured with an AuthenticationProvider bean. UserDetailsService beans will not be used by Spring Security for automatically configuring username/password login. Consider removing the AuthenticationProvider bean. Alternatively, consider using the UserDetailsService in a manually instantiated DaoAuthenticationProvider. If the current configuration is intentional, to turn off this warning, increase the logging level of 'org.springframework.security.config.annotation.authentication.configuration.InitializeUserDetailsBeanManagerConfigurer' to ERROR
2026-06-03T00:35:18.032-03:00  INFO 11672 --- [blog] [restartedMain] o.s.b.a.h2.H2ConsoleAutoConfiguration    : H2 console available at '/console'. Database available at 'jdbc:h2:mem:blogdb'
2026-06-03T00:35:18.297-03:00  INFO 11672 --- [blog] [restartedMain] o.s.b.d.a.OptionalLiveReloadServer       : LiveReload server is running on port 35729
2026-06-03T00:35:18.338-03:00  INFO 11672 --- [blog] [restartedMain] o.a.c.c.C.[Tomcat].[localhost].[/]       : Initializing Spring DispatcherServlet 'dispatcherServlet'
2026-06-03T00:35:18.338-03:00  INFO 11672 --- [blog] [restartedMain] o.s.web.servlet.DispatcherServlet        : Initializing Servlet 'dispatcherServlet'
2026-06-03T00:35:18.340-03:00  INFO 11672 --- [blog] [restartedMain] o.s.web.servlet.DispatcherServlet        : Completed initialization in 2 ms
2026-06-03T00:35:18.341-03:00  INFO 11672 --- [blog] [restartedMain] o.s.b.w.embedded.tomcat.TomcatWebServer  : Tomcat started on port 8080 (http) with context path '/'
2026-06-03T00:35:18.350-03:00  INFO 11672 --- [blog] [restartedMain] b.c.f.j.blog.backend.BackendApplication  : Started BackendApplication in 11.071 seconds (process running for 11.951)
2026-06-03T00:35:18.380-03:00 TRACE 11672 --- [blog] [restartedMain] o.s.t.i.TransactionInterceptor           : Getting transaction for [org.springframework.data.jpa.repository.support.SimpleJpaRepository.save]
2026-06-03T00:35:18.480-03:00 DEBUG 11672 --- [blog] [restartedMain] org.hibernate.SQL                        : 
    select
        d1_0.id,
        d1_0.nome_def,
        d1_0.tipo_def 
    from
        defensivo_terrabyte d1_0 
    where
        d1_0.id=?
2026-06-03T00:35:18.556-03:00 TRACE 11672 --- [blog] [restartedMain] o.s.t.i.TransactionInterceptor           : Completing transaction for [org.springframework.data.jpa.repository.support.SimpleJpaRepository.save]
2026-06-03T00:35:18.665-03:00 DEBUG 11672 --- [blog] [restartedMain] org.hibernate.SQL                        : 
    insert 
    into
        defensivo_terrabyte
        (nome_def, tipo_def, id) 
    values
        (?, ?, ?)
2026-06-03T00:35:19.346-03:00 TRACE 11672 --- [blog] [restartedMain] o.s.t.i.TransactionInterceptor           : Getting transaction for [org.springframework.data.jpa.repository.support.SimpleJpaRepository.save]
2026-06-03T00:35:19.347-03:00 DEBUG 11672 --- [blog] [restartedMain] org.hibernate.SQL                        : 
    select
        u1_0.id,
        u1_0.data_nasc_usu,
        u1_0.email_usu,
        u1_0.nome_usu,
        u1_0.senha_usu,
        u1_0.sexo_usu,
        u1_0.tel_usu,
        u1_0.url_img_usu 
    from
        usuario_terrabyte u1_0 
    where
        u1_0.id=?
2026-06-03T00:35:19.349-03:00 TRACE 11672 --- [blog] [restartedMain] o.s.t.i.TransactionInterceptor           : Completing transaction for [org.springframework.data.jpa.repository.support.SimpleJpaRepository.save]
2026-06-03T00:35:19.350-03:00 DEBUG 11672 --- [blog] [restartedMain] org.hibernate.SQL                        : 
    insert 
    into
        usuario_terrabyte
        (data_nasc_usu, email_usu, nome_usu, senha_usu, sexo_usu, tel_usu, url_img_usu, id) 
    values
        (?, ?, ?, ?, ?, ?, ?, ?)
2026-06-03T00:35:19.353-03:00 TRACE 11672 --- [blog] [restartedMain] o.s.t.i.TransactionInterceptor           : Getting transaction for [org.springframework.data.jpa.repository.support.SimpleJpaRepository.save]
2026-06-03T00:35:19.354-03:00 DEBUG 11672 --- [blog] [restartedMain] org.hibernate.SQL                        : 
    select
        p1_0.id,
        p1_0.agua_mm_plan,
        p1_0.epoca_plan,
        p1_0.nome_plan,
        p1_0.temp_max_plan,
        p1_0.temp_min_plan,
        p1_0.url_img_plan 
    from
        plantio_terrabyte p1_0 
    where
        p1_0.id=?
2026-06-03T00:35:19.358-03:00 TRACE 11672 --- [blog] [restartedMain] o.s.t.i.TransactionInterceptor           : Completing transaction for [org.springframework.data.jpa.repository.support.SimpleJpaRepository.save]
2026-06-03T00:35:19.359-03:00 DEBUG 11672 --- [blog] [restartedMain] org.hibernate.SQL                        : 
    insert 
    into
        plantio_terrabyte
        (agua_mm_plan, epoca_plan, nome_plan, temp_max_plan, temp_min_plan, url_img_plan, id) 
    values
        (?, ?, ?, ?, ?, ?, ?)
2026-06-03T00:35:19.362-03:00 TRACE 11672 --- [blog] [restartedMain] o.s.t.i.TransactionInterceptor           : Getting transaction for [org.springframework.data.jpa.repository.support.SimpleJpaRepository.save]
2026-06-03T00:35:19.363-03:00 DEBUG 11672 --- [blog] [restartedMain] org.hibernate.SQL                        : 
    select
        p1_0.id,
        p1_0.agua_mm_plan,
        p1_0.epoca_plan,
        p1_0.nome_plan,
        p1_0.temp_max_plan,
        p1_0.temp_min_plan,
        p1_0.url_img_plan 
    from
        plantio_terrabyte p1_0 
    where
        p1_0.id=?
2026-06-03T00:35:19.364-03:00 TRACE 11672 --- [blog] [restartedMain] o.s.t.i.TransactionInterceptor           : Completing transaction for [org.springframework.data.jpa.repository.support.SimpleJpaRepository.save]
2026-06-03T00:35:19.365-03:00 DEBUG 11672 --- [blog] [restartedMain] org.hibernate.SQL                        : 
    insert 
    into
        plantio_terrabyte
        (agua_mm_plan, epoca_plan, nome_plan, temp_max_plan, temp_min_plan, url_img_plan, id) 
    values
        (?, ?, ?, ?, ?, ?, ?)
2026-06-03T00:35:19.366-03:00 TRACE 11672 --- [blog] [restartedMain] o.s.t.i.TransactionInterceptor           : Getting transaction for [org.springframework.data.jpa.repository.support.SimpleJpaRepository.save]
2026-06-03T00:35:19.367-03:00 DEBUG 11672 --- [blog] [restartedMain] org.hibernate.SQL                        : 
    select
        ts1_0.id,
        ts1_0.nome_sol 
    from
        tipo_solo_terrabyte ts1_0 
    where
        ts1_0.id=?
2026-06-03T00:35:19.369-03:00 TRACE 11672 --- [blog] [restartedMain] o.s.t.i.TransactionInterceptor           : Completing transaction for [org.springframework.data.jpa.repository.support.SimpleJpaRepository.save]
2026-06-03T00:35:19.371-03:00 DEBUG 11672 --- [blog] [restartedMain] org.hibernate.SQL                        : 
    insert 
    into
        tipo_solo_terrabyte
        (nome_sol, id) 
    values
        (?, ?)
2026-06-03T00:35:19.377-03:00 TRACE 11672 --- [blog] [restartedMain] o.s.t.i.TransactionInterceptor           : Getting transaction for [org.springframework.data.jpa.repository.support.SimpleJpaRepository.save]
2026-06-03T00:35:19.378-03:00 DEBUG 11672 --- [blog] [restartedMain] org.hibernate.SQL                        : 
    select
        ts1_0.id,
        ts1_0.nome_sol 
    from
        tipo_solo_terrabyte ts1_0 
    where
        ts1_0.id=?
2026-06-03T00:35:19.379-03:00 TRACE 11672 --- [blog] [restartedMain] o.s.t.i.TransactionInterceptor           : Completing transaction for [org.springframework.data.jpa.repository.support.SimpleJpaRepository.save]
2026-06-03T00:35:19.380-03:00 DEBUG 11672 --- [blog] [restartedMain] org.hibernate.SQL                        : 
    insert 
    into
        tipo_solo_terrabyte
        (nome_sol, id) 
    values
        (?, ?)
2026-06-03T00:35:19.381-03:00 TRACE 11672 --- [blog] [restartedMain] o.s.t.i.TransactionInterceptor           : Getting transaction for [org.springframework.data.jpa.repository.support.SimpleJpaRepository.save]
2026-06-03T00:35:19.382-03:00 DEBUG 11672 --- [blog] [restartedMain] org.hibernate.SQL                        : 
    select
        ts1_0.id,
        ts1_0.nome_sol 
    from
        tipo_solo_terrabyte ts1_0 
    where
        ts1_0.id=?
2026-06-03T00:35:19.383-03:00 TRACE 11672 --- [blog] [restartedMain] o.s.t.i.TransactionInterceptor           : Completing transaction for [org.springframework.data.jpa.repository.support.SimpleJpaRepository.save]
2026-06-03T00:35:19.383-03:00 DEBUG 11672 --- [blog] [restartedMain] org.hibernate.SQL                        : 
    insert 
    into
        tipo_solo_terrabyte
        (nome_sol, id) 
    values
        (?, ?)
2026-06-03T00:35:19.386-03:00 TRACE 11672 --- [blog] [restartedMain] o.s.t.i.TransactionInterceptor           : Getting transaction for [org.springframework.data.jpa.repository.support.SimpleJpaRepository.save]
2026-06-03T00:35:19.387-03:00 DEBUG 11672 --- [blog] [restartedMain] org.hibernate.SQL                        : 
    select
        ts1_0.id,
        ts1_0.nome_sol 
    from
        tipo_solo_terrabyte ts1_0 
    where
        ts1_0.id=?
2026-06-03T00:35:19.387-03:00 TRACE 11672 --- [blog] [restartedMain] o.s.t.i.TransactionInterceptor           : Completing transaction for [org.springframework.data.jpa.repository.support.SimpleJpaRepository.save]
2026-06-03T00:35:19.388-03:00 DEBUG 11672 --- [blog] [restartedMain] org.hibernate.SQL                        : 
    insert 
    into
        tipo_solo_terrabyte
        (nome_sol, id) 
    values
        (?, ?)
2026-06-03T00:35:19.390-03:00 TRACE 11672 --- [blog] [restartedMain] o.s.t.i.TransactionInterceptor           : Getting transaction for [org.springframework.data.jpa.repository.support.SimpleJpaRepository.save]
2026-06-03T00:35:19.390-03:00 DEBUG 11672 --- [blog] [restartedMain] org.hibernate.SQL                        : 
    select
        ts1_0.id,
        ts1_0.nome_sol 
    from
        tipo_solo_terrabyte ts1_0 
    where
        ts1_0.id=?
2026-06-03T00:35:19.391-03:00 TRACE 11672 --- [blog] [restartedMain] o.s.t.i.TransactionInterceptor           : Completing transaction for [org.springframework.data.jpa.repository.support.SimpleJpaRepository.save]
2026-06-03T00:35:19.393-03:00 DEBUG 11672 --- [blog] [restartedMain] org.hibernate.SQL                        : 
    insert 
    into
        tipo_solo_terrabyte
        (nome_sol, id) 
    values
        (?, ?)
2026-06-03T00:35:19.395-03:00 TRACE 11672 --- [blog] [restartedMain] o.s.t.i.TransactionInterceptor           : Getting transaction for [org.springframework.data.jpa.repository.support.SimpleJpaRepository.save]
2026-06-03T00:35:19.396-03:00 DEBUG 11672 --- [blog] [restartedMain] org.hibernate.SQL                        : 
    select
        ts1_0.id,
        ts1_0.nome_sol 
    from
        tipo_solo_terrabyte ts1_0 
    where
        ts1_0.id=?
2026-06-03T00:35:19.397-03:00 TRACE 11672 --- [blog] [restartedMain] o.s.t.i.TransactionInterceptor           : Completing transaction for [org.springframework.data.jpa.repository.support.SimpleJpaRepository.save]
2026-06-03T00:35:19.400-03:00 DEBUG 11672 --- [blog] [restartedMain] org.hibernate.SQL                        : 
    insert 
    into
        tipo_solo_terrabyte
        (nome_sol, id) 
    values
        (?, ?)
2026-06-03T00:35:19.401-03:00 TRACE 11672 --- [blog] [restartedMain] o.s.t.i.TransactionInterceptor           : Getting transaction for [org.springframework.data.jpa.repository.support.SimpleJpaRepository.save]
2026-06-03T00:35:19.401-03:00 DEBUG 11672 --- [blog] [restartedMain] org.hibernate.SQL                        : 
    select
        ts1_0.id,
        ts1_0.nome_sol 
    from
        tipo_solo_terrabyte ts1_0 
    where
        ts1_0.id=?
2026-06-03T00:35:19.401-03:00 TRACE 11672 --- [blog] [restartedMain] o.s.t.i.TransactionInterceptor           : Completing transaction for [org.springframework.data.jpa.repository.support.SimpleJpaRepository.save]
2026-06-03T00:35:19.403-03:00 DEBUG 11672 --- [blog] [restartedMain] org.hibernate.SQL                        : 
    insert 
    into
        tipo_solo_terrabyte
        (nome_sol, id) 
    values
        (?, ?)
2026-06-03T00:35:19.408-03:00 TRACE 11672 --- [blog] [restartedMain] o.s.t.i.TransactionInterceptor           : Getting transaction for [org.springframework.data.jpa.repository.support.SimpleJpaRepository.save]
2026-06-03T00:35:19.409-03:00 DEBUG 11672 --- [blog] [restartedMain] org.hibernate.SQL                        : 
    select
        ts1_0.id,
        ts1_0.nome_sol 
    from
        tipo_solo_terrabyte ts1_0 
    where
        ts1_0.id=?
2026-06-03T00:35:19.410-03:00 TRACE 11672 --- [blog] [restartedMain] o.s.t.i.TransactionInterceptor           : Completing transaction for [org.springframework.data.jpa.repository.support.SimpleJpaRepository.save]
2026-06-03T00:35:19.412-03:00 DEBUG 11672 --- [blog] [restartedMain] org.hibernate.SQL                        : 
    insert 
    into
        tipo_solo_terrabyte
        (nome_sol, id) 
    values
        (?, ?)
2026-06-03T00:35:19.413-03:00 TRACE 11672 --- [blog] [restartedMain] o.s.t.i.TransactionInterceptor           : Getting transaction for [org.springframework.data.jpa.repository.support.SimpleJpaRepository.save]
2026-06-03T00:35:19.413-03:00 DEBUG 11672 --- [blog] [restartedMain] org.hibernate.SQL                        : 
    select
        ts1_0.id,
        ts1_0.nome_sol 
    from
        tipo_solo_terrabyte ts1_0 
    where
        ts1_0.id=?
2026-06-03T00:35:19.414-03:00 TRACE 11672 --- [blog] [restartedMain] o.s.t.i.TransactionInterceptor           : Completing transaction for [org.springframework.data.jpa.repository.support.SimpleJpaRepository.save]
2026-06-03T00:35:19.415-03:00 DEBUG 11672 --- [blog] [restartedMain] org.hibernate.SQL                        : 
    insert 
    into
        tipo_solo_terrabyte
        (nome_sol, id) 
    values
        (?, ?)
2026-06-03T00:35:19.416-03:00 TRACE 11672 --- [blog] [restartedMain] o.s.t.i.TransactionInterceptor           : Getting transaction for [org.springframework.data.jpa.repository.support.SimpleJpaRepository.save]
2026-06-03T00:35:19.416-03:00 DEBUG 11672 --- [blog] [restartedMain] org.hibernate.SQL                        : 
    select
        ts1_0.id,
        ts1_0.nome_sol 
    from
        tipo_solo_terrabyte ts1_0 
    where
        ts1_0.id=?
2026-06-03T00:35:19.417-03:00 TRACE 11672 --- [blog] [restartedMain] o.s.t.i.TransactionInterceptor           : Completing transaction for [org.springframework.data.jpa.repository.support.SimpleJpaRepository.save]
2026-06-03T00:35:19.419-03:00 DEBUG 11672 --- [blog] [restartedMain] org.hibernate.SQL                        : 
    insert 
    into
        tipo_solo_terrabyte
        (nome_sol, id) 
    values
        (?, ?)
2026-06-03T00:35:19.420-03:00 TRACE 11672 --- [blog] [restartedMain] o.s.t.i.TransactionInterceptor           : Getting transaction for [org.springframework.data.jpa.repository.support.SimpleJpaRepository.save]
2026-06-03T00:35:19.421-03:00 DEBUG 11672 --- [blog] [restartedMain] org.hibernate.SQL                        : 
    select
        ts1_0.id,
        ts1_0.nome_sol 
    from
        tipo_solo_terrabyte ts1_0 
    where
        ts1_0.id=?
2026-06-03T00:35:19.422-03:00 TRACE 11672 --- [blog] [restartedMain] o.s.t.i.TransactionInterceptor           : Completing transaction for [org.springframework.data.jpa.repository.support.SimpleJpaRepository.save]
2026-06-03T00:35:19.422-03:00 DEBUG 11672 --- [blog] [restartedMain] org.hibernate.SQL                        : 
    insert 
    into
        tipo_solo_terrabyte
        (nome_sol, id) 
    values
        (?, ?)
2026-06-03T00:35:19.423-03:00 TRACE 11672 --- [blog] [restartedMain] o.s.t.i.TransactionInterceptor           : Getting transaction for [org.springframework.data.jpa.repository.support.SimpleJpaRepository.save]
2026-06-03T00:35:19.424-03:00 DEBUG 11672 --- [blog] [restartedMain] org.hibernate.SQL                        : 
    select
        ts1_0.id,
        ts1_0.nome_sol 
    from
        tipo_solo_terrabyte ts1_0 
    where
        ts1_0.id=?
2026-06-03T00:35:19.425-03:00 TRACE 11672 --- [blog] [restartedMain] o.s.t.i.TransactionInterceptor           : Completing transaction for [org.springframework.data.jpa.repository.support.SimpleJpaRepository.save]
2026-06-03T00:35:19.425-03:00 DEBUG 11672 --- [blog] [restartedMain] org.hibernate.SQL                        : 
    insert 
    into
        tipo_solo_terrabyte
        (nome_sol, id) 
    values
        (?, ?)
2026-06-03T00:35:19.426-03:00 TRACE 11672 --- [blog] [restartedMain] o.s.t.i.TransactionInterceptor           : Getting transaction for [org.springframework.data.jpa.repository.support.SimpleJpaRepository.save]
2026-06-03T00:35:19.427-03:00 DEBUG 11672 --- [blog] [restartedMain] org.hibernate.SQL                        : 
    select
        ts1_0.id,
        ts1_0.nome_sol 
    from
        tipo_solo_terrabyte ts1_0 
    where
        ts1_0.id=?
2026-06-03T00:35:19.427-03:00 TRACE 11672 --- [blog] [restartedMain] o.s.t.i.TransactionInterceptor           : Completing transaction for [org.springframework.data.jpa.repository.support.SimpleJpaRepository.save]
2026-06-03T00:35:19.428-03:00 DEBUG 11672 --- [blog] [restartedMain] org.hibernate.SQL                        : 
    insert 
    into
        tipo_solo_terrabyte
        (nome_sol, id) 
    values
        (?, ?)
2026-06-03T00:35:19.430-03:00 TRACE 11672 --- [blog] [restartedMain] o.s.t.i.TransactionInterceptor           : Getting transaction for [org.springframework.data.jpa.repository.support.SimpleJpaRepository.save]
2026-06-03T00:35:19.433-03:00 DEBUG 11672 --- [blog] [restartedMain] org.hibernate.SQL                        : 
    select
        ts1_0.id,
        ts1_0.nome_sol 
    from
        tipo_solo_terrabyte ts1_0 
    where
        ts1_0.id=?
2026-06-03T00:35:19.434-03:00 TRACE 11672 --- [blog] [restartedMain] o.s.t.i.TransactionInterceptor           : Completing transaction for [org.springframework.data.jpa.repository.support.SimpleJpaRepository.save]
2026-06-03T00:35:19.445-03:00 DEBUG 11672 --- [blog] [restartedMain] org.hibernate.SQL                        : 
    insert 
    into
        tipo_solo_terrabyte
        (nome_sol, id) 
    values
        (?, ?)
2026-06-03T00:35:26.470-03:00  INFO 11672 --- [blog] [http-nio-8080-exec-9] o.springdoc.api.AbstractOpenApiResource  : Init duration for springdoc-openapi is: 809 ms
2026-06-03T00:35:36.745-03:00 TRACE 11672 --- [blog] [http-nio-8080-exec-10] o.s.t.i.TransactionInterceptor           : Getting transaction for [br.com.fiap.javaadv.blog.backend.services.EnderecoPlanServiceImp.create]
2026-06-03T00:37:59.717-03:00  INFO 11672 --- [blog] [SpringApplicationShutdownHook] o.s.b.w.e.tomcat.GracefulShutdown        : Commencing graceful shutdown. Waiting for active requests to complete
